{"parent":"item/wynn/template/weapon","textures":{"0":"wynn/weapon/shaman/air_tier_b_0","1":"wynn/weapon/shaman/air_tier_a_0","2":"wynn/weapon/shaman/air_tier_b_1","3":"wynn/weapon/anim/air_vertical","particle":"wynn/weapon/shaman/air_tier_b_0"},"elements":[{"from":[4,19.5,4],"to":[12,27.5,12],"rotation":{"angle":-22.5,"axis":"y","origin":[8,18.5,8]},"faces":{"north":{"uv":[8,4,12,8],"texture":"#3"},"east":{"uv":[4,4,8,8],"texture":"#3"},"south":{"uv":[0,4,4,8],"texture":"#3"},"west":{"uv":[12,4,16,8],"texture":"#3"}}},{"from":[4,15.5,4],"to":[12,23.5,12],"rotation":{"angle":22.5,"axis":"y","origin":[8,18.5,8]},"faces":{"north":{"uv":[4,4,8,8],"texture":"#3"},"east":{"uv":[0,4,4,8],"texture":"#3"},"south":{"uv":[12,4,16,8],"texture":"#3"},"west":{"uv":[8,4,12,8],"texture":"#3"}}},{"from":[4,11.5,4],"to":[12,19.5,12],"rotation":{"angle":-22.5,"axis":"y","origin":[8,18.5,8]},"faces":{"north":{"uv":[12,4,16,8],"texture":"#3"},"east":{"uv":[8,4,12,8],"texture":"#3"},"south":{"uv":[4,4,8,8],"texture":"#3"},"west":{"uv":[0,4,4,8],"texture":"#3"}}},{"from":[11.5,15,6.9],"to":[17.5,23,9],"faces":{"north":{"uv":[16,0,10,8],"texture":"#1"},"south":{"uv":[10,0,16,8],"texture":"#1"}}},{"from":[10.5,15,7.4],"to":[18.5,27,8.5],"faces":{"north":{"uv":[10,0,2,12],"texture":"#1"},"south":{"uv":[2,0,10,12],"texture":"#1"}}},{"from":[10.5,16,7.9],"to":[20.5,32,8],"faces":{"north":{"uv":[10,0,0,16],"texture":"#1"},"south":{"uv":[0,0,10,16],"texture":"#1"}}},{"from":[-1.5,15,7],"to":[4.5,23,9.1],"faces":{"north":{"uv":[10,0,16,8],"texture":"#1"},"south":{"uv":[16,0,10,8],"texture":"#1"}}},{"from":[-2.5,15,7.5],"to":[5.5,27,8.6],"faces":{"north":{"uv":[2,0,10,12],"texture":"#1"},"south":{"uv":[10,0,2,12],"texture":"#1"}}},{"from":[-4.5,16,8],"to":[5.5,32,8.1],"faces":{"north":{"uv":[0,0,10,16],"texture":"#1"},"south":{"uv":[10,0,0,16],"texture":"#1"}}},{"from":[2,7,7],"to":[9,9,9],"rotation":{"angle":0,"axis":"y","origin":[10,9,8]},"faces":{"north":{"uv":[0,9,7,11],"texture":"#2"},"south":{"uv":[7,9,0,11],"texture":"#2"},"west":{"uv":[6,9,7,11],"texture":"#2"},"up":{"uv":[0,7,7,9],"rotation":180,"texture":"#2"},"down":{"uv":[0,11,7,13],"rotation":180,"texture":"#2"}}},{"from":[0,11,7],"to":[7,13,9],"rotation":{"angle":0,"axis":"y","origin":[10,9,8]},"faces":{"north":{"uv":[0,9,7,11],"texture":"#2"},"south":{"uv":[7,9,0,11],"texture":"#2"},"west":{"uv":[6,9,7,11],"texture":"#2"},"up":{"uv":[0,7,7,9],"rotation":180,"texture":"#2"},"down":{"uv":[0,11,7,13],"rotation":180,"texture":"#2"}}},{"from":[1,9,7],"to":[8,11,9],"rotation":{"angle":0,"axis":"y","origin":[10,9,8]},"faces":{"north":{"uv":[0,9,7,11],"texture":"#2"},"south":{"uv":[7,9,0,11],"texture":"#2"},"west":{"uv":[6,9,7,11],"texture":"#2"},"up":{"uv":[0,7,7,9],"rotation":180,"texture":"#2"},"down":{"uv":[0,11,7,13],"rotation":180,"texture":"#2"}}},{"from":[7,7,7],"to":[14,9,9],"rotation":{"angle":0,"axis":"y","origin":[6,9,8]},"faces":{"north":{"uv":[7,9,0,11],"texture":"#2"},"east":{"uv":[6,9,7,11],"texture":"#2"},"south":{"uv":[0,9,7,11],"texture":"#2"},"up":{"uv":[0,7,7,9],"texture":"#2"},"down":{"uv":[0,11,7,13],"texture":"#2"}}},{"from":[9,11,7],"to":[16,13,9],"rotation":{"angle":0,"axis":"y","origin":[6,9,8]},"faces":{"north":{"uv":[7,9,0,11],"texture":"#2"},"east":{"uv":[6,9,7,11],"texture":"#2"},"south":{"uv":[0,9,7,11],"texture":"#2"},"up":{"uv":[0,7,7,9],"texture":"#2"},"down":{"uv":[0,11,7,13],"texture":"#2"}}},{"from":[8,9,7],"to":[15,11,9],"rotation":{"angle":0,"axis":"y","origin":[6,9,8]},"faces":{"north":{"uv":[7,9,0,11],"texture":"#2"},"east":{"uv":[6,9,7,11],"texture":"#2"},"south":{"uv":[0,9,7,11],"texture":"#2"},"up":{"uv":[0,7,7,9],"texture":"#2"},"down":{"uv":[0,11,7,13],"texture":"#2"}}},{"from":[4.5,5,4.5],"to":[11.5,13,11.5],"faces":{"north":{"uv":[8,8,16,16],"texture":"#2"},"east":{"uv":[8,8,16,16],"texture":"#2"},"south":{"uv":[8,8,16,16],"texture":"#2"},"west":{"uv":[8,8,16,16],"texture":"#2"}}},{"from":[5.5,17,3.5],"to":[10.5,22,12.5],"rotation":{"angle":0,"axis":"y","origin":[8,10,8]},"faces":{"north":{"uv":[9,11,14,16],"texture":"#0"},"east":{"uv":[14,11,9,16],"texture":"#0"},"south":{"uv":[9,11,14,16],"texture":"#0"},"west":{"uv":[14,11,9,16],"texture":"#0"},"up":{"uv":[9,11,14,12],"texture":"#0"},"down":{"uv":[9,15,14,16],"texture":"#0"}}},{"from":[4.5,16,4.5],"to":[11.5,23,11.5],"rotation":{"angle":0,"axis":"y","origin":[8,10,8]},"faces":{"north":{"uv":[0,0,7,7],"texture":"#2"},"east":{"uv":[0,0,7,7],"texture":"#2"},"south":{"uv":[0,0,7,7],"texture":"#2"},"west":{"uv":[0,0,7,7],"texture":"#2"},"up":{"uv":[7,0,14,7],"texture":"#2"},"down":{"uv":[0,0,7,7],"texture":"#2"}}},{"from":[5.5,15,5.5],"to":[10.5,16,10.5],"faces":{"north":{"uv":[9,10,14,11],"texture":"#0"},"east":{"uv":[9,10,14,11],"texture":"#0"},"south":{"uv":[9,10,14,11],"texture":"#0"},"west":{"uv":[9,10,14,11],"texture":"#0"}}},{"from":[4,13,4],"to":[12,15,12],"rotation":{"angle":0,"axis":"y","origin":[8,10,8]},"faces":{"north":{"uv":[8,1,0,3],"texture":"#2"},"east":{"uv":[8,1,0,3],"texture":"#2"},"south":{"uv":[8,1,0,3],"texture":"#2"},"west":{"uv":[8,1,0,3],"texture":"#2"},"up":{"uv":[8,0,0,7],"texture":"#2"},"down":{"uv":[8,0,0,7],"texture":"#2"}}},{"from":[4.5,1,4.5],"to":[11.5,3,11.5],"rotation":{"angle":0,"axis":"y","origin":[8,7,8]},"faces":{"north":{"uv":[0,1,7,3],"texture":"#2"},"east":{"uv":[0,1,7,3],"texture":"#2"},"south":{"uv":[0,1,7,3],"texture":"#2"},"west":{"uv":[0,1,7,3],"texture":"#2"},"up":{"uv":[7,0,14,7],"texture":"#2"},"down":{"uv":[0,0,7,7],"texture":"#2"}}},{"from":[5,3,5],"to":[11,13,11],"rotation":{"angle":0,"axis":"y","origin":[8,7,8]},"faces":{"north":{"uv":[9,0,15,10],"texture":"#0"},"east":{"uv":[9,0,15,10],"texture":"#0"},"south":{"uv":[9,0,15,10],"texture":"#0"},"west":{"uv":[9,0,15,10],"texture":"#0"}}},{"from":[5.5,-6,5.5],"to":[10.5,2,10.5],"rotation":{"angle":0,"axis":"y","origin":[8,7,8]},"faces":{"north":{"uv":[4,0,9,8],"texture":"#0"},"east":{"uv":[4,8,9,16],"texture":"#0"},"south":{"uv":[4,0,9,8],"texture":"#0"},"west":{"uv":[4,8,9,16],"texture":"#0"},"down":{"uv":[4,2,9,7],"texture":"#0"}}},{"from":[6,-15,6],"to":[10,-6,10],"rotation":{"angle":0,"axis":"y","origin":[8,7,8]},"faces":{"north":{"uv":[0,0,4,9],"texture":"#0"},"east":{"uv":[0,0,4,9],"texture":"#0"},"south":{"uv":[0,0,4,9],"texture":"#0"},"west":{"uv":[0,0,4,9],"texture":"#0"},"down":{"uv":[0,9,4,13],"texture":"#0"}}}],"display":{"thirdperson_righthand":{"rotation":[5,100,0],"translation":[-0.5,5,2],"scale":[0.4,0.4,0.4]},"thirdperson_lefthand":{"rotation":[5,100,0],"translation":[-0.5,5,2],"scale":[0.4,0.4,0.4]},"firstperson_righthand":{"rotation":[-5,110,0],"translation":[4,3,-4],"scale":[0.6,0.6,0.6]},"firstperson_lefthand":{"rotation":[-5,110,0],"translation":[4,3,-4],"scale":[0.6,0.6,0.6]},"ground":{"rotation":[45,45,0],"translation":[0,5,0],"scale":[0.35,0.35,0.35]},"gui":{"rotation":[-20,160,30],"translation":[-0.5,-0.5,0],"scale":[0.4,0.4,0.4]},"fixed":{"translation":[0,0.5,-1.25],"scale":[0.5,0.5,0.5]}}}