{"display":{"gui":{"translation":[24,24,24]},"head":{"scale":[4,4,4],"translation":[80,73.6,80]}},"elements":[{"faces":{"down":{"texture":"#0","uv":[5.75,0,4,2.25]},"east":{"texture":"#0","uv":[0,2.25,2.25,3.75]},"north":{"texture":"#0","uv":[2.25,2.25,4,3.75]},"south":{"texture":"#0","uv":[6.25,2.25,8,3.75]},"up":{"texture":"#0","uv":[4,2.25,2.25,0]},"west":{"texture":"#0","uv":[4,2.25,6.25,3.75]}},"from":[-16,-16,-16],"shade":false,"to":[-13.2,-13.6,-12.4]}],"overrides":[],"textures":{"0":"item/w746007989_0"}}