{"display":{"gui":{"translation":[24,24,24]},"head":{"scale":[4,4,4],"translation":[80,73.6,80]}},"elements":[{"faces":{"down":{"texture":"#0","uv":[9.75,3.75,9.5,5.25]},"east":{"texture":"#0","uv":[7.75,5.25,9.25,6]},"north":{"texture":"#0","uv":[9.25,5.25,9.5,6]},"south":{"texture":"#0","uv":[11,5.25,11.25,6]},"up":{"texture":"#0","uv":[9.5,5.25,9.25,3.75]},"west":{"texture":"#0","uv":[9.5,5.25,11,6]}},"from":[-15.9,-15.5,-16],"shade":false,"to":[-15.5,-14.3,-13.6]},{"faces":{"down":{"texture":"#0","uv":[12.5,1.75,12.5,3.5]},"east":{"texture":"#0","uv":[10.75,3.5,12.5,4.5]},"north":{"texture":"#0","uv":[12.5,3.5,12.5,4.5]},"south":{"texture":"#0","uv":[14.25,3.5,14.25,4.5]},"up":{"texture":"#0","uv":[12.5,3.5,12.5,1.75]},"west":{"texture":"#0","uv":[12.5,3.5,14.25,4.5]}},"from":[-16,-16,-15.9],"shade":false,"to":[-16,-14.4,-13.099999]}],"overrides":[],"textures":{"0":"item/w638910535_0"}}