{"display":{"gui":{"translation":[24,24,24]},"head":{"scale":[4,4,4],"translation":[80,73.6,80]}},"elements":[{"faces":{"down":{"texture":"#0","uv":[1.25,0.75,0.75,1]},"east":{"texture":"#0","uv":[0,1,0.25,1.5]},"north":{"texture":"#0","uv":[0.25,1,0.75,1.5]},"south":{"texture":"#0","uv":[1,1,1.5,1.5]},"up":{"texture":"#0","uv":[0.75,1,0.25,0.75]},"west":{"texture":"#0","uv":[0.75,1,1,1.5]}},"from":[-16,-16,-16],"shade":false,"to":[-14.8,-14.799999,-15.6]}],"overrides":[],"textures":{"0":"item/w387800523_3"}}