{"display":{"gui":{"translation":[24,24,24]},"head":{"scale":[4,4,4],"translation":[80,73.6,80]}},"elements":[{"faces":{"down":{"texture":"#0","uv":[1.25,0,0.75,0.25]},"east":{"texture":"#0","uv":[0,0.25,0.25,0.75]},"north":{"texture":"#0","uv":[0.25,0.25,0.75,0.75]},"south":{"texture":"#0","uv":[1,0.25,1.5,0.75]},"up":{"texture":"#0","uv":[0.75,0.25,0.25,0]},"west":{"texture":"#0","uv":[0.75,0.25,1,0.75]}},"from":[-16,-16,-16],"shade":false,"to":[-14.8,-14.8,-15.6]}],"overrides":[],"textures":{"0":"item/w387800523_3"}}