{"display":{"gui":{"translation":[24,24,24]},"head":{"scale":[4,4,4],"translation":[80,73.6,80]}},"elements":[{"faces":{"down":{"texture":"#0","uv":[11.5,9,11,13.5]},"east":{"texture":"#0","uv":[6,13.5,10.5,15]},"north":{"texture":"#0","uv":[10.5,13.5,11,15]},"south":{"texture":"#0","uv":[15.5,13.5,16,15]},"up":{"texture":"#0","uv":[11,13.5,10.5,9]},"west":{"texture":"#0","uv":[11,13.5,15.5,15]}},"from":[-16,-16,-16],"shade":false,"to":[-15.6,-14.8,-12.4]}],"overrides":[],"textures":{"0":"item/w1493995275_0"}}