{"display":{"gui":{"translation":[24,24,24]},"head":{"scale":[4,4,4],"translation":[80,73.6,80]}},"elements":[{"faces":{"down":{"texture":"#0","uv":[6.375,5,5.5,5.25]},"east":{"texture":"#0","uv":[5.25,5.25,5.5,5.25]},"north":{"texture":"#0","uv":[5.5,5.25,6.375,5.25]},"south":{"texture":"#0","uv":[6.625,5.25,7.5,5.25]},"up":{"texture":"#0","uv":[6.375,5.25,5.5,5]},"west":{"texture":"#0","uv":[6.375,5.25,6.625,5.25]}},"from":[-16,-16,-16],"shade":false,"to":[-13.2,-16,-15.2]}],"overrides":[],"textures":{"0":"item/w910796284_1"}}