{"display":{"gui":{"translation":[24,24,24]},"head":{"scale":[4,4,4],"translation":[80,73.6,80]}},"elements":[{"faces":{"down":{"texture":"#0","uv":[9,0,6,3]},"east":{"texture":"#0","uv":[0,3,3,6]},"north":{"texture":"#0","uv":[3,3,6,6]},"south":{"texture":"#0","uv":[9,3,12,6]},"up":{"texture":"#0","uv":[6,3,3,0]},"west":{"texture":"#0","uv":[6,3,9,6]}},"from":[-15.882843,-16,-16],"rotation":{"angle":45,"axis":"z","origin":[-15.082843,-15.2,-15.6],"rescale":false},"shade":false,"to":[-13.482843,-13.6,-13.6]},{"faces":{"down":{"texture":"#0","uv":[13,0,12,2]},"east":{"texture":"#0","uv":[9,2,11,3]},"south":{"texture":"#0","uv":[14,2,15,3]},"up":{"texture":"#0","uv":[12,2,11,0]}},"from":[-14.282843,-14.4,-13.6],"rotation":{"angle":45,"axis":"z","origin":[-15.082843,-15.2,-12.4],"rescale":false},"shade":false,"to":[-13.482842,-13.599999,-12]},{"faces":{"down":{"texture":"#0","uv":[13,6,14.5,7.5]},"up":{"texture":"#0","uv":[11.5,7.5,13,6]}},"from":[-15.365685,-14.682842,-13.6],"rotation":{"angle":45,"axis":"z","origin":[-15.365685,-15.482842,-15.6],"rescale":false},"shade":false,"to":[-14.165686,-13.882842,-12.400001]},{"faces":{"down":{"texture":"#0","uv":[14.5,6,13,7.5]},"up":{"texture":"#0","uv":[13,7.5,11.5,6]}},"from":[-16,-14.682842,-13.6],"rotation":{"angle":-45,"axis":"z","origin":[-14.8,-15.482842,-15.6],"rescale":false},"shade":false,"to":[-14.8,-13.882842,-12.400001]}],"overrides":[],"textures":{"0":"item/w1615064312_0"}}