{"display":{"gui":{"translation":[24,24,24]},"head":{"scale":[4,4,4],"translation":[80,73.6,80]}},"elements":[{"faces":{"down":{"texture":"#0","uv":[10.5,0,10,0.5]},"east":{"texture":"#0","uv":[9,0.5,9.5,1]},"north":{"texture":"#0","uv":[9.5,0.5,10,1]},"south":{"texture":"#0","uv":[10.5,0.5,11,1]},"up":{"texture":"#0","uv":[10,0.5,9.5,0]},"west":{"texture":"#0","uv":[10,0.5,10.5,1]}},"from":[-16,-16,-16],"shade":false,"to":[-15.6,-15.52,-15.52]}],"overrides":[],"textures":{"0":"item/w1615064312_0"}}