{"display":{"gui":{"translation":[24,24,24]},"head":{"scale":[4,4,4],"translation":[80,73.6,80]}},"elements":[{"faces":{"north":{"texture":"#0","uv":[10,0,11.25,2]},"south":{"texture":"#0","uv":[11.25,0,10,2]}},"from":[-16,-16,-16],"rotation":{"angle":45,"axis":"y","origin":[-14,-12.8,-16],"rescale":false},"shade":false,"to":[-12,-9.6,-16]},{"faces":{"north":{"texture":"#0","uv":[10,0,11.25,2]},"south":{"texture":"#0","uv":[11.25,0,10,2]}},"from":[-16,-16,-16],"rotation":{"angle":-45,"axis":"y","origin":[-14,-12.8,-16],"rescale":false},"shade":false,"to":[-12,-9.6,-16]}],"overrides":[],"textures":{"0":"item/w1995941004_0"}}