{"display":{"gui":{"translation":[24,24,24]},"head":{"scale":[4,4,4],"translation":[80,73.6,80]}},"elements":[{"faces":{"down":{"texture":"#0","uv":[11,12,10,13]},"east":{"texture":"#0","uv":[8,13,9,16]},"north":{"texture":"#0","uv":[9,13,10,16]},"south":{"texture":"#0","uv":[11,13,12,16]},"up":{"texture":"#0","uv":[10,13,9,12]},"west":{"texture":"#0","uv":[10,13,11,16]}},"from":[-15.9,-15.9,-15.9],"shade":false,"to":[-14.299999,-11.099999,-14.299999]},{"faces":{"down":{"texture":"#0","uv":[15,12,14,13]},"east":{"texture":"#0","uv":[12,13,13,16]},"north":{"texture":"#0","uv":[13,13,14,16]},"south":{"texture":"#0","uv":[15,13,16,16]},"up":{"texture":"#0","uv":[14,13,13,12]},"west":{"texture":"#0","uv":[14,13,15,16]}},"from":[-16,-16,-16],"shade":false,"to":[-14.2,-11,-14.2]}],"overrides":[],"textures":{"0":"item/w655578069_0"}}