{"display":{"gui":{"translation":[24,24,24]},"head":{"scale":[4,4,4],"translation":[80,73.6,80]}},"elements":[{"faces":{"down":{"texture":"#0","uv":[9.6875,3.5625,9.6875,3.5625]},"east":{"texture":"#0","uv":[9.6875,3.5625,9.6875,3.5625]},"north":{"texture":"#0","uv":[9.6875,3.5625,9.6875,3.5625]},"south":{"texture":"#0","uv":[9.6875,3.5625,9.6875,3.5625]},"up":{"texture":"#0","uv":[9.6875,3.5625,9.6875,3.5625]},"west":{"texture":"#0","uv":[9.6875,3.5625,9.6875,3.5625]}},"from":[-16,-16,-16],"shade":false,"to":[-15.8,-16,-15.8]}],"overrides":[],"textures":{"0":"item/w579610860_0"}}