{"display":{"gui":{"translation":[24,24,24]},"head":{"scale":[4,4,4],"translation":[80,73.6,80]}},"elements":[{"faces":{"down":{"texture":"#0","uv":[12,0,10,3.5]},"east":{"texture":"#0","uv":[4.5,3.5,8,5.25]},"north":{"texture":"#0","uv":[8,3.5,10,5.25]},"south":{"texture":"#0","uv":[13.5,3.5,15.5,5.25]},"up":{"texture":"#0","uv":[10,3.5,8,0]},"west":{"texture":"#0","uv":[10,3.5,13.5,5.25]}},"from":[-16,-16,-16],"shade":false,"to":[-12.8,-13.2,-10.4]}],"overrides":[],"textures":{"0":"item/w280473093_0"}}