{"display":{"gui":{"translation":[24,24,24]},"head":{"scale":[4,4,4],"translation":[80,73.6,80]}},"elements":[{"faces":{"down":{"texture":"#0","uv":[6,5.4375,3,8.4375]},"east":{"texture":"#0","uv":[0,8.5,3,11.5]},"north":{"texture":"#0","uv":[3,8.5,6,11.5]},"south":{"texture":"#0","uv":[3,8.5,6,11.5]},"up":{"texture":"#0","uv":[3,8.4375,0,5.4375]},"west":{"texture":"#0","uv":[3,8.5,0,11.5]}},"from":[-14,-11.171021,-16],"shade":false,"to":[5.200001,8.028979,3.2000008]},{"faces":{"down":{"texture":"#0","uv":[11.1875,1.125,11.8125,2.25]},"north":{"texture":"#0","uv":[11.1875,0,10.5625,4.5]},"south":{"texture":"#0","uv":[10.5625,0,11.1875,4.5]},"up":{"texture":"#0","uv":[11.1875,1.125,11.8125,0]}},"from":[-6.3838987,-16,-5.2040005],"rotation":{"angle":-45,"axis":"z","origin":[-4.3999996,-1.571022,-1.6000004],"rescale":false},"shade":false,"to":[-2.4161005,12.857956,2.0039997]},{"faces":{"down":{"texture":"#0","uv":[11.8125,1.125,11.1875,2.25]},"north":{"texture":"#0","uv":[10.5625,0,11.1875,4.5]},"south":{"texture":"#0","uv":[11.1875,0,10.5625,4.5]},"up":{"texture":"#0","uv":[11.8125,1.125,11.1875,0]}},"from":[-6.3838987,-16,-5.2040005],"rotation":{"angle":45,"axis":"z","origin":[-4.3999996,-1.571022,-1.6000004],"rescale":false},"shade":false,"to":[-2.4161005,12.857956,2.0039997]},{"faces":{"down":{"texture":"#0","uv":[7.8125,3.875,5.0625,5]},"east":{"texture":"#0","uv":[0.5625,2,1.6875,5.375]},"north":{"texture":"#0","uv":[7.8125,0,10.5625,3.625]},"south":{"texture":"#0","uv":[7.8125,0,10.5625,3.625]},"up":{"texture":"#0","uv":[7.8125,1.125,5.0625,0]},"west":{"texture":"#0","uv":[1.6875,2,0.5625,5.375]}},"from":[-13.2,-13.171021,-5.2],"shade":false,"to":[4.4000006,10.028979,2]},{"faces":{"down":{"texture":"#0","uv":[5.0625,3.875,1.6875,5]},"east":{"texture":"#0","uv":[5.3125,1.125,6.4375,3.875]},"north":{"texture":"#0","uv":[1.6875,1.125,5.3125,3.875]},"south":{"texture":"#0","uv":[1.6875,1.125,5.3125,3.875]},"up":{"texture":"#0","uv":[5.0625,1.125,1.6875,0]},"west":{"texture":"#0","uv":[6.4375,1.125,5.3125,3.875]}},"from":[-16,-10.371021,-5.2],"shade":false,"to":[7.200001,7.228979,2]},{"faces":{"down":{"texture":"#0","uv":[5.0625,3.875,1.6875,5]},"east":{"texture":"#0","uv":[11.8125,0,12.9375,2.75]},"north":{"texture":"#0","uv":[1.6875,1.125,5.3125,3.875]},"south":{"texture":"#0","uv":[1.6875,1.125,5.3125,3.875]},"up":{"texture":"#0","uv":[5.0625,1.125,1.6875,0]},"west":{"texture":"#0","uv":[12.9375,0,11.8125,2.75]}},"from":[-16,-10.371021,-14.8],"shade":false,"to":[7.200001,7.228979,-7.6000004]},{"faces":{"down":{"texture":"#0","uv":[11.8125,1.125,11.1875,2.25]},"north":{"texture":"#0","uv":[10.5625,0,11.1875,4.5]},"south":{"texture":"#0","uv":[11.1875,0,10.5625,4.5]},"up":{"texture":"#0","uv":[11.8125,1.125,11.1875,0]}},"from":[-6.3838987,-16,-14.804],"rotation":{"angle":45,"axis":"z","origin":[-4.3999996,-1.571022,-11.2],"rescale":false},"shade":false,"to":[-2.4161005,12.857956,-7.5959997]},{"faces":{"down":{"texture":"#0","uv":[8.75,5,6,6.125]},"east":{"texture":"#0","uv":[0.5625,2,1.6875,5.375]},"north":{"texture":"#0","uv":[7.8125,0,10.5625,3.625]},"south":{"texture":"#0","uv":[7.8125,0,10.5625,3.625]},"up":{"texture":"#0","uv":[7.8125,1.125,5.0625,0]},"west":{"texture":"#0","uv":[1.6875,2,0.5625,5.375]}},"from":[-13.2,-13.171021,-14.8],"shade":false,"to":[4.4000006,10.028979,-7.6000004]},{"faces":{"down":{"texture":"#0","uv":[11.1875,1.125,11.8125,2.25]},"north":{"texture":"#0","uv":[11.1875,0,10.5625,4.5]},"south":{"texture":"#0","uv":[10.5625,0,11.1875,4.5]},"up":{"texture":"#0","uv":[11.1875,1.125,11.8125,0]}},"from":[-6.3838987,-16,-14.804],"rotation":{"angle":-45,"axis":"z","origin":[-4.3999996,-1.571022,-11.2],"rescale":false},"shade":false,"to":[-2.4161005,12.857956,-7.5959997]}],"overrides":[],"textures":{"0":"item/w1539339399_0"}}