{"display":{"gui":{"translation":[24,24,24]},"head":{"scale":[4,4,4],"translation":[80,73.6,80]}},"elements":[{"faces":{"down":{"texture":"#0","uv":[8.625,0,8.25,0.125]},"east":{"texture":"#0","uv":[7.75,0.125,7.875,5.125]},"north":{"texture":"#0","uv":[7.875,0.125,8.25,5.125]},"south":{"texture":"#0","uv":[8.375,0.125,8.75,5.125]},"up":{"texture":"#0","uv":[8.25,0.125,7.875,0]},"west":{"texture":"#0","uv":[8.25,0.125,8.375,5.125]}},"from":[-14,-16,-11.6],"shade":false,"to":[-12.8,0,-11.200001]},{"faces":{"down":{"texture":"#0","uv":[8.25,0,8.625,0.125]},"east":{"texture":"#0","uv":[8.375,0.125,8.25,5.125]},"north":{"texture":"#0","uv":[8.25,0.125,7.875,5.125]},"south":{"texture":"#0","uv":[8.75,0.125,8.375,5.125]},"up":{"texture":"#0","uv":[7.875,0.125,8.25,0]},"west":{"texture":"#0","uv":[7.875,0.125,7.75,5.125]}},"from":[-14,-16,-10.8],"shade":false,"to":[-12.8,0,-10.400001]},{"faces":{"down":{"texture":"#0","uv":[13.125,2.375,12,4.5]},"east":{"texture":"#0","uv":[8.75,4.5,10.875,5.5]},"north":{"texture":"#0","uv":[10.875,4.5,12,5.5]},"south":{"texture":"#0","uv":[14.125,4.5,15.25,5.5]},"up":{"texture":"#0","uv":[12,4.5,10.875,2.375]},"west":{"texture":"#0","uv":[12,4.5,14.125,5.5]}},"from":[-15.2,-4.3999996,-14.8],"shade":false,"to":[-11.6,-1.1999996,-8]},{"faces":{"down":{"texture":"#0","uv":[12.375,0.75,10.75,1.125]},"east":{"texture":"#0","uv":[8.75,1.125,9.125,2.375]},"north":{"texture":"#0","uv":[9.125,1.125,10.75,2.375]},"south":{"texture":"#0","uv":[11.125,1.125,12.75,2.375]},"up":{"texture":"#0","uv":[10.75,1.125,9.125,0.75]},"west":{"texture":"#0","uv":[10.75,1.125,11.125,2.375]}},"from":[-16,-4.8,-16],"shade":false,"to":[-10.8,-0.8000002,-14.8]},{"faces":{"down":{"texture":"#0","uv":[13.875,0,13.5,0.375]},"east":{"texture":"#0","uv":[12.75,0.375,13.125,2.25]},"north":{"texture":"#0","uv":[13.125,0.375,13.5,2.25]},"south":{"texture":"#0","uv":[13.875,0.375,14.25,2.25]},"up":{"texture":"#0","uv":[13.5,0.375,13.125,0]},"west":{"texture":"#0","uv":[13.5,0.375,13.875,2.25]}},"from":[-14,-6,-8],"shade":false,"to":[-12.8,0,-6.8]},{"faces":{"down":{"texture":"#0","uv":[10.625,0,10,0.625]},"east":{"texture":"#0","uv":[8.75,0.625,9.375,0.75]},"north":{"texture":"#0","uv":[9.375,0.625,10,0.75]},"south":{"texture":"#0","uv":[10.625,0.625,11.25,0.75]},"up":{"texture":"#0","uv":[10,0.625,9.375,0]},"west":{"texture":"#0","uv":[10,0.625,10.625,0.75]}},"from":[-14.4,-15.6,-12],"shade":false,"to":[-12.4,-15.200001,-10]},{"faces":{"down":{"texture":"#0","uv":[10.625,0,10,0.625]},"east":{"texture":"#0","uv":[8.75,0.625,9.375,0.75]},"north":{"texture":"#0","uv":[9.375,0.625,10,0.75]},"south":{"texture":"#0","uv":[10.625,0.625,11.25,0.75]},"up":{"texture":"#0","uv":[10,0.625,9.375,0]},"west":{"texture":"#0","uv":[10,0.625,10.625,0.75]}},"from":[-14.4,-11.6,-12],"shade":false,"to":[-12.4,-11.200001,-10]},{"faces":{"down":{"texture":"#0","uv":[10.625,0,10,0.625]},"east":{"texture":"#0","uv":[8.75,0.625,9.375,0.75]},"north":{"texture":"#0","uv":[9.375,0.625,10,0.75]},"south":{"texture":"#0","uv":[10.625,0.625,11.25,0.75]},"up":{"texture":"#0","uv":[10,0.625,9.375,0]},"west":{"texture":"#0","uv":[10,0.625,10.625,0.75]}},"from":[-14.4,-5.2,-12],"shade":false,"to":[-12.4,-4.7999997,-10]},{"faces":{"down":{"texture":"#0","uv":[10.625,0,10,0.625]},"east":{"texture":"#0","uv":[8.75,0.625,9.375,0.75]},"north":{"texture":"#0","uv":[9.375,0.625,10,0.75]},"south":{"texture":"#0","uv":[10.625,0.625,11.25,0.75]},"up":{"texture":"#0","uv":[10,0.625,9.375,0]},"west":{"texture":"#0","uv":[10,0.625,10.625,0.75]}},"from":[-14.4,-0.8000002,-12],"shade":false,"to":[-12.4,-0.40000018,-10]}],"overrides":[],"textures":{"0":"item/w88907092_0"}}