{"display":{"gui":{"translation":[24,24,24]},"head":{"scale":[4,4,4],"translation":[80,73.6,80]}},"elements":[{"faces":{"down":{"texture":"#0","uv":[4.375,1,4.5,1.125]},"east":{"texture":"#0","uv":[4.5,1.125,4.375,1.25]},"north":{"texture":"#0","uv":[4.375,1.125,4.25,1.25]},"south":{"texture":"#0","uv":[4.625,1.125,4.5,1.25]},"up":{"texture":"#0","uv":[4.25,1.125,4.375,1]},"west":{"texture":"#0","uv":[4.25,1.125,4.125,1.25]}},"from":[-16,-16,-16],"shade":false,"to":[-15.4,-15.4,-15.6]}],"overrides":[],"textures":{"0":"item/w974294966_0"}}