{"display":{"gui":{"translation":[24,24,24]},"head":{"scale":[4,4,4],"translation":[80,73.6,80]}},"elements":[{"faces":{"down":{"texture":"#0","uv":[0.75,6,0.5625,6.25]},"east":{"texture":"#0","uv":[0.125,6.25,0.375,6.5]},"north":{"texture":"#0","uv":[0.375,6.25,0.5625,6.5]},"south":{"texture":"#0","uv":[0.8125,6.25,1,6.5]},"up":{"texture":"#0","uv":[0.5625,6.25,0.375,6]},"west":{"texture":"#0","uv":[0.5625,6.25,0.8125,6.5]}},"from":[-16,-16,-16],"shade":false,"to":[-14.8,-14.2,-14.2]}],"overrides":[],"textures":{"0":"item/w1539508421_1"}}