{"display":{"gui":{"translation":[24,24,24]},"head":{"scale":[4,4,4],"translation":[80,73.6,80]}},"elements":[{"faces":{"down":{"texture":"#0","uv":[5.5,10,4,12]},"east":{"texture":"#0","uv":[5.5,12,7.5,13.5]},"north":{"texture":"#0","uv":[4,12,5.5,13.5]},"south":{"texture":"#0","uv":[4,12,5.5,13.5]},"up":{"texture":"#0","uv":[5.5,12,4,10]},"west":{"texture":"#0","uv":[5.5,12,7.5,13.5]}},"from":[-16,-16,-16],"shade":false,"to":[-13.6,-13.6,-12.8]}],"overrides":[],"textures":{"0":"item/w180734798_0"}}