{"display":{"gui":{"translation":[24,24,24]},"head":{"scale":[4,4,4],"translation":[80,73.6,80]}},"elements":[{"faces":{"down":{"texture":"#0","uv":[7,12,6,13]},"east":{"texture":"#0","uv":[4,13,5,16]},"north":{"texture":"#0","uv":[5,13,6,16]},"south":{"texture":"#0","uv":[7,13,8,16]},"up":{"texture":"#0","uv":[6,13,5,12]},"west":{"texture":"#0","uv":[6,13,7,16]}},"from":[-15.9,-15.9,-15.9],"shade":false,"to":[-14.299999,-11.099999,-14.299999]},{"faces":{"down":{"texture":"#0","uv":[3,12,2,13]},"east":{"texture":"#0","uv":[0,13,1,16]},"north":{"texture":"#0","uv":[1,13,2,16]},"south":{"texture":"#0","uv":[3,13,4,16]},"up":{"texture":"#0","uv":[2,13,1,12]},"west":{"texture":"#0","uv":[2,13,3,16]}},"from":[-16,-16,-16],"shade":false,"to":[-14.2,-11,-14.2]}],"overrides":[],"textures":{"0":"item/w1163992568_0"}}