{"display":{"gui":{"translation":[24,24,24]},"head":{"scale":[4,4,4],"translation":[80,73.6,80]}},"elements":[{"faces":{"down":{"texture":"#0","uv":[1,8,1.5,8.5]},"east":{"texture":"#0","uv":[1.5,8.5,1,10.125]},"north":{"texture":"#0","uv":[1,8.5,0.5,10.125]},"south":{"texture":"#0","uv":[2,8.5,1.5,10.125]},"up":{"texture":"#0","uv":[0.5,8.5,1,8]},"west":{"texture":"#0","uv":[0.5,8.5,0,10.125]}},"from":[-16,-16,-16],"shade":false,"to":[-14.4,-10.8,-14.400001]}],"overrides":[],"textures":{"0":"item/w1837428360_1"}}