{"display":{"gui":{"translation":[24,24,24]},"head":{"scale":[4,4,4],"translation":[80,73.6,80]}},"elements":[{"faces":{"down":{"texture":"#0","uv":[14.75,11.5,15.5,12]},"east":{"texture":"#0","uv":[15.25,12,14.75,12.5]},"north":{"texture":"#0","uv":[14.75,12,14,12.5]},"south":{"texture":"#0","uv":[16,12,15.25,12.5]},"up":{"texture":"#0","uv":[14,12,14.75,11.5]},"west":{"texture":"#0","uv":[14,12,13.5,12.5]}},"from":[-16,-16,-16],"shade":false,"to":[-13.462416,-14.262416,-14.408]}],"overrides":[],"textures":{"0":"item/w2041334604_1"}}