{"display":{"gui":{"translation":[24,24,24]},"head":{"scale":[4,4,4],"translation":[80,73.6,80]}},"elements":[{"faces":{"east":{"texture":"#0","uv":[2.75,8.75,4.5,11.5]},"west":{"texture":"#0","uv":[4.5,8.75,2.75,11.5]}},"from":[-15.6,-16,-16],"shade":false,"to":[-15.6,-11.599999,-13.2]},{"faces":{"down":{"texture":"#0","uv":[0.5,7,1,8.75]},"east":{"texture":"#0","uv":[2.75,7.5,1,8]},"north":{"texture":"#0","uv":[1.5,8,1,8.5]},"south":{"texture":"#0","uv":[2,8,1.5,8.5]},"up":{"texture":"#0","uv":[0,8.75,0.5,7]},"west":{"texture":"#0","uv":[2.75,7,1,7.5]}},"from":[-16,-11.599999,-16],"shade":false,"to":[-15.2,-10.799999,-13.2]}],"overrides":[],"textures":{"0":"item/w1917714267_0"}}