{"display":{"gui":{"translation":[24,24,24]},"head":{"scale":[4,4,4],"translation":[80,73.6,80]}},"elements":[{"faces":{"down":{"texture":"#0","uv":[13,11,11.5,13]},"east":{"texture":"#0","uv":[8,13,10,14]},"north":{"texture":"#0","uv":[10,13,11.5,14]},"south":{"texture":"#0","uv":[13.5,13,15,14]},"up":{"texture":"#0","uv":[11.5,13,10,11]},"west":{"texture":"#0","uv":[11.5,13,13.5,14]}},"from":[-16,-16,-16],"shade":false,"to":[-14.8,-15.2,-14.4]}],"overrides":[],"textures":{"0":"item/w336675831_0"}}