{"display":{"gui":{"translation":[24,24,24]},"head":{"scale":[4,4,4],"translation":[80,73.6,80]}},"elements":[{"faces":{"down":{"texture":"#0","uv":[9.5,11,11,13]},"east":{"texture":"#0","uv":[11.5,13,9.5,13.75]},"north":{"texture":"#0","uv":[9.5,13,8,13.75]},"south":{"texture":"#0","uv":[13,13,11.5,13.75]},"up":{"texture":"#0","uv":[8,13,9.5,11]},"west":{"texture":"#0","uv":[8,13,6,13.75]}},"from":[-16,-16,-14.2],"shade":false,"to":[-13.6,-14.8,-11]},{"faces":{"down":{"texture":"#0","uv":[13.25,2,14,3.5]},"east":{"texture":"#0","uv":[14.75,3.5,13.25,4]},"north":{"texture":"#0","uv":[13.25,3.5,12.5,4]},"south":{"texture":"#0","uv":[15.5,3.5,14.75,4]},"up":{"texture":"#0","uv":[12.5,3.5,13.25,2]},"west":{"texture":"#0","uv":[12.5,3.5,11,4]}},"from":[-14.8,-15.96,-16],"rotation":{"angle":-22.5,"axis":"y","origin":[-14.2,-15.96,-13.8],"rescale":false},"shade":false,"to":[-13.6,-15.16,-13.6]},{"faces":{"down":{"texture":"#0","uv":[10.5,0,11.25,1.5]},"east":{"texture":"#0","uv":[12,1.5,10.5,2]},"north":{"texture":"#0","uv":[10.5,1.5,9.75,2]},"south":{"texture":"#0","uv":[12.75,1.5,12,2]},"up":{"texture":"#0","uv":[9.75,1.5,10.5,0]},"west":{"texture":"#0","uv":[9.75,1.5,8.25,2]}},"from":[-16,-15.96,-16],"rotation":{"angle":22.5,"axis":"y","origin":[-15.4,-15.96,-13.8],"rescale":false},"shade":false,"to":[-14.8,-15.16,-13.6]}],"overrides":[],"textures":{"0":"item/w1664449374_0"}}