{"display":{"gui":{"translation":[24,24,24]},"head":{"scale":[4,4,4],"translation":[80,73.6,80]}},"elements":[{"faces":{"down":{"texture":"#0","uv":[10.4375,2.4375,11.1875,2.625]},"east":{"texture":"#0","uv":[10.625,2.625,10.4375,2.8125]},"north":{"texture":"#0","uv":[10.4375,2.625,9.6875,2.8125]},"south":{"texture":"#0","uv":[11.375,2.625,10.625,2.8125]},"up":{"texture":"#0","uv":[9.6875,2.625,10.4375,2.4375]},"west":{"texture":"#0","uv":[9.6875,2.625,9.5,2.8125]}},"from":[-16,-16,-16],"shade":false,"to":[-11.2,-14.8,-14.8]}],"overrides":[],"textures":{"0":"item/w1823039592_0"}}