{"display":{"gui":{"translation":[24,24,24]},"head":{"scale":[4,4,4],"translation":[80,73.6,80]}},"elements":[{"faces":{"down":{"texture":"#0","uv":[3.5,10.5,4,13.5]},"east":{"texture":"#0","uv":[6.5,13.5,3.5,15]},"north":{"texture":"#0","uv":[3.5,13.5,3,15]},"south":{"texture":"#0","uv":[7,13.5,6.5,15]},"up":{"texture":"#0","uv":[3,13.5,3.5,10.5]},"west":{"texture":"#0","uv":[3,13.5,0,15]}},"from":[-16,-16,-16],"shade":false,"to":[-15.6,-14.8,-13.6]},{"faces":{"east":{"texture":"#0","uv":[6,7.5,8,9]},"west":{"texture":"#0","uv":[8,7.5,6,9]}},"from":[-16,-16,-13.6],"shade":false,"to":[-16,-14.8,-12]}],"overrides":[],"textures":{"0":"item/w1940333117_0"}}