{"display":{"gui":{"translation":[24,24,24]},"head":{"scale":[4,4,4],"translation":[80,73.6,80]}},"elements":[{"faces":{"down":{"texture":"#0","uv":[10,8.5,9.5,9.375]},"east":{"texture":"#0","uv":[8.125,9.375,9,10.25]},"north":{"texture":"#0","uv":[9,9.375,9.5,10.25]},"south":{"texture":"#0","uv":[10.375,9.375,10.875,10.25]},"up":{"texture":"#0","uv":[9.5,9.375,9,8.5]},"west":{"texture":"#0","uv":[9.5,9.375,10.375,10.25]}},"from":[-16,-16,-16],"shade":false,"to":[-14.4,-13.2,-13.2]}],"overrides":[],"textures":{"0":"item/w655317825_0"}}