{"display":{"gui":{"translation":[24,24,24]},"head":{"scale":[4,4,4],"translation":[80,73.6,80]}},"elements":[{"faces":{"down":{"texture":"#0","uv":[8.625,4.1875,8.5,4.4375]},"east":{"texture":"#0","uv":[8.375,4.4375,8.625,4.5625]},"south":{"texture":"#0","uv":[8.5,4.625,8.625,4.75]},"up":{"texture":"#0","uv":[8.5,4.4375,8.375,4.1875]}},"from":[-14.282843,-14.4,-13.6],"rotation":{"angle":45,"axis":"z","origin":[-15.082843,-15.2,-12.4],"rescale":false},"shade":false,"to":[-13.482842,-13.599999,-12]},{"faces":{"down":{"texture":"#0","uv":[7.8125,4.5625,7.625,4.75]},"up":{"texture":"#0","uv":[7.5,4.75,7.3125,4.5625]}},"from":[-15.365685,-14.682843,-13.6],"rotation":{"angle":45,"axis":"z","origin":[-15.365685,-15.482843,-15.6],"rescale":false},"shade":false,"to":[-14.165686,-13.882843,-12.400001]},{"faces":{"down":{"texture":"#0","uv":[7.625,4.5625,7.8125,4.75]},"up":{"texture":"#0","uv":[7.3125,4.75,7.5,4.5625]}},"from":[-16,-14.682843,-13.6],"rotation":{"angle":-45,"axis":"z","origin":[-14.8,-15.482843,-15.6],"rescale":false},"shade":false,"to":[-14.8,-13.882843,-12.400001]},{"faces":{"down":{"texture":"#0","uv":[6.875,4.75,6.5,4.375]},"east":{"texture":"#0","uv":[6.875,4,7.25,4.375]},"north":{"texture":"#0","uv":[8.75,4.25,9.125,4.625]},"south":{"texture":"#0","uv":[7.75,4,8.125,4.375]},"up":{"texture":"#0","uv":[6.875,4.375,6.5,4]},"west":{"texture":"#0","uv":[6.875,4.375,7.25,4.75]}},"from":[-15.882843,-16,-16],"rotation":{"angle":45,"axis":"z","origin":[-15.082843,-15.2,-15.6],"rescale":false},"shade":false,"to":[-13.482843,-13.6,-13.6]}],"overrides":[],"textures":{"0":"item/w46940346_2"}}