{"display":{"gui":{"translation":[24,24,24]},"head":{"scale":[4,4,4],"translation":[80,73.6,80]}},"elements":[{"faces":{"east":{"texture":"#0","uv":[4,0,4.5,12]},"north":{"texture":"#0","uv":[4,0,4.5,12]},"south":{"texture":"#0","uv":[4,0,4.5,12]},"up":{"texture":"#0","uv":[4.5,0,5,0.5]},"west":{"texture":"#0","uv":[4,0,4.5,12]}},"from":[-16,-16,-16],"shade":false,"to":[-15.2,3.2000008,-15.2]},{"faces":{"east":{"texture":"#0","uv":[5,0,5.5,12]},"north":{"texture":"#0","uv":[5.5,0,5,12]},"south":{"texture":"#0","uv":[5.5,0,5,12]},"west":{"texture":"#0","uv":[5,0,5.5,12]}},"from":[-16,3.2000008,-16],"shade":false,"to":[-15.2,22.400002,-15.2]}],"overrides":[],"textures":{"0":"item/w1767793066_0"}}