{"display":{"gui":{"translation":[24,24,24]},"head":{"scale":[4,4,4],"translation":[80,73.6,80]}},"elements":[{"faces":{"down":{"texture":"#0","uv":[0.75,3.75,0.5,4]},"east":{"texture":"#0","uv":[0,4,0.25,4.625]},"north":{"texture":"#0","uv":[0.25,4,0.5,4.625]},"south":{"texture":"#0","uv":[0.75,4,1,4.625]},"up":{"texture":"#0","uv":[0.5,4,0.25,3.75]},"west":{"texture":"#0","uv":[0.5,4,0.75,4.625]}},"from":[-16,-16,-16],"shade":false,"to":[-14.4,-12,-14.400001]}],"overrides":[],"textures":{"0":"item/w203359445_1"}}