{"display":{"gui":{"translation":[24,24,24]},"head":{"scale":[4,4,4],"translation":[80,73.6,80]}},"elements":[{"faces":{"down":{"texture":"#0","uv":[2.25,10.75,1.5,11.5]},"east":{"texture":"#0","uv":[0,11.5,0.75,13.5]},"north":{"texture":"#0","uv":[0.75,11.5,1.5,13.5]},"south":{"texture":"#0","uv":[2.25,11.5,3,13.5]},"up":{"texture":"#0","uv":[1.5,11.5,0.75,10.75]},"west":{"texture":"#0","uv":[1.5,11.5,2.25,13.5]}},"from":[-16,-16,-16],"shade":false,"to":[-14.8,-12.8,-14.8]}],"overrides":[],"textures":{"0":"item/w110990_0"}}