{"display":{"gui":{"translation":[24,24,24]},"head":{"scale":[4,4,4],"translation":[80,73.6,80]}},"elements":[{"faces":{"down":{"texture":"#0","uv":[13.5,0,13,0.5]},"east":{"texture":"#0","uv":[12,0.5,12.5,4.25]},"north":{"texture":"#0","uv":[12.5,0.5,13,4.25]},"south":{"texture":"#0","uv":[13.5,0.5,14,4.25]},"up":{"texture":"#0","uv":[13,0.5,12.5,0]},"west":{"texture":"#0","uv":[13,0.5,13.5,4.25]}},"from":[-14.72,-15.6,-14.72],"shade":false,"to":[-13.92,-9.6,-13.92]},{"faces":{"down":{"texture":"#0","uv":[5,7,3,8]},"east":{"texture":"#0","uv":[0,8,1,9]},"north":{"texture":"#0","uv":[1,8,3,9]},"south":{"texture":"#0","uv":[4,8,6,9]},"up":{"texture":"#0","uv":[3,8,1,7]},"west":{"texture":"#0","uv":[3,8,4,9]}},"from":[-15.92,-16,-15.92],"shade":false,"to":[-12.72,-14.4,-14.32]},{"faces":{"down":{"texture":"#0","uv":[5,4,3,5]},"east":{"texture":"#0","uv":[0,5,1,7]},"north":{"texture":"#0","uv":[1,5,3,7]},"south":{"texture":"#0","uv":[4,5,6,7]},"up":{"texture":"#0","uv":[3,5,1,4]},"west":{"texture":"#0","uv":[3,5,4,7]}},"from":[-15.92,-14,-15.92],"shade":false,"to":[-12.72,-10.8,-14.32]},{"faces":{"down":{"texture":"#0","uv":[11,4.25,9,5.25]},"east":{"texture":"#0","uv":[6,5.25,7,5.75]},"north":{"texture":"#0","uv":[7,5.25,9,5.75]},"south":{"texture":"#0","uv":[10,5.25,12,5.75]},"up":{"texture":"#0","uv":[9,5.25,7,4.25]},"west":{"texture":"#0","uv":[9,5.25,10,5.75]}},"from":[-16,-15.6,-16],"shade":false,"to":[-12.64,-14.8,-14.24]}],"overrides":[],"textures":{"0":"item/w856876674_0"}}