{"display":{"gui":{"translation":[24,24,24]},"head":{"scale":[4,4,4],"translation":[80,73.6,80]}},"elements":[{"faces":{"down":{"texture":"#0","uv":[8,0,6.5,1.5]},"east":{"texture":"#0","uv":[0.75,3.5,2.25,4]},"north":{"texture":"#0","uv":[2.25,3.5,3.75,4]},"south":{"texture":"#0","uv":[5.25,3.5,6.75,4]},"up":{"texture":"#0","uv":[1.5,0,0,1.5]},"west":{"texture":"#0","uv":[3.75,3.5,5.25,4]}},"from":[-16,-16,-16],"shade":false,"to":[-13.6,-15.2,-13.6]}],"overrides":[],"textures":{"0":"item/w856876674_0"}}