{"display":{"gui":{"translation":[24,24,24]},"head":{"scale":[4,4,4],"translation":[80,73.6,80]}},"elements":[{"faces":{"down":{"texture":"#0","uv":[9.5,0.125,9,0.625]},"east":{"texture":"#0","uv":[8,0.625,8.5,2.5]},"north":{"texture":"#0","uv":[8.5,0.625,9,2.5]},"south":{"texture":"#0","uv":[9.5,0.625,10,2.5]},"up":{"texture":"#0","uv":[9,0.625,8.5,0.125]},"west":{"texture":"#0","uv":[9,0.625,9.5,2.5]}},"from":[-16,-16,-16],"shade":false,"to":[-14.4,-10,-14.4]}],"overrides":[],"textures":{"0":"item/w537037264_0"}}