{"display":{"gui":{"translation":[24,24,24]},"head":{"scale":[4,4,4],"translation":[80,73.6,80]}},"elements":[{"faces":{"down":{"texture":"#0","uv":[8.25,6.25,8.875,6.5]},"east":{"texture":"#0","uv":[8.5,6.5,8.25,6.75]},"north":{"texture":"#0","uv":[8.25,6.5,7.625,6.75]},"south":{"texture":"#0","uv":[9.125,6.5,8.5,6.75]},"up":{"texture":"#0","uv":[7.625,6.5,8.25,6.25]},"west":{"texture":"#0","uv":[7.625,6.5,7.375,6.75]}},"from":[-16,-16,-16],"shade":false,"to":[-13.799999,-14.960001,-15.14]}],"overrides":[],"textures":{"0":"item/w537037264_0"}}