{"display":{"gui":{"translation":[24,24,24]},"head":{"scale":[4,4,4],"translation":[80,73.6,80]}},"elements":[{"faces":{"down":{"texture":"#0","uv":[6.25,4.75,4.25,6.875]},"east":{"texture":"#0","uv":[0.125,6.875,2.25,8.5]},"north":{"texture":"#0","uv":[2.25,6.875,4.25,8.5]},"south":{"texture":"#0","uv":[6.375,6.875,8.375,8.5]},"up":{"texture":"#0","uv":[4.25,6.875,2.25,4.75]},"west":{"texture":"#0","uv":[4.25,6.875,6.375,8.5]}},"from":[-16,-16,-16],"shade":false,"to":[-9.6,-10.8,-9.2]}],"overrides":[],"textures":{"0":"item/w537037264_0"}}