{"display":{"gui":{"translation":[24,24,24]},"head":{"scale":[4,4,4],"translation":[80,73.6,80]}},"elements":[{"faces":{"down":{"texture":"#0","uv":[5,4,4.5,4.5]},"east":{"texture":"#0","uv":[3.5,4.5,4,6.5]},"north":{"texture":"#0","uv":[4,4.5,4.5,6.5]},"south":{"texture":"#0","uv":[5,4.5,5.5,6.5]},"up":{"texture":"#0","uv":[4.5,4.5,4,4]},"west":{"texture":"#0","uv":[4.5,4.5,5,6.5]}},"from":[-16,-16,-16],"shade":false,"to":[-15.208,-12.808001,-15.208]}],"overrides":[],"textures":{"0":"item/w1087070498_0"}}