{"display":{"gui":{"translation":[24,24,24]},"head":{"scale":[4,4,4],"translation":[80,73.6,80]}},"elements":[{"faces":{"down":{"texture":"#0","uv":[6,9.75,5.5,10.25]},"east":{"texture":"#0","uv":[5,14.5,5.5,10.25]},"north":{"texture":"#0","uv":[5.5,14.5,6,10.25]},"south":{"texture":"#0","uv":[6.5,14.5,7,10.25]},"up":{"texture":"#0","uv":[6.5,10.25,6,9.75]},"west":{"texture":"#0","uv":[6,14.5,6.5,10.25]}},"from":[-16,-16,-16],"shade":false,"to":[-15.2,-9.2,-15.2]}],"overrides":[],"textures":{"0":"item/w194520903_1"}}