{"display":{"gui":{"translation":[24,24,24]},"head":{"scale":[4,4,4],"translation":[80,73.6,80]}},"elements":[{"faces":{"down":{"texture":"#0","uv":[1.625,3.125,2.5,2.375]},"east":{"texture":"#0","uv":[1.625,3.125,2.375,4]},"north":{"texture":"#0","uv":[2.375,3.125,3.25,4]},"south":{"texture":"#0","uv":[0.75,3.125,1.625,4]},"up":{"texture":"#0","uv":[0.75,2.375,1.625,3.125]},"west":{"texture":"#0","uv":[0,3.125,0.75,4]}},"from":[-15.103918,-16,-15.9996],"rotation":{"angle":22.5,"axis":"z","origin":[-13.751472,-13.701257,-14.8],"rescale":false},"shade":false,"to":[-12.303918,-13.2,-13.6004]},{"faces":{"down":{"texture":"#0","uv":[1.625,0.75,2.5,0]},"east":{"texture":"#0","uv":[1.625,0.75,2.375,2]},"north":{"texture":"#0","uv":[2.375,0.75,3.25,2]},"south":{"texture":"#0","uv":[0.75,0.75,1.625,2]},"up":{"texture":"#0","uv":[0.75,0,1.625,0.75]},"west":{"texture":"#0","uv":[0,0.75,0.75,2]}},"from":[-16,-15.4012575,-16],"rotation":{"angle":-45,"axis":"z","origin":[-13.751472,-13.701257,-14.8],"rescale":false},"shade":false,"to":[-13.2,-11.401257,-13.6]}],"overrides":[],"textures":{"0":"item/w629366835_0"}}