{"display":{"gui":{"translation":[24,24,24]},"head":{"scale":[4,4,4],"translation":[80,73.6,80]}},"elements":[{"faces":{"down":{"texture":"#0","uv":[7.625,0,7,0.375]},"east":{"texture":"#0","uv":[6,0.375,6.375,1]},"north":{"texture":"#0","uv":[6.375,0.375,7,1]},"south":{"texture":"#0","uv":[7.375,0.375,8,1]},"up":{"texture":"#0","uv":[7,0.375,6.375,0]},"west":{"texture":"#0","uv":[7,0.375,7.375,1]}},"from":[-16,-16,-16],"shade":false,"to":[-14,-14,-14.8]}],"overrides":[],"textures":{"0":"item/w629366835_0"}}