{"display":{"gui":{"translation":[24,24,24]},"head":{"scale":[4,4,4],"translation":[80,73.6,80]}},"elements":[{"faces":{"down":{"texture":"#0","uv":[7.8125,1.5,7.4375,1.875]},"east":{"texture":"#0","uv":[8.1875,1.875,7.8125,2.25]},"north":{"texture":"#0","uv":[7.0625,1.875,7.4375,2.25]},"south":{"texture":"#0","uv":[7.8125,1.875,8.1875,2.25]},"up":{"texture":"#0","uv":[7.4375,1.875,7.0625,1.5]},"west":{"texture":"#0","uv":[7.4375,1.875,7.0625,2.25]}},"from":[-16,-15.4,-16],"rotation":{"angle":-45,"axis":"y","origin":[-14.086467,-14.119724,-14.086467],"rescale":false},"shade":false,"to":[-13.3,-13,-13.3]},{"faces":{"down":{"texture":"#0","uv":[2.8125,1.4375,2.6875,1.5625]},"east":{"texture":"#0","uv":[2.4375,1.5625,2.5625,1.625]},"north":{"texture":"#0","uv":[2.5625,1.5625,2.6875,1.625]},"south":{"texture":"#0","uv":[2.8125,1.5625,2.9375,1.625]},"up":{"texture":"#0","uv":[2.6875,1.5625,2.5625,1.4375]},"west":{"texture":"#0","uv":[2.6875,1.5625,2.5625,1.625]}},"from":[-16,-16,-16],"rotation":{"angle":-45,"axis":"y","origin":[-14.086467,-16.519724,-14.086467],"rescale":false},"shade":false,"to":[-15.1,-15.4,-15.1]}],"overrides":[],"textures":{"0":"item/w978060411_1"}}