{"display":{"gui":{"translation":[24,24,24]},"head":{"scale":[4,4,4],"translation":[80,73.6,80]}},"elements":[{"faces":{"down":{"texture":"#0","uv":[0.875,6.875,1.5,7.125]},"east":{"texture":"#0","uv":[0.875,7.125,0.25,7.625]},"north":{"texture":"#0","uv":[0.25,7.125,0,7.625]},"south":{"texture":"#0","uv":[1.125,7.125,0.875,7.625]},"up":{"texture":"#0","uv":[0.25,7.125,0.875,6.875]},"west":{"texture":"#0","uv":[1.75,7.125,1.125,7.625]}},"from":[-15.2,-14.8,-15.2],"shade":false,"to":[-14.4,-13.2,-13.2]},{"faces":{"east":{"texture":"#0","uv":[2.625,7.625,1.75,8.875]},"west":{"texture":"#0","uv":[1.75,7.625,2.625,8.875]}},"from":[-14.8,-14,-16],"shade":false,"to":[-14.8,-10,-13.2]},{"faces":{"down":{"texture":"#0","uv":[1.375,5.625,2,6.375]},"east":{"texture":"#0","uv":[1.375,6.375,0.75,6.875]},"north":{"texture":"#0","uv":[0.75,6.375,0,6.875]},"south":{"texture":"#0","uv":[2.125,6.375,1.375,6.875]},"up":{"texture":"#0","uv":[0.75,6.375,1.375,5.625]},"west":{"texture":"#0","uv":[2.75,6.375,2.125,6.875]}},"from":[-16,-16,-14.8],"shade":false,"to":[-13.6,-14.4,-12.8]}],"overrides":[],"textures":{"0":"item/w1152584414_0"}}