{"display":{"gui":{"translation":[24,24,24]},"head":{"scale":[4,4,4],"translation":[80,73.6,80]}},"elements":[{"faces":{"down":{"texture":"#0","uv":[5.5,0,3.75,2]},"east":{"texture":"#0","uv":[0,2,2,3.5]},"north":{"texture":"#0","uv":[2,2,3.75,3.5]},"south":{"texture":"#0","uv":[5.75,2,7.5,3.5]},"up":{"texture":"#0","uv":[3.75,2,2,0]},"west":{"texture":"#0","uv":[3.75,2,5.75,3.5]}},"from":[-16,-16,-16],"shade":false,"to":[-13.2,-13.6,-12.8]}],"overrides":[],"textures":{"0":"item/w1721179335_0"}}