{"display":{"gui":{"translation":[24,24,24]},"head":{"scale":[4,4,4],"translation":[80,73.6,80]}},"elements":[{"faces":{"down":{"texture":"#0","uv":[8.25,0,7.625,0.5]},"east":{"texture":"#0","uv":[6.5,0.5,7,0.625]},"north":{"texture":"#0","uv":[7,0.5,7.625,0.625]},"south":{"texture":"#0","uv":[8.125,0.5,8.75,0.625]},"up":{"texture":"#0","uv":[7.625,0.5,7,0]},"west":{"texture":"#0","uv":[7.625,0.5,8.125,0.625]}},"from":[-16,-16,-16],"shade":false,"to":[-13.68,-15.6,-14.4]}],"overrides":[],"textures":{"0":"item/w1724276494_0"}}