{"display":{"gui":{"translation":[24,24,24]},"head":{"scale":[4,4,4],"translation":[80,73.6,80]}},"elements":[{"faces":{"down":{"texture":"#0","uv":[2.375,3.125,1.875,3.625]},"east":{"texture":"#0","uv":[1.875,3.125,2.375,3.625]},"north":{"texture":"#0","uv":[1.875,3.125,2.375,3.625]},"south":{"texture":"#0","uv":[1.875,3.125,2.375,3.625]},"up":{"texture":"#0","uv":[2.375,3.625,1.875,3.125]},"west":{"texture":"#0","uv":[1.875,3.125,2.375,3.625]}},"from":[-16,-16,-16],"shade":false,"to":[-14.4,-14.4,-14.2]}],"overrides":[],"textures":{"0":"item/w107622195_0"}}