{"display":{"gui":{"translation":[24,24,24]},"head":{"scale":[4,4,4],"translation":[80,73.6,80]}},"elements":[{"faces":{"down":{"texture":"#0","uv":[5.5,8.25,5.875,8.625]},"east":{"texture":"#0","uv":[5.875,8.625,5.5,9.75]},"north":{"texture":"#0","uv":[5.5,8.625,5.125,9.75]},"south":{"texture":"#0","uv":[5.125,8.625,5.5,9.75]},"up":{"texture":"#0","uv":[5.125,8.625,5.5,8.25]},"west":{"texture":"#0","uv":[5.875,8.625,5.5,9.75]}},"from":[-16,-16,-16],"shade":false,"to":[-14.8,-12.4,-14.8]}],"overrides":[],"textures":{"0":"item/w107622195_0"}}