{"display":{"gui":{"translation":[24,24,24]},"head":{"scale":[4,4,4],"translation":[80,73.6,80]}},"elements":[{"faces":{"down":{"texture":"#0","uv":[5.5,0,3.5,3.5]},"east":{"texture":"#0","uv":[0,3.5,3.5,3.5]},"north":{"texture":"#0","uv":[3.5,3.5,5.5,3.5]},"south":{"texture":"#0","uv":[9,3.5,11,3.5]},"up":{"texture":"#0","uv":[5.5,3.5,3.5,0]},"west":{"texture":"#0","uv":[5.5,3.5,9,3.5]}},"from":[-16,-16,-16],"shade":false,"to":[-14.4,-16,-13.2]}],"overrides":[],"textures":{"0":"item/w1218166624_0"}}