{"credit":"Made with fluffish","textures":{"0":"zenavia:swords/gift_sword","particle":"zenavia:swords/gift_sword"},"elements":[{"from":[7.75,3.95,6],"to":[9,9,7.25],"rotation":{"angle":0,"axis":"y","origin":[7,3.75,6]},"faces":{"north":{"uv":[6,0,7,5],"texture":"#0"},"east":{"uv":[6,5,7,10],"texture":"#0"},"south":{"uv":[7,0,8,5],"texture":"#0"},"west":{"uv":[7,5,8,10],"texture":"#0"},"up":{"uv":[13,3,12,2],"texture":"#0"},"down":{"uv":[4,12,3,13],"texture":"#0"}}},{"from":[7.499,8.749,5.499],"to":[9.251,10.001,7.751],"rotation":{"angle":0,"axis":"y","origin":[7,9,6]},"faces":{"north":{"uv":[4,9,6,10],"texture":"#0"},"east":{"uv":[10,0,12,1],"texture":"#0"},"south":{"uv":[10,1,12,2],"texture":"#0"},"west":{"uv":[10,2,12,3],"texture":"#0"},"up":{"uv":[10,2,8,0],"texture":"#0"},"down":{"uv":[10,2,8,4],"texture":"#0"}}},{"from":[7.75,9.15433,7.01903],"to":[9,10.15433,9.26903],"rotation":{"angle":-22.5,"axis":"x","origin":[8.375,9.65433,8.14403]},"faces":{"north":{"uv":[12,3,13,4],"texture":"#0"},"east":{"uv":[10,3,12,4],"texture":"#0"},"south":{"uv":[12,4,13,5],"texture":"#0"},"west":{"uv":[4,10,6,11],"texture":"#0"},"up":{"uv":[11,6,10,4],"texture":"#0"},"down":{"uv":[7,10,6,12],"texture":"#0"}}},{"from":[7.75,9.15433,3.98097],"to":[9,10.15433,6.23097],"rotation":{"angle":22.5,"axis":"x","origin":[8.375,9.65433,5.10597]},"faces":{"north":{"uv":[12,5,13,6],"texture":"#0"},"east":{"uv":[10,6,12,7],"texture":"#0"},"south":{"uv":[6,12,7,13],"texture":"#0"},"west":{"uv":[7,10,9,11],"texture":"#0"},"up":{"uv":[11,9,10,7],"texture":"#0"},"down":{"uv":[10,10,9,12],"texture":"#0"}}},{"from":[7.5,2.8,5.75],"to":[9.25,4.05,7.5],"rotation":{"angle":0,"axis":"y","origin":[7,-1.45,6]},"faces":{"north":{"uv":[10,9,12,10],"texture":"#0"},"east":{"uv":[10,10,12,11],"texture":"#0"},"south":{"uv":[0,11,2,12],"texture":"#0"},"west":{"uv":[2,11,4,12],"texture":"#0"},"up":{"uv":[10,6,8,4],"texture":"#0"},"down":{"uv":[10,6,8,8],"texture":"#0"}}},{"from":[7.999,10.001,5.499],"to":[8.749,18.751,7.749],"rotation":{"angle":0,"axis":"y","origin":[7.499,10.001,5.749]},"faces":{"north":{"uv":[4,0,5,9],"texture":"#0"},"east":{"uv":[0,0,2,9],"texture":"#0"},"south":{"uv":[5,0,6,9],"texture":"#0"},"west":{"uv":[2,0,4,9],"texture":"#0"},"up":{"uv":[5,13,4,11],"texture":"#0"},"down":{"uv":[12,4,11,6],"texture":"#0"}}},{"from":[7.989,17.991,5.739],"to":[8.759,19.761,7.509],"rotation":{"angle":45,"axis":"x","origin":[8.374,18.751,6.499]},"faces":{"north":{"uv":[5,11,6,13],"texture":"#0"},"east":{"uv":[8,8,10,10],"texture":"#0"},"south":{"uv":[7,11,8,13],"texture":"#0"},"west":{"uv":[0,9,2,11],"texture":"#0"},"up":{"uv":[12,9,11,7],"texture":"#0"},"down":{"uv":[9,11,8,13],"texture":"#0"}}},{"from":[7.25,9,5.5],"to":[7.25,9.5,6.5],"rotation":{"angle":22.5,"axis":"z","origin":[7.25,9.75,6.5]},"faces":{"north":{"uv":[0,0,0,1],"texture":"#0"},"east":{"uv":[12,6,13,7],"texture":"#0"},"south":{"uv":[0,0,0,1],"texture":"#0"},"west":{"uv":[12,7,13,8],"texture":"#0"},"up":{"uv":[0,1,0,0],"texture":"#0"},"down":{"uv":[0,0,0,1],"texture":"#0"}}},{"from":[7.25,9,6.5],"to":[7.25,9.5,7.5],"rotation":{"angle":22.5,"axis":"z","origin":[7.25,9.75,6.5]},"faces":{"north":{"uv":[0,0,0,1],"texture":"#0"},"east":{"uv":[12,8,13,9],"texture":"#0"},"south":{"uv":[0,0,0,1],"texture":"#0"},"west":{"uv":[9,12,10,13],"texture":"#0"},"up":{"uv":[0,1,0,0],"texture":"#0"},"down":{"uv":[0,0,0,1],"texture":"#0"}}},{"from":[7.25,9.5,7.5],"to":[7.25,10,8],"rotation":{"angle":22.5,"axis":"z","origin":[7.25,9.75,6.5]},"faces":{"north":{"uv":[0,0,0,1],"texture":"#0"},"east":{"uv":[12,9,13,10],"texture":"#0"},"south":{"uv":[0,0,0,1],"texture":"#0"},"west":{"uv":[12,10,13,11],"texture":"#0"},"up":{"uv":[0,1,0,0],"texture":"#0"},"down":{"uv":[0,0,0,1],"texture":"#0"}}},{"from":[7.25,10,6.75],"to":[7.25,10.5,7.5],"rotation":{"angle":22.5,"axis":"z","origin":[7.25,9.75,6.5]},"faces":{"north":{"uv":[0,0,0,1],"texture":"#0"},"east":{"uv":[12,11,13,12],"texture":"#0"},"south":{"uv":[0,0,0,1],"texture":"#0"},"west":{"uv":[12,12,13,13],"texture":"#0"},"up":{"uv":[0,1,0,0],"texture":"#0"},"down":{"uv":[0,0,0,1],"texture":"#0"}}},{"from":[7.25,9.5,6.25],"to":[7.25,10,6.75],"rotation":{"angle":22.5,"axis":"z","origin":[7.25,9.75,6.5]},"faces":{"north":{"uv":[0,0,0,1],"texture":"#0"},"east":{"uv":[13,0,14,1],"texture":"#0"},"south":{"uv":[0,0,0,1],"texture":"#0"},"west":{"uv":[13,1,14,2],"texture":"#0"},"up":{"uv":[0,1,0,0],"texture":"#0"},"down":{"uv":[0,0,0,1],"texture":"#0"}}},{"from":[7.25,10,5.5],"to":[7.25,10.5,6.25],"rotation":{"angle":22.5,"axis":"z","origin":[7.25,9.75,6.5]},"faces":{"north":{"uv":[0,0,0,1],"texture":"#0"},"east":{"uv":[13,2,14,3],"texture":"#0"},"south":{"uv":[0,0,0,1],"texture":"#0"},"west":{"uv":[3,13,4,14],"texture":"#0"},"up":{"uv":[0,1,0,0],"texture":"#0"},"down":{"uv":[0,0,0,1],"texture":"#0"}}},{"from":[7.25,9.5,5],"to":[7.25,10,5.5],"rotation":{"angle":22.5,"axis":"z","origin":[7.25,9.75,6.5]},"faces":{"north":{"uv":[0,0,0,1],"texture":"#0"},"east":{"uv":[13,3,14,4],"texture":"#0"},"south":{"uv":[0,0,0,1],"texture":"#0"},"west":{"uv":[4,13,5,14],"texture":"#0"},"up":{"uv":[0,1,0,0],"texture":"#0"},"down":{"uv":[0,0,0,1],"texture":"#0"}}},{"from":[9.5,9,5.5],"to":[9.5,9.5,6.5],"rotation":{"angle":-22.5,"axis":"z","origin":[9.5,9.75,6.5]},"faces":{"north":{"uv":[0,0,0,1],"texture":"#0"},"east":{"uv":[13,4,14,5],"texture":"#0"},"south":{"uv":[0,0,0,1],"texture":"#0"},"west":{"uv":[5,13,6,14],"texture":"#0"},"up":{"uv":[0,1,0,0],"texture":"#0"},"down":{"uv":[0,0,0,1],"texture":"#0"}}},{"from":[9.5,9,6.5],"to":[9.5,9.5,7.5],"rotation":{"angle":-22.5,"axis":"z","origin":[9.5,9.75,6.5]},"faces":{"north":{"uv":[0,0,0,1],"texture":"#0"},"east":{"uv":[13,5,14,6],"texture":"#0"},"south":{"uv":[0,0,0,1],"texture":"#0"},"west":{"uv":[6,13,7,14],"texture":"#0"},"up":{"uv":[0,1,0,0],"texture":"#0"},"down":{"uv":[0,0,0,1],"texture":"#0"}}},{"from":[9.5,9.5,7.5],"to":[9.5,10,8],"rotation":{"angle":-22.5,"axis":"z","origin":[9.5,9.75,6.5]},"faces":{"north":{"uv":[0,0,0,1],"texture":"#0"},"east":{"uv":[13,6,14,7],"texture":"#0"},"south":{"uv":[0,0,0,1],"texture":"#0"},"west":{"uv":[7,13,8,14],"texture":"#0"},"up":{"uv":[0,1,0,0],"texture":"#0"},"down":{"uv":[0,0,0,1],"texture":"#0"}}},{"from":[9.5,10,6.75],"to":[9.5,10.5,7.5],"rotation":{"angle":-22.5,"axis":"z","origin":[9.5,9.75,6.5]},"faces":{"north":{"uv":[0,0,0,1],"texture":"#0"},"east":{"uv":[13,7,14,8],"texture":"#0"},"south":{"uv":[0,0,0,1],"texture":"#0"},"west":{"uv":[8,13,9,14],"texture":"#0"},"up":{"uv":[0,1,0,0],"texture":"#0"},"down":{"uv":[0,0,0,1],"texture":"#0"}}},{"from":[9.5,9.5,6.25],"to":[9.5,10,6.75],"rotation":{"angle":-22.5,"axis":"z","origin":[9.5,9.75,6.5]},"faces":{"north":{"uv":[0,0,0,1],"texture":"#0"},"east":{"uv":[13,8,14,9],"texture":"#0"},"south":{"uv":[0,0,0,1],"texture":"#0"},"west":{"uv":[9,13,10,14],"texture":"#0"},"up":{"uv":[0,1,0,0],"texture":"#0"},"down":{"uv":[0,0,0,1],"texture":"#0"}}},{"from":[9.5,10,5.5],"to":[9.5,10.5,6.25],"rotation":{"angle":-22.5,"axis":"z","origin":[9.5,9.75,6.5]},"faces":{"north":{"uv":[0,0,0,1],"texture":"#0"},"east":{"uv":[13,9,14,10],"texture":"#0"},"south":{"uv":[0,0,0,1],"texture":"#0"},"west":{"uv":[10,13,11,14],"texture":"#0"},"up":{"uv":[0,1,0,0],"texture":"#0"},"down":{"uv":[0,0,0,1],"texture":"#0"}}},{"from":[9.5,9.5,5],"to":[9.5,10,5.5],"rotation":{"angle":-22.5,"axis":"z","origin":[9.5,9.75,6.5]},"faces":{"north":{"uv":[0,0,0,1],"texture":"#0"},"east":{"uv":[13,10,14,11],"texture":"#0"},"south":{"uv":[0,0,0,1],"texture":"#0"},"west":{"uv":[11,13,12,14],"texture":"#0"},"up":{"uv":[0,1,0,0],"texture":"#0"},"down":{"uv":[0,0,0,1],"texture":"#0"}}},{"from":[7.43052,6.80761,5.52985],"to":[7.43052,8.30761,6.02985],"rotation":{"angle":0,"axis":"y","origin":[7.43052,6.30761,5.52985]},"faces":{"north":{"uv":[0,0,0,2],"texture":"#0"},"east":{"uv":[10,11,11,13],"texture":"#0"},"south":{"uv":[0,0,0,2],"texture":"#0"},"west":{"uv":[11,11,12,13],"texture":"#0"},"up":{"uv":[0,1,0,0],"texture":"#0"},"down":{"uv":[0,0,0,1],"texture":"#0"}}},{"from":[7.43052,6.80761,7.02985],"to":[7.43052,8.30761,7.52985],"rotation":{"angle":0,"axis":"y","origin":[7.43052,6.30761,7.02985]},"faces":{"north":{"uv":[0,0,0,2],"texture":"#0"},"east":{"uv":[0,12,1,14],"texture":"#0"},"south":{"uv":[0,0,0,2],"texture":"#0"},"west":{"uv":[12,0,13,2],"texture":"#0"},"up":{"uv":[0,1,0,0],"texture":"#0"},"down":{"uv":[0,0,0,1],"texture":"#0"}}},{"from":[7.43042,8.16426,5.7499],"to":[7.43062,9.41446,6.2501],"rotation":{"angle":22.5,"axis":"x","origin":[7.43052,8.78936,6]},"faces":{"north":{"uv":[0,0,0,1],"texture":"#0"},"east":{"uv":[13,11,14,12],"texture":"#0"},"south":{"uv":[0,0,0,1],"texture":"#0"},"west":{"uv":[12,13,13,14],"texture":"#0"},"up":{"uv":[0,1,0,0],"texture":"#0"},"down":{"uv":[0,0,0,1],"texture":"#0"}}},{"from":[7.43042,8.16426,6.7499],"to":[7.43062,9.41446,7.2501],"rotation":{"angle":-22.5,"axis":"x","origin":[7.43052,8.78936,7]},"faces":{"north":{"uv":[0,0,0,1],"texture":"#0"},"east":{"uv":[13,12,14,13],"texture":"#0"},"south":{"uv":[0,0,0,1],"texture":"#0"},"west":{"uv":[13,13,14,14],"texture":"#0"},"up":{"uv":[0,1,0,0],"texture":"#0"},"down":{"uv":[0,0,0,1],"texture":"#0"}}},{"from":[9.43052,6.80761,5.52985],"to":[9.43052,8.30761,6.02985],"rotation":{"angle":0,"axis":"y","origin":[9.43052,7.55761,5.77985]},"faces":{"north":{"uv":[0,0,0,2],"texture":"#0"},"east":{"uv":[1,12,2,14],"texture":"#0"},"south":{"uv":[0,0,0,2],"texture":"#0"},"west":{"uv":[2,12,3,14],"texture":"#0"},"up":{"uv":[0,1,0,0],"texture":"#0"},"down":{"uv":[0,0,0,1],"texture":"#0"}}},{"from":[9.43052,6.80761,7.02985],"to":[9.43052,8.30761,7.52985],"rotation":{"angle":0,"axis":"y","origin":[9.43052,6.30761,7.02985]},"faces":{"north":{"uv":[0,0,0,2],"texture":"#0"},"east":{"uv":[2,9,3,11],"texture":"#0"},"south":{"uv":[0,0,0,2],"texture":"#0"},"west":{"uv":[3,9,4,11],"texture":"#0"},"up":{"uv":[0,1,0,0],"texture":"#0"},"down":{"uv":[0,0,0,1],"texture":"#0"}}},{"from":[9.43042,8.16426,5.7499],"to":[9.43062,9.41446,6.2501],"rotation":{"angle":22.5,"axis":"x","origin":[9.43052,8.78936,6]},"faces":{"north":{"uv":[0,0,0,1],"texture":"#0"},"east":{"uv":[0,14,1,15],"texture":"#0"},"south":{"uv":[0,0,0,1],"texture":"#0"},"west":{"uv":[14,0,15,1],"texture":"#0"},"up":{"uv":[0,1,0,0],"texture":"#0"},"down":{"uv":[0,0,0,1],"texture":"#0"}}},{"from":[9.43042,8.16426,6.7499],"to":[9.43062,9.41446,7.2501],"rotation":{"angle":-22.5,"axis":"x","origin":[9.43052,8.78936,7]},"faces":{"north":{"uv":[0,0,0,1],"texture":"#0"},"east":{"uv":[1,14,2,15],"texture":"#0"},"south":{"uv":[0,0,0,1],"texture":"#0"},"west":{"uv":[14,1,15,2],"texture":"#0"},"up":{"uv":[0,1,0,0],"texture":"#0"},"down":{"uv":[0,0,0,1],"texture":"#0"}}}],"display":{"thirdperson_righthand":{"rotation":[5,-13,11],"translation":[-1,-0.75,2.25]},"thirdperson_lefthand":{"rotation":[5,-13,11],"translation":[-1,-0.75,2.25]},"firstperson_righthand":{"rotation":[-21,7,0],"translation":[5,0,0],"scale":[0.96,0.96,0.96]},"firstperson_lefthand":{"rotation":[-21,7,0],"translation":[5,0,0],"scale":[0.96,0.96,0.96]},"gui":{"rotation":[-91.5,-48.21,-91.13],"translation":[-3,-1.75,0]}}}