{"credit":"Made with Blockbench","texture_size":[32,32],"textures":{"0":"zenavia:swords/hockeycrosse","particle":"zenavia:swords/hockeycrosse"},"elements":[{"from":[6.5,4.25,6.25],"to":[7.7,22.75,7],"rotation":{"angle":22.5,"axis":"z","origin":[6.5,8.25,6.25]},"faces":{"north":{"uv":[0,0,0.5,9.5],"texture":"#0"},"east":{"uv":[0.5,0,1,9.5],"texture":"#0"},"south":{"uv":[1,0,1.5,9.5],"texture":"#0"},"west":{"uv":[1.5,0,2,9.5],"texture":"#0"},"up":{"uv":[3.5,3.5,3,3],"texture":"#0"},"down":{"uv":[3.5,3.5,3,4],"texture":"#0"}}},{"from":[7.99,3.74,6.24],"to":[12.51,5.51,7.01],"rotation":{"angle":-22.5,"axis":"z","origin":[10.25,4.625,6.625]},"faces":{"north":{"uv":[2,0,4.5,1],"texture":"#0"},"east":{"uv":[2,3,2.5,4],"texture":"#0"},"south":{"uv":[2,1,4.5,2],"texture":"#0"},"west":{"uv":[2.5,3,3,4],"texture":"#0"},"up":{"uv":[4.5,2.5,2,2],"texture":"#0"},"down":{"uv":[4.5,2.5,2,3],"texture":"#0"}}}],"display":{"thirdperson_righthand":{"rotation":[-154,-78,0],"translation":[-1.5,4,0],"scale":[1.08,1.08,1.08]},"thirdperson_lefthand":{"rotation":[-154,88,0],"translation":[1.25,4,0],"scale":[1.08,1.08,1.08]},"firstperson_righthand":{"rotation":[180,-78,-14],"translation":[0,7.75,1.5],"scale":[0.76,0.76,0.76]},"firstperson_lefthand":{"rotation":[180,97,9],"translation":[1,7.75,2.75],"scale":[0.76,0.76,0.76]},"gui":{"rotation":[0,0,-161],"translation":[-2.75,3.5,0]}}}