{"credit":"Made with Blockbench","texture_size":[32,32],"textures":{"0":"zenavia:swords/karambit","particle":"zenavia:swords/karambit"},"elements":[{"from":[4.2,2.5,7],"to":[6.2,4.5,9],"rotation":{"angle":-22.5,"axis":"z","origin":[0,0,0]},"faces":{"north":{"uv":[2,7,3,8],"texture":"#0"},"east":{"uv":[3,7,4,8],"texture":"#0"},"south":{"uv":[4,7,5,8],"texture":"#0"},"west":{"uv":[5,7,6,8],"texture":"#0"},"up":{"uv":[7,8,6,7],"texture":"#0"},"down":{"uv":[8,7,7,8],"texture":"#0"}}},{"from":[4.2,7.5,7],"to":[6.2,9.5,9],"rotation":{"angle":-22.5,"axis":"z","origin":[0,0,0]},"faces":{"north":{"uv":[2,8,3,9],"texture":"#0"},"east":{"uv":[3,8,4,9],"texture":"#0"},"south":{"uv":[4,8,5,9],"texture":"#0"},"west":{"uv":[5,8,6,9],"texture":"#0"},"up":{"uv":[7,9,6,8],"texture":"#0"},"down":{"uv":[8,8,7,9],"texture":"#0"}}},{"from":[4.7,2.5,7.5],"to":[5.7,8.5,8.5],"rotation":{"angle":-22.5,"axis":"z","origin":[0,0,0]},"faces":{"north":{"uv":[0,7,0.5,10],"texture":"#0"},"east":{"uv":[0.5,7,1,10],"texture":"#0"},"south":{"uv":[1,7,1.5,10],"texture":"#0"},"west":{"uv":[1.5,7,2,10],"texture":"#0"},"up":{"uv":[8.5,7.5,8,7],"texture":"#0"},"down":{"uv":[8.5,7.5,8,8],"texture":"#0"}}},{"from":[3.5,6,8],"to":[12.5,20,8],"faces":{"north":{"uv":[9,0,4.5,7],"texture":"#0"},"east":{"uv":[0,0,0,7],"texture":"#0"},"south":{"uv":[4.5,0,9,7],"texture":"#0"},"west":{"uv":[0,0,0,7],"texture":"#0"},"up":{"uv":[4.5,0,0,0],"texture":"#0"},"down":{"uv":[4.5,0,0,0],"texture":"#0"}}}],"display":{"thirdperson_righthand":{"rotation":[80.62,-80.68,-84.99],"translation":[0.75,-6.5,0]},"thirdperson_lefthand":{"rotation":[-77.18,71.39,-128.83],"translation":[0.75,-5.75,1]},"firstperson_righthand":{"rotation":[-31.5,89.5,0],"translation":[8,1,-4.5],"scale":[0.8,0.8,0.8]},"firstperson_lefthand":{"rotation":[14.05,-62.83,45.6],"translation":[3.25,0,-2],"scale":[0.8,0.8,0.8]},"ground":{"rotation":[21.98,-12.76,-59.85]},"gui":{"rotation":[-39.69,-5.44,-36.21],"translation":[0,-1,0]}}}