{"credit":"Made with Blockbench","texture_size":[32,32],"textures":{"0":"zenavia:swords/karabitirridescent","particle":"zenavia:swords/karabitirridescent"},"elements":[{"from":[6.9,2.8,9.3],"to":[8.1,7.8,10.5],"faces":{"north":{"uv":[0,7,0.5,9.5],"texture":"#0"},"east":{"uv":[0.5,7,1,9.5],"texture":"#0"},"south":{"uv":[1,7,1.5,9.5],"texture":"#0"},"west":{"uv":[1.5,7,2,9.5],"texture":"#0"},"up":{"uv":[9,4,8.5,3.5],"texture":"#0"},"down":{"uv":[4.5,8.5,4,9],"texture":"#0"}}},{"from":[7,7,6],"to":[8,10,7],"rotation":{"angle":45,"axis":"x","origin":[0,0,0]},"faces":{"north":{"uv":[2,7,2.5,8.5],"texture":"#0"},"east":{"uv":[2.5,7,3,8.5],"texture":"#0"},"south":{"uv":[3,7,3.5,8.5],"texture":"#0"},"west":{"uv":[3.5,7,4,8.5],"texture":"#0"},"up":{"uv":[8.5,6.5,8,6],"texture":"#0"},"down":{"uv":[8.5,6.5,8,7],"texture":"#0"}}},{"from":[7,7,4],"to":[8,10,5],"rotation":{"angle":45,"axis":"x","origin":[0,0,0]},"faces":{"north":{"uv":[4,7,4.5,8.5],"texture":"#0"},"east":{"uv":[4.5,7,5,8.5],"texture":"#0"},"south":{"uv":[5,7,5.5,8.5],"texture":"#0"},"west":{"uv":[5.5,7,6,8.5],"texture":"#0"},"up":{"uv":[8.5,7.5,8,7],"texture":"#0"},"down":{"uv":[8.5,7.5,8,8],"texture":"#0"}}},{"from":[7,7,5],"to":[8,8,6],"rotation":{"angle":45,"axis":"x","origin":[0,0,0]},"faces":{"north":{"uv":[8,8,8.5,8.5],"texture":"#0"},"east":{"uv":[8.5,0,9,0.5],"texture":"#0"},"south":{"uv":[8.5,0.5,9,1],"texture":"#0"},"west":{"uv":[8.5,1,9,1.5],"texture":"#0"},"up":{"uv":[9,2,8.5,1.5],"texture":"#0"},"down":{"uv":[2.5,8.5,2,9],"texture":"#0"}}},{"from":[7,9,5],"to":[8,10,6],"rotation":{"angle":45,"axis":"x","origin":[0,0,0]},"faces":{"north":{"uv":[8.5,2,9,2.5],"texture":"#0"},"east":{"uv":[2.5,8.5,3,9],"texture":"#0"},"south":{"uv":[8.5,2.5,9,3],"texture":"#0"},"west":{"uv":[3,8.5,3.5,9],"texture":"#0"},"up":{"uv":[9,3.5,8.5,3],"texture":"#0"},"down":{"uv":[4,8.5,3.5,9],"texture":"#0"}}},{"from":[7,11.5,1.5],"to":[8,14.5,2.5],"rotation":{"angle":45,"axis":"x","origin":[0,0,0]},"faces":{"north":{"uv":[6,7,6.5,8.5],"texture":"#0"},"east":{"uv":[6.5,7,7,8.5],"texture":"#0"},"south":{"uv":[7,7,7.5,8.5],"texture":"#0"},"west":{"uv":[7.5,7,8,8.5],"texture":"#0"},"up":{"uv":[9,4.5,8.5,4],"texture":"#0"},"down":{"uv":[5,8.5,4.5,9],"texture":"#0"}}},{"from":[7,11.5,-0.5],"to":[8,14.5,0.5],"rotation":{"angle":45,"axis":"x","origin":[0,0,0]},"faces":{"north":{"uv":[8,0,8.5,1.5],"texture":"#0"},"east":{"uv":[8,1.5,8.5,3],"texture":"#0"},"south":{"uv":[8,3,8.5,4.5],"texture":"#0"},"west":{"uv":[8,4.5,8.5,6],"texture":"#0"},"up":{"uv":[9,5,8.5,4.5],"texture":"#0"},"down":{"uv":[5.5,8.5,5,9],"texture":"#0"}}},{"from":[7,11.5,0.5],"to":[8,12.5,1.5],"rotation":{"angle":45,"axis":"x","origin":[0,0,0]},"faces":{"north":{"uv":[8.5,5,9,5.5],"texture":"#0"},"east":{"uv":[5.5,8.5,6,9],"texture":"#0"},"south":{"uv":[8.5,5.5,9,6],"texture":"#0"},"west":{"uv":[6,8.5,6.5,9],"texture":"#0"},"up":{"uv":[9,6.5,8.5,6],"texture":"#0"},"down":{"uv":[7,8.5,6.5,9],"texture":"#0"}}},{"from":[7,13.5,0.5],"to":[8,14.5,1.5],"rotation":{"angle":45,"axis":"x","origin":[0,0,0]},"faces":{"north":{"uv":[8.5,6.5,9,7],"texture":"#0"},"east":{"uv":[7,8.5,7.5,9],"texture":"#0"},"south":{"uv":[8.5,7,9,7.5],"texture":"#0"},"west":{"uv":[7.5,8.5,8,9],"texture":"#0"},"up":{"uv":[9,8,8.5,7.5],"texture":"#0"},"down":{"uv":[8.5,8.5,8,9],"texture":"#0"}}},{"from":[7.5,9.5,5.9],"to":[7.5,23.5,13.9],"faces":{"north":{"uv":[0,0,0,7],"texture":"#0"},"east":{"uv":[0,0,4,7],"texture":"#0"},"south":{"uv":[0,0,0,7],"texture":"#0"},"west":{"uv":[4,0,0,7],"texture":"#0"},"up":{"uv":[0,4,0,0],"texture":"#0"},"down":{"uv":[0,0,0,4],"texture":"#0"}}}],"display":{"thirdperson_righthand":{"rotation":[3.95,4.74,-177.67],"translation":[-0.5,-4.5,-2]}}}