{"credit":"Made by Tweety","texture_size":[64,64],"textures":{"3":"zenavia:swords/marteau_warden"},"elements":[{"name":"top","from":[6.2,16.7,6.2],"to":[9.7,17.7,9.2],"rotation":{"angle":0,"axis":"y","origin":[6,1.9,3]},"faces":{"north":{"uv":[2,1.75,2.875,2],"texture":"#3"},"east":{"uv":[2,1.75,2.875,2],"texture":"#3"},"south":{"uv":[2,1.75,2.875,2],"texture":"#3"},"west":{"uv":[2,1.75,2.875,2],"texture":"#3"},"up":{"uv":[8.125,2.75,7.25,2],"texture":"#3"},"down":{"uv":[8.125,2.75,7.25,3.5],"texture":"#3"}}},{"name":"bottom","from":[6.2,14.1,6.2],"to":[9.7,15.1,9.7],"rotation":{"angle":0,"axis":"y","origin":[6,13.9,3]},"faces":{"north":{"uv":[2,1.75,2.875,2],"texture":"#3"},"east":{"uv":[2,1.75,2.875,2],"texture":"#3"},"south":{"uv":[2,1.75,2.875,2],"texture":"#3"},"west":{"uv":[2,1.75,2.875,2],"texture":"#3"},"up":{"uv":[8.125,2.75,7.25,2],"texture":"#3"},"down":{"uv":[8.125,2.75,7.25,3.5],"texture":"#3"}}},{"name":"mouth","from":[6,13.9,7],"to":[10,17.9,7],"rotation":{"angle":0,"axis":"y","origin":[6,12.9,3]},"faces":{"north":{"uv":[0.75,6.75,1.75,7.75],"texture":"#3"},"east":{"uv":[0,0,0,1],"texture":"#3"},"south":{"uv":[1.75,6.75,2.75,7.75],"texture":"#3"},"west":{"uv":[0,0,0,1],"texture":"#3"},"up":{"uv":[1,0,0,0],"texture":"#3"},"down":{"uv":[1,0,0,0],"texture":"#3"}}},{"name":"rightear","from":[9.8,15.4,8],"to":[12.8,18.4,8],"rotation":{"angle":0,"axis":"y","origin":[-6.2,4.9,0]},"faces":{"north":{"uv":[6.5,7.75,7.25,8.5],"texture":"#3"},"east":{"uv":[0,0,0,0.75],"texture":"#3"},"south":{"uv":[7.25,7.75,8,8.5],"texture":"#3"},"west":{"uv":[0,0,0,0.75],"texture":"#3"},"up":{"uv":[0.75,0,0,0],"texture":"#3"},"down":{"uv":[0.75,0,0,0],"texture":"#3"}}},{"name":"leftear","from":[3.3,15.4,8],"to":[6.3,18.4,8],"rotation":{"angle":0,"axis":"y","origin":[6.3,4.4,0]},"faces":{"north":{"uv":[8,4.5,8.75,5.25],"texture":"#3"},"east":{"uv":[0,0,0,0.75],"texture":"#3"},"south":{"uv":[8,5.25,8.75,6],"texture":"#3"},"west":{"uv":[0,0,0,0.75],"texture":"#3"},"up":{"uv":[0.75,0,0,0],"texture":"#3"},"down":{"uv":[0.75,0,0,0],"texture":"#3"}}},{"name":"head","from":[6,13.9,6],"to":[10,17.9,10],"rotation":{"angle":0,"axis":"y","origin":[6,13.9,3]},"faces":{"north":{"uv":[7,4.75,8,5.75],"texture":"#3"},"east":{"uv":[7,5.75,8,6.75],"texture":"#3"},"south":{"uv":[7,5.75,8,6.75],"texture":"#3"},"west":{"uv":[7,6.75,8,7.75],"texture":"#3"},"up":{"uv":[8.25,1,7.25,0],"texture":"#3"},"down":{"uv":[8.25,1,7.25,2],"texture":"#3"}}},{"from":[7.025,4,7.025],"to":[8.975,15.7,8.975],"rotation":{"angle":0,"axis":"y","origin":[7.9875,12.1625,7.75]},"faces":{"north":{"uv":[4.25,6.5,4.75,9.375],"texture":"#3"},"east":{"uv":[4.75,6.5,5.25,9.375],"texture":"#3"},"south":{"uv":[6.5,4.75,7,7.625],"texture":"#3"},"west":{"uv":[5.25,6.5,5.75,9.375],"texture":"#3"},"up":{"uv":[4.25,1.75,3.75,1.25],"texture":"#3"},"down":{"uv":[4.75,1.25,4.25,1.75],"texture":"#3"}}},{"from":[6.7,0.1,6.7],"to":[9.3,4,9.3],"rotation":{"angle":0,"axis":"y","origin":[7.9875,12.1625,7.75]},"faces":{"north":{"uv":[5.5,0,6.125,1],"texture":"#3"},"east":{"uv":[7.5,3.5,8.125,4.5],"texture":"#3"},"south":{"uv":[0.75,7.75,1.375,8.75],"texture":"#3"},"west":{"uv":[1.5,7.75,2.125,8.75],"texture":"#3"},"up":{"uv":[8.625,6.625,8,6],"texture":"#3"},"down":{"uv":[8.625,6.75,8,7.375],"texture":"#3"}}},{"from":[6.7,17.7,6.05],"to":[9.3,24.6,9.95],"rotation":{"angle":0,"axis":"y","origin":[7.9875,11.4625,7.75]},"faces":{"north":{"uv":[5.75,6.5,6.375,8.25],"texture":"#3"},"east":{"uv":[3.5,4.75,4.5,6.5],"texture":"#3"},"south":{"uv":[0,6.75,0.625,8.5],"texture":"#3"},"west":{"uv":[4.5,4.75,5.5,6.5],"texture":"#3"},"up":{"uv":[2.875,8.75,2.25,7.75],"texture":"#3"},"down":{"uv":[3.625,7.75,3,8.75],"texture":"#3"}}},{"from":[4.8875,18.9,5.5625],"to":[11.3875,24.1,10.7625],"rotation":{"angle":0,"axis":"y","origin":[8.3875,11.4625,8.15]},"faces":{"north":{"uv":[3.5,3.5,5.125,4.75],"texture":"#3"},"east":{"uv":[6.25,3.5,7.5,4.75],"texture":"#3"},"south":{"uv":[0,3.75,1.625,5],"texture":"#3"},"west":{"uv":[3,6.5,4.25,7.75],"texture":"#3"},"up":{"uv":[5.375,1.25,3.75,0],"texture":"#3"},"down":{"uv":[3.375,3.75,1.75,5],"texture":"#3"}}},{"from":[11.2875,18.25,4.9125],"to":[15.1875,24.75,11.4125],"rotation":{"angle":0,"axis":"y","origin":[8.2875,11.4625,8.45]},"faces":{"north":{"uv":[0,5,1,6.625],"texture":"#3"},"east":{"uv":[0,2,1.625,3.625],"texture":"#3"},"south":{"uv":[1,5,2,6.625],"texture":"#3"},"west":{"uv":[2,0,3.625,1.625],"texture":"#3"},"up":{"uv":[3,6.625,2,5],"texture":"#3"},"down":{"uv":[6.25,1.25,5.25,2.875],"texture":"#3"}}},{"from":[0.8875,18.25,4.8125],"to":[4.7875,24.75,11.3125],"rotation":{"angle":0,"axis":"y","origin":[-2.1125,11.4625,8.05]},"faces":{"north":{"uv":[5.25,3,6.25,4.625],"texture":"#3"},"east":{"uv":[1.75,2,3.375,3.625],"texture":"#3"},"south":{"uv":[5.5,4.75,6.5,6.375],"texture":"#3"},"west":{"uv":[3.5,1.75,5.125,3.375],"texture":"#3"},"up":{"uv":[7.25,1.625,6.25,0],"texture":"#3"},"down":{"uv":[7.25,1.75,6.25,3.375],"texture":"#3"}}},{"from":[3.975,24.9625,4.1625],"to":[11.975,24.9625,12.1625],"rotation":{"angle":0,"axis":"y","origin":[-2.1125,15.9625,8.15]},"faces":{"north":{"uv":[0,0,0,2],"texture":"#3"},"east":{"uv":[0,0,0,2],"texture":"#3"},"south":{"uv":[0,0,0,2],"texture":"#3"},"west":{"uv":[0,0,0,2],"texture":"#3"},"up":{"uv":[2,2,0,0],"texture":"#3"},"down":{"uv":[2,0,0,2],"texture":"#3"}}},{"from":[15.6875,17.375,4.1625],"to":[15.6875,25.375,12.1625],"rotation":{"angle":0,"axis":"z","origin":[6.6875,31.4625,8.15]},"faces":{"north":{"uv":[0,0,0,2],"texture":"#3"},"east":{"uv":[0,0,2,2],"texture":"#3"},"south":{"uv":[0,0,0,2],"texture":"#3"},"west":{"uv":[0,0,2,2],"texture":"#3"},"up":{"uv":[0,2,0,0],"texture":"#3"},"down":{"uv":[0,0,0,2],"texture":"#3"}}},{"from":[0.5875,17.375,4.1625],"to":[0.5875,25.375,12.1625],"rotation":{"angle":0,"axis":"y","origin":[-8.4125,31.4625,8.15]},"faces":{"north":{"uv":[0,0,0,2],"texture":"#3"},"east":{"uv":[0,0,2,2],"texture":"#3"},"south":{"uv":[0,0,0,2],"texture":"#3"},"west":{"uv":[0,0,2,2],"texture":"#3"},"up":{"uv":[0,2,0,0],"texture":"#3"},"down":{"uv":[0,0,0,2],"texture":"#3"}}},{"from":[5.5,-0.4375,5.4625],"to":[10.4,-0.4375,10.4625],"rotation":{"angle":0,"axis":"y","origin":[17.9875,8.5625,7.95]},"faces":{"north":{"uv":[0,0,0,2],"texture":"#3"},"east":{"uv":[0,0,0,2],"texture":"#3"},"south":{"uv":[0,0,0,2],"texture":"#3"},"west":{"uv":[0,0,0,2],"texture":"#3"},"up":{"uv":[2,2,0,0],"texture":"#3"},"down":{"uv":[2,0,0,2],"texture":"#3"}}},{"from":[5.5,18.3625,5.5375],"to":[10.5,18.3625,10.4375],"rotation":{"angle":0,"axis":"y","origin":[7.9875,27.3625,-2.05]},"faces":{"north":{"uv":[0,0,0,2],"texture":"#3"},"east":{"uv":[0,0,0,2],"texture":"#3"},"south":{"uv":[0,0,0,2],"texture":"#3"},"west":{"uv":[0,0,0,2],"texture":"#3"},"up":{"uv":[2,2,0,0],"rotation":270,"texture":"#3"},"down":{"uv":[2,0,0,2],"rotation":90,"texture":"#3"}}},{"from":[5.5,25.6625,5.4625],"to":[10.4,25.6625,10.4625],"rotation":{"angle":0,"axis":"y","origin":[17.9875,34.6625,7.95]},"faces":{"north":{"uv":[0,0,0,2],"texture":"#3"},"east":{"uv":[0,0,0,2],"texture":"#3"},"south":{"uv":[0,0,0,2],"texture":"#3"},"west":{"uv":[0,0,0,2],"texture":"#3"},"up":{"uv":[2,2,0,0],"texture":"#3"},"down":{"uv":[2,0,0,2],"texture":"#3"}}}],"display":{"thirdperson_righthand":{"rotation":[0,90,0],"translation":[0,0.25,0.25],"scale":[0.73242,0.70898,0.71484]},"thirdperson_lefthand":{"rotation":[0,90,0],"translation":[0,0.25,0.25],"scale":[0.73242,0.70898,0.71484]},"firstperson_righthand":{"rotation":[0,90,20],"translation":[0.75,0.75,0],"scale":[0.6,0.6,0.4]},"firstperson_lefthand":{"rotation":[0,90,20],"translation":[0.75,0.75,0],"scale":[0.6,0.6,0.4]},"ground":{"translation":[0,2,0],"scale":[0.6,0.6,0.6]},"gui":{"rotation":[25,220,0],"translation":[0,-2.75,0],"scale":[0.5,0.5,0.5]},"head":{"rotation":[-180,1,-38],"translation":[-3.25,-9,7.5],"scale":[1.2,1.2,1.39]},"fixed":{"translation":[0,0,-7.5],"scale":[1.3,1.3,1.3]}}}