{"credit":"Made with Blockbench","textures":{"0":"zenavia:swords/regle","particle":"zenavia:swords/regle"},"elements":[{"from":[7,0,7.7],"to":[9,12,7.8],"rotation":{"angle":0,"axis":"y","origin":[7,0,6]},"faces":{"north":{"uv":[2,0,4,12],"texture":"#0"},"east":{"uv":[5,0,5.25,12],"texture":"#0"},"south":{"uv":[4,0,2,12],"texture":"#0"},"west":{"uv":[5,0,5.25,12],"texture":"#0"},"up":{"uv":[8,0.25,6,0],"texture":"#0"},"down":{"uv":[8,0,6,0.25],"texture":"#0"}}}],"display":{"thirdperson_righthand":{"rotation":[12,-30,15],"translation":[-1.5,7.25,1.75]},"thirdperson_lefthand":{"rotation":[12,-30,15],"translation":[-1.5,7.25,1.75]},"firstperson_righthand":{"rotation":[-3.75,73.5,0],"translation":[3,7.5,0.5]},"firstperson_lefthand":{"rotation":[-3.75,73.5,0],"translation":[3,7.5,0.5]},"ground":{"rotation":[-63.64,-24.4,38.46]},"gui":{"rotation":[-40,0,-40],"translation":[1.75,2,0],"scale":[1.5,1.5,1.5]},"head":{"rotation":[0,0,-69.25],"translation":[-3.5,8.25,0]}}}