{"credit":"Made with Blockbench","texture_size":[32,32],"textures":{"1":"zenavia:swords/volcanosword"},"elements":[{"from":[7,3.75,7.25],"to":[8.65,10.5,8.5],"rotation":{"angle":0,"axis":"y","origin":[7,4.5,7.25]},"faces":{"north":{"uv":[2,7,3,10.5],"texture":"#1"},"east":{"uv":[5,9,5.5,12.5],"texture":"#1"},"south":{"uv":[8.5,2,9.5,5.5],"texture":"#1"},"west":{"uv":[9.5,2,10,5.5],"texture":"#1"},"up":{"uv":[11.5,8,10.5,7.5],"texture":"#1"},"down":{"uv":[11.5,8,10.5,8.5],"texture":"#1"}}},{"from":[7.04,3.24,7.24],"to":[8.91,4.56,8.51],"rotation":{"angle":45,"axis":"z","origin":[8.075,3.75,7.875]},"faces":{"north":{"uv":[10.5,8.5,11.5,9],"texture":"#1"},"east":{"uv":[11.5,6.5,12,7],"texture":"#1"},"south":{"uv":[9,10.5,10,11],"texture":"#1"},"west":{"uv":[11.5,7.5,12,8],"texture":"#1"},"up":{"uv":[11.5,9.5,10.5,9],"texture":"#1"},"down":{"uv":[11.5,9.5,10.5,10],"texture":"#1"}}},{"from":[6.649,9.999,6.999],"to":[9.001,11.701,8.801],"rotation":{"angle":0,"axis":"y","origin":[6.75,10,7]},"faces":{"north":{"uv":[8.5,5.5,9.5,6.5],"texture":"#1"},"east":{"uv":[8.5,6.5,9.5,7.5],"texture":"#1"},"south":{"uv":[5.5,9.5,6.5,10.5],"texture":"#1"},"west":{"uv":[9.5,5.5,10.5,6.5],"texture":"#1"},"up":{"uv":[7.5,10.5,6.5,9.5],"texture":"#1"},"down":{"uv":[10.5,6.5,9.5,7.5],"texture":"#1"}}},{"from":[6.299,10.949,7.599],"to":[9.351,24.951,8.201],"rotation":{"angle":0,"axis":"y","origin":[6.75,11.75,7]},"faces":{"north":{"uv":[0,0,1.5,7],"texture":"#1"},"east":{"uv":[0,9,0.5,16],"texture":"#1"},"south":{"uv":[1.5,0,3,7],"texture":"#1"},"west":{"uv":[0.5,9,1,16],"texture":"#1"},"up":{"uv":[11.5,3.5,10,3],"texture":"#1"},"down":{"uv":[11.5,3.5,10,4],"texture":"#1"}}},{"from":[6.54,23.44,7.59],"to":[8.86,25.71,8.21],"rotation":{"angle":45,"axis":"z","origin":[7.325,24.95,7.9]},"faces":{"north":{"uv":[7.5,9.5,8.5,10.5],"texture":"#1"},"east":{"uv":[5.5,6.5,6,7.5],"texture":"#1"},"south":{"uv":[9.5,7.5,10.5,8.5],"texture":"#1"},"west":{"uv":[10,10.5,10.5,11.5],"texture":"#1"},"up":{"uv":[11.5,10.5,10.5,10],"texture":"#1"},"down":{"uv":[11.5,10.5,10.5,11],"texture":"#1"}}},{"from":[4.399,9.999,7.499],"to":[7.251,11.201,8.301],"rotation":{"angle":0,"axis":"y","origin":[5,9.5,7]},"faces":{"north":{"uv":[10,4,11.5,4.5],"texture":"#1"},"east":{"uv":[11.5,8,12,8.5],"texture":"#1"},"south":{"uv":[10,4.5,11.5,5],"texture":"#1"},"west":{"uv":[11.5,8.5,12,9],"texture":"#1"},"up":{"uv":[11.5,5.5,10,5],"texture":"#1"},"down":{"uv":[12,0,10.5,0.5],"texture":"#1"}}},{"from":[3.149,10.499,7.499],"to":[4.501,11.201,8.201],"rotation":{"angle":0,"axis":"y","origin":[2.25,9.5,7]},"faces":{"north":{"uv":[9,11.5,9.5,12],"texture":"#1"},"east":{"uv":[11.5,9,12,9.5],"texture":"#1"},"south":{"uv":[9.5,11.5,10,12],"texture":"#1"},"west":{"uv":[11.5,9.5,12,10],"texture":"#1"},"up":{"uv":[10.5,12,10,11.5],"texture":"#1"},"down":{"uv":[12,10,11.5,10.5],"texture":"#1"}}},{"from":[11.249,9.999,7.499],"to":[12.601,10.701,8.301],"rotation":{"angle":0,"axis":"y","origin":[10.35,9,7]},"faces":{"north":{"uv":[10.5,11.5,11,12],"texture":"#1"},"east":{"uv":[11.5,10.5,12,11],"texture":"#1"},"south":{"uv":[11,11.5,11.5,12],"texture":"#1"},"west":{"uv":[11.5,11,12,11.5],"texture":"#1"},"up":{"uv":[12,12,11.5,11.5],"texture":"#1"},"down":{"uv":[12.5,0,12,0.5],"texture":"#1"}}},{"from":[8.899,9.999,7.499],"to":[11.251,11.201,8.301],"rotation":{"angle":0,"axis":"y","origin":[9,9.5,7]},"faces":{"north":{"uv":[11,0.5,12,1],"texture":"#1"},"east":{"uv":[12,0.5,12.5,1],"texture":"#1"},"south":{"uv":[11,1,12,1.5],"texture":"#1"},"west":{"uv":[12,1,12.5,1.5],"texture":"#1"},"up":{"uv":[12,2,11,1.5],"texture":"#1"},"down":{"uv":[12,2,11,2.5],"texture":"#1"}}},{"from":[8.249,11.699,7.099],"to":[9.001,13.001,7.551],"rotation":{"angle":0,"axis":"y","origin":[6.75,11.7,7]},"faces":{"north":{"uv":[12,1.5,12.5,2],"texture":"#1"},"east":{"uv":[2,12,2.5,12.5],"texture":"#1"},"south":{"uv":[12,2,12.5,2.5],"texture":"#1"},"west":{"uv":[2.5,12,3,12.5],"texture":"#1"},"up":{"uv":[12.5,3,12,2.5],"texture":"#1"},"down":{"uv":[12.5,3,12,3.5],"texture":"#1"}}},{"from":[8.25,11.7,8.1],"to":[9,13,8.65],"rotation":{"angle":0,"axis":"y","origin":[6.75,11.7,8]},"faces":{"north":{"uv":[12,3.5,12.5,4],"texture":"#1"},"east":{"uv":[12,4,12.5,4.5],"texture":"#1"},"south":{"uv":[12,4.5,12.5,5],"texture":"#1"},"west":{"uv":[5.5,12,6,12.5],"texture":"#1"},"up":{"uv":[12.5,6,12,5.5],"texture":"#1"},"down":{"uv":[6.5,12,6,12.5],"texture":"#1"}}},{"from":[6.749,8.699,7.149],"to":[7.501,10.001,8.651],"rotation":{"angle":0,"axis":"y","origin":[5.25,8.7,7]},"faces":{"north":{"uv":[6.5,12,7,12.5],"texture":"#1"},"east":{"uv":[11,2.5,12,3],"texture":"#1"},"south":{"uv":[12,6.5,12.5,7],"texture":"#1"},"west":{"uv":[11,5.5,12,6],"texture":"#1"},"up":{"uv":[11.5,7,11,6],"texture":"#1"},"down":{"uv":[8,11,7.5,12],"texture":"#1"}}},{"from":[4.75,9.5,7.75],"to":[6.75,11.75,8],"rotation":{"angle":0,"axis":"y","origin":[4.75,9.5,6.75]},"faces":{"north":{"uv":[8.5,9.5,9.5,10.5],"texture":"#1"},"east":{"uv":[8,11,8.5,12],"texture":"#1"},"south":{"uv":[9.5,8.5,10.5,9.5],"texture":"#1"},"west":{"uv":[8.5,11,9,12],"texture":"#1"},"up":{"uv":[10,11.5,9,11],"texture":"#1"},"down":{"uv":[11.5,11,10.5,11.5],"texture":"#1"}}},{"from":[10,9.5,7.75],"to":[12,11.75,8],"rotation":{"angle":0,"axis":"y","origin":[10,9.5,6.75]},"faces":{"north":{"uv":[9.5,9.5,10.5,10.5],"texture":"#1"},"east":{"uv":[11.5,3,12,4],"texture":"#1"},"south":{"uv":[10,2,11,3],"texture":"#1"},"west":{"uv":[11.5,4,12,5],"texture":"#1"},"up":{"uv":[12.5,5.5,11.5,5],"texture":"#1"},"down":{"uv":[12.5,6,11.5,6.5],"texture":"#1"}}},{"from":[2.75,8.5,7.9],"to":[6.75,12.75,7.9],"rotation":{"angle":0,"axis":"y","origin":[4.75,9.5,6.65]},"faces":{"north":{"uv":[0,7,2,9],"texture":"#1"},"east":{"uv":[0,0,0,2],"texture":"#1"},"south":{"uv":[5.5,7.5,7.5,9.5],"texture":"#1"},"west":{"uv":[0,0,0,2],"texture":"#1"},"up":{"uv":[2,0,0,0],"texture":"#1"},"down":{"uv":[2,0,0,0],"texture":"#1"}}},{"from":[8.75,8.5,7.9],"to":[12.75,12.75,7.9],"rotation":{"angle":0,"axis":"y","origin":[10.75,9.5,6.65]},"faces":{"north":{"uv":[7.5,7.5,9.5,9.5],"texture":"#1"},"east":{"uv":[0,0,0,2],"texture":"#1"},"south":{"uv":[8.5,0,10.5,2],"texture":"#1"},"west":{"uv":[0,0,0,2],"texture":"#1"},"up":{"uv":[2,0,0,0],"texture":"#1"},"down":{"uv":[2,0,0,0],"texture":"#1"}}},{"from":[5,8.5,7.2],"to":[10,13.75,7.2],"rotation":{"angle":0,"axis":"y","origin":[7.5,10,5.95]},"faces":{"north":{"uv":[6,0,8.5,2.5],"texture":"#1"},"east":{"uv":[0,0,0,2.5],"texture":"#1"},"south":{"uv":[6,2.5,8.5,5],"texture":"#1"},"west":{"uv":[0,0,0,2.5],"texture":"#1"},"up":{"uv":[2.5,0,0,0],"texture":"#1"},"down":{"uv":[2.5,0,0,0],"texture":"#1"}}},{"from":[5.25,8.5,8.55],"to":[10.25,13.75,8.55],"rotation":{"angle":0,"axis":"y","origin":[7.75,10,7.3]},"faces":{"north":{"uv":[6,5,8.5,7.5],"texture":"#1"},"east":{"uv":[0,0,0,2.5],"texture":"#1"},"south":{"uv":[3,6.5,5.5,9],"texture":"#1"},"west":{"uv":[0,0,0,2.5],"texture":"#1"},"up":{"uv":[2.5,0,0,0],"texture":"#1"},"down":{"uv":[2.5,0,0,0],"texture":"#1"}}},{"from":[7.35,11.25,7.45],"to":[8.25,24.15,8.35],"rotation":{"angle":0,"axis":"y","origin":[6.75,15.25,6.25]},"faces":{"north":{"uv":[3,9,3.5,14.5],"texture":"#1"},"east":{"uv":[3.5,9,4,14.5],"texture":"#1"},"south":{"uv":[4,9,4.5,14.5],"texture":"#1"},"west":{"uv":[4.5,9,5,14.5],"texture":"#1"},"up":{"uv":[7.5,12.5,7,12],"texture":"#1"},"down":{"uv":[12.5,7,12,7.5],"texture":"#1"}}},{"from":[7.55,24,7.45],"to":[8.25,25.15,8.35],"rotation":{"angle":0,"axis":"y","origin":[6.75,16.25,6.25]},"faces":{"north":{"uv":[7.5,12,8,12.5],"texture":"#1"},"east":{"uv":[12,7.5,12.5,8],"texture":"#1"},"south":{"uv":[8,12,8.5,12.5],"texture":"#1"},"west":{"uv":[12,8,12.5,8.5],"texture":"#1"},"up":{"uv":[9,12.5,8.5,12],"texture":"#1"},"down":{"uv":[12.5,8.5,12,9],"texture":"#1"}}},{"from":[6.8,16.75,7.45],"to":[7.4,19.9,8.35],"rotation":{"angle":0,"axis":"y","origin":[6,15.25,6.25]},"faces":{"north":{"uv":[10.5,0.5,11,2],"texture":"#1"},"east":{"uv":[2,10.5,2.5,12],"texture":"#1"},"south":{"uv":[2.5,10.5,3,12],"texture":"#1"},"west":{"uv":[5.5,10.5,6,12],"texture":"#1"},"up":{"uv":[9.5,12.5,9,12],"texture":"#1"},"down":{"uv":[12.5,9,12,9.5],"texture":"#1"}}},{"from":[8.2,20.5,7.55],"to":[8.8,23.65,8.25],"rotation":{"angle":0,"axis":"y","origin":[7.6,19,6.25]},"faces":{"north":{"uv":[10.5,5.5,11,7],"texture":"#1"},"east":{"uv":[6,10.5,6.5,12],"texture":"#1"},"south":{"uv":[6.5,10.5,7,12],"texture":"#1"},"west":{"uv":[7,10.5,7.5,12],"texture":"#1"},"up":{"uv":[10,12.5,9.5,12],"texture":"#1"},"down":{"uv":[12.5,9.5,12,10],"texture":"#1"}}},{"from":[9.101,12.699,8.001],"to":[11.851,25.199,8.001],"rotation":{"angle":0,"axis":"y","origin":[9.351,14.449,6.201]},"faces":{"north":{"uv":[3,0,4.5,6.5],"texture":"#1"},"east":{"uv":[1,9,1.5,15.5],"texture":"#1"},"south":{"uv":[4.5,0,6,6.5],"texture":"#1"},"west":{"uv":[1.5,9,2,15.5],"texture":"#1"},"up":{"uv":[12,7.5,10.5,7],"texture":"#1"},"down":{"uv":[9,10.5,7.5,11],"texture":"#1"}}}],"display":{"thirdperson_righthand":{"rotation":[0,88,0],"translation":[0.25,-1,0.75]},"thirdperson_lefthand":{"rotation":[0,88,0],"translation":[0.25,-0.75,0.75]},"firstperson_righthand":{"rotation":[0,-85,9],"translation":[2.5,-0.5,0],"scale":[0.71,0.71,0.71]},"firstperson_lefthand":{"rotation":[0,-85,9],"translation":[2.5,-0.5,0],"scale":[0.71,0.71,0.71]},"gui":{"rotation":[0,0,26],"translation":[2,-4.75,0],"scale":[0.83,0.83,0.83]},"fixed":{"translation":[1.25,-5,0]}}}