{"parent":"item/wynn/template/hat","textures":{"0":"skins/candle","particle":"skins/candle"},"elements":[{"from":[2.5,1,1.25],"to":[5.5,2,2.25],"rotation":{"angle":22.5,"axis":"y","origin":[4,2.5,1.75]},"faces":{"north":{"uv":[13,8,16,9],"texture":"#0"},"east":{"uv":[13,8,14,9],"texture":"#0"},"south":{"uv":[13,8,16,9],"texture":"#0"},"west":{"uv":[13,8,14,9],"texture":"#0"},"up":{"uv":[13,8,16,9],"texture":"#0"},"down":{"uv":[13,8,16,9],"texture":"#0"}}},{"from":[2.5,3,1.25],"to":[5.5,4,2.25],"rotation":{"angle":22.5,"axis":"y","origin":[4,2.5,1.75]},"faces":{"north":{"uv":[13,8,16,9],"texture":"#0"},"east":{"uv":[13,8,14,9],"texture":"#0"},"south":{"uv":[13,8,16,9],"texture":"#0"},"west":{"uv":[13,8,14,9],"texture":"#0"},"up":{"uv":[13,8,16,9],"texture":"#0"},"down":{"uv":[13,8,16,9],"texture":"#0"}}},{"from":[5.01,1.51,1.26],"to":[5.99,3.49,2.24],"rotation":{"angle":22.5,"axis":"y","origin":[4,2.5,1.75]},"faces":{"north":{"uv":[13,8,14,10],"texture":"#0"},"east":{"uv":[13,8,14,10],"texture":"#0"},"south":{"uv":[13,8,14,10],"texture":"#0"},"west":{"uv":[13,8,14,10],"texture":"#0"},"up":{"uv":[13,8,14,9],"texture":"#0"},"down":{"uv":[13,8,14,9],"texture":"#0"}}},{"from":[2.01,1.51,1.26],"to":[2.99,3.49,2.24],"rotation":{"angle":22.5,"axis":"y","origin":[4,2.5,1.75]},"faces":{"north":{"uv":[13,8,14,10],"texture":"#0"},"east":{"uv":[13,8,14,10],"texture":"#0"},"south":{"uv":[13,8,14,10],"texture":"#0"},"west":{"uv":[13,8,14,10],"texture":"#0"},"up":{"uv":[13,8,14,9],"texture":"#0"},"down":{"uv":[13,8,14,9],"texture":"#0"}}},{"from":[13.51,1.51,6.01],"to":[14.49,3.49,6.99],"rotation":{"angle":22.5,"axis":"z","origin":[14,2.5,5]},"faces":{"north":{"uv":[14,8,13,10],"texture":"#0"},"east":{"uv":[14,8,13,10],"texture":"#0"},"south":{"uv":[14,8,13,10],"texture":"#0"},"west":{"uv":[14,8,13,10],"texture":"#0"},"up":{"uv":[13,9,14,8],"rotation":270,"texture":"#0"},"down":{"uv":[13,9,14,8],"rotation":90,"texture":"#0"}}},{"from":[13.5,1,3.5],"to":[14.5,2,6.5],"rotation":{"angle":22.5,"axis":"z","origin":[14,2.5,5]},"faces":{"north":{"uv":[14,8,13,9],"texture":"#0"},"east":{"uv":[16,8,13,9],"texture":"#0"},"south":{"uv":[14,8,13,9],"texture":"#0"},"west":{"uv":[16,8,13,9],"texture":"#0"},"up":{"uv":[13,9,16,8],"rotation":270,"texture":"#0"},"down":{"uv":[13,9,16,8],"rotation":90,"texture":"#0"}}},{"from":[13.5,3,3.5],"to":[14.5,4,6.5],"rotation":{"angle":22.5,"axis":"z","origin":[14,2.5,5]},"faces":{"north":{"uv":[14,8,13,9],"texture":"#0"},"east":{"uv":[16,8,13,9],"texture":"#0"},"south":{"uv":[14,8,13,9],"texture":"#0"},"west":{"uv":[16,8,13,9],"texture":"#0"},"up":{"uv":[13,9,16,8],"rotation":270,"texture":"#0"},"down":{"uv":[13,9,16,8],"rotation":90,"texture":"#0"}}},{"from":[13.51,1.51,3.01],"to":[14.49,3.49,3.99],"rotation":{"angle":22.5,"axis":"z","origin":[14,2.5,5]},"faces":{"north":{"uv":[14,8,13,10],"texture":"#0"},"east":{"uv":[14,8,13,10],"texture":"#0"},"south":{"uv":[14,8,13,10],"texture":"#0"},"west":{"uv":[14,8,13,10],"texture":"#0"},"up":{"uv":[13,9,14,8],"rotation":270,"texture":"#0"},"down":{"uv":[13,9,14,8],"rotation":90,"texture":"#0"}}},{"from":[13.51,2.01,8.26],"to":[14.49,3.99,9.24],"rotation":{"angle":-45,"axis":"z","origin":[14,3,7.25]},"faces":{"north":{"uv":[14,8,13,10],"texture":"#0"},"east":{"uv":[14,8,13,10],"texture":"#0"},"south":{"uv":[14,8,13,10],"texture":"#0"},"west":{"uv":[14,8,13,10],"texture":"#0"},"up":{"uv":[13,9,14,8],"rotation":270,"texture":"#0"},"down":{"uv":[13,9,14,8],"rotation":90,"texture":"#0"}}},{"from":[13.5,1.5,5.75],"to":[14.5,2.5,8.75],"rotation":{"angle":-45,"axis":"z","origin":[14,3,7.25]},"faces":{"north":{"uv":[14,8,13,9],"texture":"#0"},"east":{"uv":[16,8,13,9],"texture":"#0"},"south":{"uv":[14,8,13,9],"texture":"#0"},"west":{"uv":[16,8,13,9],"texture":"#0"},"up":{"uv":[13,9,16,8],"rotation":270,"texture":"#0"},"down":{"uv":[13,9,16,8],"rotation":90,"texture":"#0"}}},{"from":[1.51,2.01,5.26],"to":[2.49,3.99,6.24],"rotation":{"angle":45,"axis":"z","origin":[2,3,7.25]},"faces":{"north":{"uv":[13,8,14,10],"texture":"#0"},"east":{"uv":[13,8,14,10],"texture":"#0"},"south":{"uv":[13,8,14,10],"texture":"#0"},"west":{"uv":[13,8,14,10],"texture":"#0"},"up":{"uv":[13,8,14,9],"rotation":270,"texture":"#0"},"down":{"uv":[13,8,14,9],"rotation":90,"texture":"#0"}}},{"from":[13.5,3.5,5.75],"to":[14.5,4.5,8.75],"rotation":{"angle":-45,"axis":"z","origin":[14,3,7.25]},"faces":{"north":{"uv":[14,8,13,9],"texture":"#0"},"east":{"uv":[16,8,13,9],"texture":"#0"},"south":{"uv":[14,8,13,9],"texture":"#0"},"west":{"uv":[16,8,13,9],"texture":"#0"},"up":{"uv":[13,9,16,8],"rotation":270,"texture":"#0"},"down":{"uv":[13,9,16,8],"rotation":90,"texture":"#0"}}},{"from":[13.51,1.76,10.51],"to":[14.49,3.74,11.49],"rotation":{"angle":22.5,"axis":"z","origin":[14,2.75,9.5]},"faces":{"north":{"uv":[14,8,13,10],"texture":"#0"},"east":{"uv":[14,8,13,10],"texture":"#0"},"south":{"uv":[14,8,13,10],"texture":"#0"},"west":{"uv":[14,8,13,10],"texture":"#0"},"up":{"uv":[13,9,14,8],"rotation":270,"texture":"#0"},"down":{"uv":[13,9,14,8],"rotation":90,"texture":"#0"}}},{"from":[13.5,1.25,8],"to":[14.5,2.25,11],"rotation":{"angle":22.5,"axis":"z","origin":[14,2.75,9.5]},"faces":{"north":{"uv":[14,8,13,9],"texture":"#0"},"east":{"uv":[16,8,13,9],"texture":"#0"},"south":{"uv":[14,8,13,9],"texture":"#0"},"west":{"uv":[16,8,13,9],"texture":"#0"},"up":{"uv":[13,9,16,8],"rotation":270,"texture":"#0"},"down":{"uv":[13,9,16,8],"rotation":90,"texture":"#0"}}},{"from":[13.51,1.76,7.51],"to":[14.49,3.74,8.49],"rotation":{"angle":22.5,"axis":"z","origin":[14,2.75,9.5]},"faces":{"north":{"uv":[14,8,13,10],"texture":"#0"},"east":{"uv":[14,8,13,10],"texture":"#0"},"south":{"uv":[14,8,13,10],"texture":"#0"},"west":{"uv":[14,8,13,10],"texture":"#0"},"up":{"uv":[13,9,14,8],"rotation":270,"texture":"#0"},"down":{"uv":[13,9,14,8],"rotation":90,"texture":"#0"}}},{"from":[13.5,3.25,8],"to":[14.5,4.25,11],"rotation":{"angle":22.5,"axis":"z","origin":[14,2.75,9.5]},"faces":{"north":{"uv":[14,8,13,9],"texture":"#0"},"east":{"uv":[16,8,13,9],"texture":"#0"},"south":{"uv":[14,8,13,9],"texture":"#0"},"west":{"uv":[16,8,13,9],"texture":"#0"},"up":{"uv":[13,9,16,8],"rotation":270,"texture":"#0"},"down":{"uv":[13,9,16,8],"rotation":90,"texture":"#0"}}},{"from":[1.5,3,3.5],"to":[2.5,4,6.5],"rotation":{"angle":-22.5,"axis":"z","origin":[2,2.5,5]},"faces":{"north":{"uv":[13,8,14,9],"texture":"#0"},"east":{"uv":[13,8,16,9],"texture":"#0"},"south":{"uv":[13,8,14,9],"texture":"#0"},"west":{"uv":[13,8,16,9],"texture":"#0"},"up":{"uv":[13,8,16,9],"rotation":270,"texture":"#0"},"down":{"uv":[13,8,16,9],"rotation":90,"texture":"#0"}}},{"from":[1.5,1,3.5],"to":[2.5,2,6.5],"rotation":{"angle":-22.5,"axis":"z","origin":[2,2.5,5]},"faces":{"north":{"uv":[13,8,14,9],"texture":"#0"},"east":{"uv":[13,8,16,9],"texture":"#0"},"south":{"uv":[13,8,14,9],"texture":"#0"},"west":{"uv":[13,8,16,9],"texture":"#0"},"up":{"uv":[13,8,16,9],"rotation":270,"texture":"#0"},"down":{"uv":[13,8,16,9],"rotation":90,"texture":"#0"}}},{"from":[1.51,1.51,6.01],"to":[2.49,3.49,6.99],"rotation":{"angle":-22.5,"axis":"z","origin":[2,2.5,5]},"faces":{"north":{"uv":[13,8,14,10],"texture":"#0"},"east":{"uv":[13,8,14,10],"texture":"#0"},"south":{"uv":[13,8,14,10],"texture":"#0"},"west":{"uv":[13,8,14,10],"texture":"#0"},"up":{"uv":[13,8,14,9],"rotation":270,"texture":"#0"},"down":{"uv":[13,8,14,9],"rotation":90,"texture":"#0"}}},{"from":[1.5,3.5,5.75],"to":[2.5,4.5,8.75],"rotation":{"angle":45,"axis":"z","origin":[2,3,7.25]},"faces":{"north":{"uv":[13,8,14,9],"texture":"#0"},"east":{"uv":[13,8,16,9],"texture":"#0"},"south":{"uv":[13,8,14,9],"texture":"#0"},"west":{"uv":[13,8,16,9],"texture":"#0"},"up":{"uv":[13,8,16,9],"rotation":270,"texture":"#0"},"down":{"uv":[13,8,16,9],"rotation":90,"texture":"#0"}}},{"from":[1.51,2.01,5.26],"to":[2.49,3.99,6.24],"rotation":{"angle":45,"axis":"z","origin":[2,3,7.25]},"faces":{"north":{"uv":[13,8,14,10],"texture":"#0"},"east":{"uv":[13,8,14,10],"texture":"#0"},"south":{"uv":[13,8,14,10],"texture":"#0"},"west":{"uv":[13,8,14,10],"texture":"#0"},"up":{"uv":[13,8,14,9],"rotation":270,"texture":"#0"},"down":{"uv":[13,8,14,9],"rotation":90,"texture":"#0"}}},{"from":[1.5,1.5,5.75],"to":[2.5,2.5,8.75],"rotation":{"angle":45,"axis":"z","origin":[2,3,7.25]},"faces":{"north":{"uv":[13,8,14,9],"texture":"#0"},"east":{"uv":[13,8,16,9],"texture":"#0"},"south":{"uv":[13,8,14,9],"texture":"#0"},"west":{"uv":[13,8,16,9],"texture":"#0"},"up":{"uv":[13,8,16,9],"rotation":270,"texture":"#0"},"down":{"uv":[13,8,16,9],"rotation":90,"texture":"#0"}}},{"from":[1.51,2.01,8.26],"to":[2.49,3.99,9.24],"rotation":{"angle":45,"axis":"z","origin":[2,3,7.25]},"faces":{"north":{"uv":[13,8,14,10],"texture":"#0"},"east":{"uv":[13,8,14,10],"texture":"#0"},"south":{"uv":[13,8,14,10],"texture":"#0"},"west":{"uv":[13,8,14,10],"texture":"#0"},"up":{"uv":[13,8,14,9],"rotation":270,"texture":"#0"},"down":{"uv":[13,8,14,9],"rotation":90,"texture":"#0"}}},{"from":[1.5,3.25,8],"to":[2.5,4.25,11],"rotation":{"angle":-22.5,"axis":"z","origin":[2,2.75,9.5]},"faces":{"north":{"uv":[13,8,14,9],"texture":"#0"},"east":{"uv":[13,8,16,9],"texture":"#0"},"south":{"uv":[13,8,14,9],"texture":"#0"},"west":{"uv":[13,8,16,9],"texture":"#0"},"up":{"uv":[13,8,16,9],"rotation":270,"texture":"#0"},"down":{"uv":[13,8,16,9],"rotation":90,"texture":"#0"}}},{"from":[1.51,1.76,7.51],"to":[2.49,3.74,8.49],"rotation":{"angle":-22.5,"axis":"z","origin":[2,2.75,9.5]},"faces":{"north":{"uv":[13,8,14,10],"texture":"#0"},"east":{"uv":[13,8,14,10],"texture":"#0"},"south":{"uv":[13,8,14,10],"texture":"#0"},"west":{"uv":[13,8,14,10],"texture":"#0"},"up":{"uv":[13,8,14,9],"rotation":270,"texture":"#0"},"down":{"uv":[13,8,14,9],"rotation":90,"texture":"#0"}}},{"from":[1.5,1.25,8],"to":[2.5,2.25,11],"rotation":{"angle":-22.5,"axis":"z","origin":[2,2.75,9.5]},"faces":{"north":{"uv":[13,8,14,9],"texture":"#0"},"east":{"uv":[13,8,16,9],"texture":"#0"},"south":{"uv":[13,8,14,9],"texture":"#0"},"west":{"uv":[13,8,16,9],"texture":"#0"},"up":{"uv":[13,8,16,9],"rotation":270,"texture":"#0"},"down":{"uv":[13,8,16,9],"rotation":90,"texture":"#0"}}},{"from":[1.51,1.76,10.51],"to":[2.49,3.74,11.49],"rotation":{"angle":-22.5,"axis":"z","origin":[2,2.75,9.5]},"faces":{"north":{"uv":[13,8,14,10],"texture":"#0"},"east":{"uv":[13,8,14,10],"texture":"#0"},"south":{"uv":[13,8,14,10],"texture":"#0"},"west":{"uv":[13,8,14,10],"texture":"#0"},"up":{"uv":[13,8,14,9],"rotation":270,"texture":"#0"},"down":{"uv":[13,8,14,9],"rotation":90,"texture":"#0"}}},{"from":[1.51,1.51,3.01],"to":[2.49,3.49,3.99],"rotation":{"angle":-22.5,"axis":"z","origin":[2,2.5,5]},"faces":{"north":{"uv":[13,8,14,10],"texture":"#0"},"east":{"uv":[13,8,14,10],"texture":"#0"},"south":{"uv":[13,8,14,10],"texture":"#0"},"west":{"uv":[13,8,14,10],"texture":"#0"},"up":{"uv":[13,8,14,9],"rotation":270,"texture":"#0"},"down":{"uv":[13,8,14,9],"rotation":90,"texture":"#0"}}},{"from":[4.01,1.51,0.51],"to":[4.99,2.49,2.49],"rotation":{"angle":-22.5,"axis":"x","origin":[6,2,1.5]},"faces":{"north":{"uv":[13,8,14,9],"texture":"#0"},"east":{"uv":[13,8,15,9],"texture":"#0"},"south":{"uv":[13,8,14,9],"texture":"#0"},"west":{"uv":[13,8,15,9],"texture":"#0"},"up":{"uv":[13,8,14,10],"texture":"#0"},"down":{"uv":[13,8,14,10],"texture":"#0"}}},{"from":[4.5,1.5,0],"to":[7.5,2.5,1],"rotation":{"angle":-22.5,"axis":"x","origin":[6,2,1.5]},"faces":{"north":{"uv":[13,8,16,9],"texture":"#0"},"east":{"uv":[13,8,14,9],"texture":"#0"},"south":{"uv":[13,8,16,9],"texture":"#0"},"west":{"uv":[13,8,14,9],"texture":"#0"},"up":{"uv":[13,8,16,9],"texture":"#0"},"down":{"uv":[13,8,16,9],"texture":"#0"}}},{"from":[7.01,1.51,0.51],"to":[7.99,2.49,2.49],"rotation":{"angle":-22.5,"axis":"x","origin":[6,2,1.5]},"faces":{"north":{"uv":[13,8,14,9],"texture":"#0"},"east":{"uv":[13,8,15,9],"texture":"#0"},"south":{"uv":[13,8,14,9],"texture":"#0"},"west":{"uv":[13,8,15,9],"texture":"#0"},"up":{"uv":[13,8,14,10],"texture":"#0"},"down":{"uv":[13,8,14,10],"texture":"#0"}}},{"from":[4.5,1.5,2],"to":[7.5,2.5,3],"rotation":{"angle":-22.5,"axis":"x","origin":[6,2,1.5]},"faces":{"north":{"uv":[13,8,16,9],"texture":"#0"},"east":{"uv":[13,8,14,9],"texture":"#0"},"south":{"uv":[13,8,16,9],"texture":"#0"},"west":{"uv":[13,8,14,9],"texture":"#0"},"up":{"uv":[13,8,16,9],"texture":"#0"},"down":{"uv":[13,8,16,9],"texture":"#0"}}},{"from":[8.75,1.5,0],"to":[11.75,2.5,1],"rotation":{"angle":-22.5,"axis":"x","origin":[10.25,2,1.5]},"faces":{"north":{"uv":[13,8,16,9],"texture":"#0"},"east":{"uv":[13,8,14,9],"texture":"#0"},"south":{"uv":[13,8,16,9],"texture":"#0"},"west":{"uv":[13,8,14,9],"texture":"#0"},"up":{"uv":[13,8,16,9],"texture":"#0"},"down":{"uv":[13,8,16,9],"texture":"#0"}}},{"from":[8.75,1.5,2],"to":[11.75,2.5,3],"rotation":{"angle":-22.5,"axis":"x","origin":[10.25,2,1.5]},"faces":{"north":{"uv":[13,8,16,9],"texture":"#0"},"east":{"uv":[13,8,14,9],"texture":"#0"},"south":{"uv":[13,8,16,9],"texture":"#0"},"west":{"uv":[13,8,14,9],"texture":"#0"},"up":{"uv":[13,8,16,9],"texture":"#0"},"down":{"uv":[13,8,16,9],"texture":"#0"}}},{"from":[8.26,1.51,0.51],"to":[9.24,2.49,2.49],"rotation":{"angle":-22.5,"axis":"x","origin":[10.25,2,1.5]},"faces":{"north":{"uv":[13,8,14,9],"texture":"#0"},"east":{"uv":[13,8,15,9],"texture":"#0"},"south":{"uv":[13,8,14,9],"texture":"#0"},"west":{"uv":[13,8,15,9],"texture":"#0"},"up":{"uv":[13,8,14,10],"texture":"#0"},"down":{"uv":[13,8,14,10],"texture":"#0"}}},{"from":[11.26,1.51,0.51],"to":[12.24,2.49,2.49],"rotation":{"angle":-22.5,"axis":"x","origin":[10.25,2,1.5]},"faces":{"north":{"uv":[13,8,14,9],"texture":"#0"},"east":{"uv":[13,8,15,9],"texture":"#0"},"south":{"uv":[13,8,14,9],"texture":"#0"},"west":{"uv":[13,8,15,9],"texture":"#0"},"up":{"uv":[13,8,14,10],"texture":"#0"},"down":{"uv":[13,8,14,10],"texture":"#0"}}},{"from":[10.76,1.51,1.51],"to":[11.74,3.49,2.49],"rotation":{"angle":-22.5,"axis":"y","origin":[12.75,2.5,2]},"faces":{"north":{"uv":[13,8,14,10],"texture":"#0"},"east":{"uv":[13,8,14,10],"texture":"#0"},"south":{"uv":[13,8,14,10],"texture":"#0"},"west":{"uv":[13,8,14,10],"texture":"#0"},"up":{"uv":[13,8,14,9],"texture":"#0"},"down":{"uv":[13,8,14,9],"texture":"#0"}}},{"from":[11.25,3,1.5],"to":[14.25,4,2.5],"rotation":{"angle":-22.5,"axis":"y","origin":[12.75,2.5,2]},"faces":{"north":{"uv":[13,8,16,9],"texture":"#0"},"east":{"uv":[13,8,14,9],"texture":"#0"},"south":{"uv":[13,8,16,9],"texture":"#0"},"west":{"uv":[13,8,14,9],"texture":"#0"},"up":{"uv":[13,8,16,9],"texture":"#0"},"down":{"uv":[13,8,16,9],"texture":"#0"}}},{"from":[13.76,1.51,1.51],"to":[14.74,3.49,2.49],"rotation":{"angle":-22.5,"axis":"y","origin":[12.75,2.5,2]},"faces":{"north":{"uv":[13,8,14,10],"texture":"#0"},"east":{"uv":[13,8,14,10],"texture":"#0"},"south":{"uv":[13,8,14,10],"texture":"#0"},"west":{"uv":[13,8,14,10],"texture":"#0"},"up":{"uv":[13,8,14,9],"texture":"#0"},"down":{"uv":[13,8,14,9],"texture":"#0"}}},{"from":[11.25,1,1.5],"to":[14.25,2,2.5],"rotation":{"angle":-22.5,"axis":"y","origin":[12.75,2.5,2]},"faces":{"north":{"uv":[13,8,16,9],"texture":"#0"},"east":{"uv":[13,8,14,9],"texture":"#0"},"south":{"uv":[13,8,16,9],"texture":"#0"},"west":{"uv":[13,8,14,9],"texture":"#0"},"up":{"uv":[13,8,16,9],"texture":"#0"},"down":{"uv":[13,8,16,9],"texture":"#0"}}},{"from":[14.75,2,2],"to":[15.75,3,5],"rotation":{"angle":22.5,"axis":"y","origin":[14.25,2.5,3.5]},"faces":{"north":{"uv":[13,8,14,9],"texture":"#0"},"east":{"uv":[13,8,16,9],"texture":"#0"},"south":{"uv":[13,8,14,9],"texture":"#0"},"west":{"uv":[13,8,16,9],"texture":"#0"},"up":{"uv":[14,7,15,10],"texture":"#0"},"down":{"uv":[14,7,15,10],"texture":"#0"}}},{"from":[13.26,2.01,1.51],"to":[15.24,2.99,2.49],"rotation":{"angle":22.5,"axis":"y","origin":[14.25,2.5,3.5]},"faces":{"north":{"uv":[13.5,7,15.5,7.5],"texture":"#0"},"east":{"uv":[13.5,7,14.5,8],"texture":"#0"},"south":{"uv":[13.5,7,15.5,7.5],"texture":"#0"},"west":{"uv":[13.5,7,15.5,7.5],"texture":"#0"},"up":{"uv":[13.5,7,15.5,7.5],"texture":"#0"},"down":{"uv":[13.5,7,15.5,7.5],"texture":"#0"}}},{"from":[12.75,2,2],"to":[13.75,3,5],"rotation":{"angle":22.5,"axis":"y","origin":[14.25,2.5,3.5]},"faces":{"north":{"uv":[13,8,14,9],"texture":"#0"},"east":{"uv":[13,8,16,9],"texture":"#0"},"south":{"uv":[13,8,14,9],"texture":"#0"},"west":{"uv":[13,8,16,9],"texture":"#0"},"up":{"uv":[14,7,15,10],"texture":"#0"},"down":{"uv":[14,7,15,10],"texture":"#0"}}},{"from":[13.26,2.01,4.51],"to":[15.24,2.99,5.49],"rotation":{"angle":22.5,"axis":"y","origin":[14.25,2.5,3.5]},"faces":{"north":{"uv":[13,7,15,7.5],"texture":"#0"},"east":{"uv":[13,7,15,7.5],"texture":"#0"},"south":{"uv":[13,7,15,7.5],"texture":"#0"},"west":{"uv":[13,7,15,7.5],"texture":"#0"},"up":{"uv":[13,7,15,7.5],"texture":"#0"},"down":{"uv":[13,7,15,7.5],"texture":"#0"}}},{"from":[0.64524,2,2.16866],"to":[1.64524,3,5.16866],"rotation":{"angle":-22.5,"axis":"y","origin":[2.25,2.5,8.75]},"faces":{"north":{"uv":[13,8,14,9],"texture":"#0"},"east":{"uv":[13,8,16,9],"texture":"#0"},"south":{"uv":[13,8,14,9],"texture":"#0"},"west":{"uv":[13,8,16,9],"texture":"#0"},"up":{"uv":[14,7,15,10],"texture":"#0"},"down":{"uv":[14,7,15,10],"texture":"#0"}}},{"from":[-0.84476,2.01,4.67866],"to":[1.13524,2.99,5.65866],"rotation":{"angle":-22.5,"axis":"y","origin":[2.25,2.5,8.75]},"faces":{"north":{"uv":[13,8,15,9],"texture":"#0"},"east":{"uv":[13,8,14,9],"texture":"#0"},"south":{"uv":[13,8,15,9],"texture":"#0"},"west":{"uv":[13,8,14,9],"texture":"#0"},"up":{"uv":[13,8,15,9],"texture":"#0"},"down":{"uv":[13,8,15,9],"texture":"#0"}}},{"from":[-1.35476,2,2.16866],"to":[-0.35476,3,5.16866],"rotation":{"angle":-22.5,"axis":"y","origin":[2.25,2.5,8.75]},"faces":{"north":{"uv":[13,8,14,9],"texture":"#0"},"east":{"uv":[13,8,16,9],"texture":"#0"},"south":{"uv":[13,8,14,9],"texture":"#0"},"west":{"uv":[13,8,16,9],"texture":"#0"},"up":{"uv":[14,7,15,10],"texture":"#0"},"down":{"uv":[14,7,15,10],"texture":"#0"}}},{"from":[-0.84476,2.01,1.67866],"to":[1.13524,2.99,2.65866],"rotation":{"angle":-22.5,"axis":"y","origin":[2.25,2.5,8.75]},"faces":{"north":{"uv":[13,8,15,9],"texture":"#0"},"east":{"uv":[13,8,14,9],"texture":"#0"},"south":{"uv":[13,8,15,9],"texture":"#0"},"west":{"uv":[13,8,14,9],"texture":"#0"},"up":{"uv":[13,8,15,9],"texture":"#0"},"down":{"uv":[13,8,15,9],"texture":"#0"}}},{"from":[6.5,2.25,1],"to":[9.5,3.25,2],"rotation":{"angle":22.5,"axis":"x","origin":[8,1.75,1.5]},"faces":{"north":{"uv":[13,8,16,9],"texture":"#0"},"east":{"uv":[13,8,14,9],"texture":"#0"},"south":{"uv":[13,8,16,9],"texture":"#0"},"west":{"uv":[13,8,14,9],"texture":"#0"},"up":{"uv":[13,8,16,9],"texture":"#0"},"down":{"uv":[13,8,16,9],"texture":"#0"}}},{"from":[9.01,0.76,1.01],"to":[9.99,2.74,1.99],"rotation":{"angle":22.5,"axis":"x","origin":[8,1.75,1.5]},"faces":{"north":{"uv":[13,8,14,10],"texture":"#0"},"east":{"uv":[13,8,14,10],"texture":"#0"},"south":{"uv":[13,8,14,10],"texture":"#0"},"west":{"uv":[13,8,14,10],"texture":"#0"},"up":{"uv":[13,8,14,9],"texture":"#0"},"down":{"uv":[13,8,14,9],"texture":"#0"}}},{"from":[6.5,0.25,1],"to":[9.5,1.25,2],"rotation":{"angle":22.5,"axis":"x","origin":[8,1.75,1.5]},"faces":{"north":{"uv":[13,8,16,9],"texture":"#0"},"east":{"uv":[13,8,14,9],"texture":"#0"},"south":{"uv":[13,8,16,9],"texture":"#0"},"west":{"uv":[13,8,14,9],"texture":"#0"},"up":{"uv":[13,8,16,9],"texture":"#0"},"down":{"uv":[13,8,16,9],"texture":"#0"}}},{"from":[6.01,0.76,1.01],"to":[6.99,2.74,1.99],"rotation":{"angle":22.5,"axis":"x","origin":[8,1.75,1.5]},"faces":{"north":{"uv":[13,8,14,10],"texture":"#0"},"east":{"uv":[13,8,14,10],"texture":"#0"},"south":{"uv":[13,8,14,10],"texture":"#0"},"west":{"uv":[13,8,14,10],"texture":"#0"},"up":{"uv":[13,8,14,9],"texture":"#0"},"down":{"uv":[13,8,14,9],"texture":"#0"}}},{"from":[2.5,1,12.75],"to":[5.5,2,13.75],"rotation":{"angle":-22.5,"axis":"y","origin":[4,2.5,13.25]},"faces":{"north":{"uv":[16,8,13,9],"texture":"#0"},"east":{"uv":[14,8,13,9],"texture":"#0"},"south":{"uv":[16,8,13,9],"texture":"#0"},"west":{"uv":[14,8,13,9],"texture":"#0"},"up":{"uv":[13,9,16,8],"texture":"#0"},"down":{"uv":[13,9,16,8],"texture":"#0"}}},{"from":[2.5,3,12.75],"to":[5.5,4,13.75],"rotation":{"angle":-22.5,"axis":"y","origin":[4,2.5,13.25]},"faces":{"north":{"uv":[16,8,13,9],"texture":"#0"},"east":{"uv":[14,8,13,9],"texture":"#0"},"south":{"uv":[16,8,13,9],"texture":"#0"},"west":{"uv":[14,8,13,9],"texture":"#0"},"up":{"uv":[13,9,16,8],"texture":"#0"},"down":{"uv":[13,9,16,8],"texture":"#0"}}},{"from":[5.01,1.51,12.76],"to":[5.99,3.49,13.74],"rotation":{"angle":-22.5,"axis":"y","origin":[4,2.5,13.25]},"faces":{"north":{"uv":[14,8,13,10],"texture":"#0"},"east":{"uv":[14,8,13,10],"texture":"#0"},"south":{"uv":[14,8,13,10],"texture":"#0"},"west":{"uv":[14,8,13,10],"texture":"#0"},"up":{"uv":[13,9,14,8],"texture":"#0"},"down":{"uv":[13,9,14,8],"texture":"#0"}}},{"from":[2.01,1.51,12.76],"to":[2.99,3.49,13.74],"rotation":{"angle":-22.5,"axis":"y","origin":[4,2.5,13.25]},"faces":{"north":{"uv":[14,8,13,10],"texture":"#0"},"east":{"uv":[14,8,13,10],"texture":"#0"},"south":{"uv":[14,8,13,10],"texture":"#0"},"west":{"uv":[14,8,13,10],"texture":"#0"},"up":{"uv":[13,9,14,8],"texture":"#0"},"down":{"uv":[13,9,14,8],"texture":"#0"}}},{"from":[4.5,1.5,12],"to":[7.5,2.5,13],"rotation":{"angle":22.5,"axis":"x","origin":[6,2,13.5]},"faces":{"north":{"uv":[16,8,13,9],"texture":"#0"},"east":{"uv":[14,8,13,9],"texture":"#0"},"south":{"uv":[16,8,13,9],"texture":"#0"},"west":{"uv":[14,8,13,9],"texture":"#0"},"up":{"uv":[13,9,16,8],"texture":"#0"},"down":{"uv":[13,9,16,8],"texture":"#0"}}},{"from":[7.01,1.51,12.51],"to":[7.99,2.49,14.49],"rotation":{"angle":22.5,"axis":"x","origin":[6,2,13.5]},"faces":{"north":{"uv":[14,8,13,9],"texture":"#0"},"east":{"uv":[15,8,13,9],"texture":"#0"},"south":{"uv":[14,8,13,9],"texture":"#0"},"west":{"uv":[15,8,13,9],"texture":"#0"},"up":{"uv":[13,10,14,8],"texture":"#0"},"down":{"uv":[13,10,14,8],"texture":"#0"}}},{"from":[4.5,1.5,14],"to":[7.5,2.5,15],"rotation":{"angle":22.5,"axis":"x","origin":[6,2,13.5]},"faces":{"north":{"uv":[16,8,13,9],"texture":"#0"},"east":{"uv":[14,8,13,9],"texture":"#0"},"south":{"uv":[16,8,13,9],"texture":"#0"},"west":{"uv":[14,8,13,9],"texture":"#0"},"up":{"uv":[13,9,16,8],"texture":"#0"},"down":{"uv":[13,9,16,8],"texture":"#0"}}},{"from":[4.01,1.51,12.51],"to":[4.99,2.49,14.49],"rotation":{"angle":22.5,"axis":"x","origin":[6,2,13.5]},"faces":{"north":{"uv":[14,8,13,9],"texture":"#0"},"east":{"uv":[15,8,13,9],"texture":"#0"},"south":{"uv":[14,8,13,9],"texture":"#0"},"west":{"uv":[15,8,13,9],"texture":"#0"},"up":{"uv":[13,10,14,8],"texture":"#0"},"down":{"uv":[13,10,14,8],"texture":"#0"}}},{"from":[7,0.25,13],"to":[10,1.25,14],"rotation":{"angle":22.5,"axis":"x","origin":[8.5,1.75,13.5]},"faces":{"north":{"uv":[16,8,13,9],"texture":"#0"},"east":{"uv":[14,8,13,9],"texture":"#0"},"south":{"uv":[16,8,13,9],"texture":"#0"},"west":{"uv":[14,8,13,9],"texture":"#0"},"up":{"uv":[13,9,16,8],"texture":"#0"},"down":{"uv":[13,9,16,8],"texture":"#0"}}},{"from":[6.51,0.76,13.01],"to":[7.49,2.74,13.99],"rotation":{"angle":22.5,"axis":"x","origin":[5.5,1.75,13.5]},"faces":{"north":{"uv":[14,8,13,10],"texture":"#0"},"east":{"uv":[14,8,13,10],"texture":"#0"},"south":{"uv":[14,8,13,10],"texture":"#0"},"west":{"uv":[14,8,13,10],"texture":"#0"},"up":{"uv":[13,9,14,8],"texture":"#0"},"down":{"uv":[13,9,14,8],"texture":"#0"}}},{"from":[6.51,0.76,13.01],"to":[7.49,2.74,13.99],"rotation":{"angle":22.5,"axis":"x","origin":[8.5,1.75,13.5]},"faces":{"north":{"uv":[14,8,13,10],"texture":"#0"},"east":{"uv":[14,8,13,10],"texture":"#0"},"south":{"uv":[14,8,13,10],"texture":"#0"},"west":{"uv":[14,8,13,10],"texture":"#0"},"up":{"uv":[13,9,14,8],"texture":"#0"},"down":{"uv":[13,9,14,8],"texture":"#0"}}},{"from":[7,2.25,13],"to":[10,3.25,14],"rotation":{"angle":22.5,"axis":"x","origin":[8.5,1.75,13.5]},"faces":{"north":{"uv":[16,8,13,9],"texture":"#0"},"east":{"uv":[14,8,13,9],"texture":"#0"},"south":{"uv":[16,8,13,9],"texture":"#0"},"west":{"uv":[14,8,13,9],"texture":"#0"},"up":{"uv":[13,9,16,8],"texture":"#0"},"down":{"uv":[13,9,16,8],"texture":"#0"}}},{"from":[11.25,1,12.5],"to":[14.25,2,13.5],"rotation":{"angle":22.5,"axis":"y","origin":[12.75,2.5,13]},"faces":{"north":{"uv":[16,8,13,9],"texture":"#0"},"east":{"uv":[14,8,13,9],"texture":"#0"},"south":{"uv":[16,8,13,9],"texture":"#0"},"west":{"uv":[14,8,13,9],"texture":"#0"},"up":{"uv":[13,9,16,8],"texture":"#0"},"down":{"uv":[13,9,16,8],"texture":"#0"}}},{"from":[13.76,1.51,12.51],"to":[14.74,3.49,13.49],"rotation":{"angle":22.5,"axis":"y","origin":[12.75,2.5,13]},"faces":{"north":{"uv":[14,8,13,10],"texture":"#0"},"east":{"uv":[14,8,13,10],"texture":"#0"},"south":{"uv":[14,8,13,10],"texture":"#0"},"west":{"uv":[14,8,13,10],"texture":"#0"},"up":{"uv":[13,9,14,8],"texture":"#0"},"down":{"uv":[13,9,14,8],"texture":"#0"}}},{"from":[11.25,3,12.5],"to":[14.25,4,13.5],"rotation":{"angle":22.5,"axis":"y","origin":[12.75,2.5,13]},"faces":{"north":{"uv":[16,8,13,9],"texture":"#0"},"east":{"uv":[14,8,13,9],"texture":"#0"},"south":{"uv":[16,8,13,9],"texture":"#0"},"west":{"uv":[14,8,13,9],"texture":"#0"},"up":{"uv":[13,9,16,8],"texture":"#0"},"down":{"uv":[13,9,16,8],"texture":"#0"}}},{"from":[10.76,1.51,12.51],"to":[11.74,3.49,13.49],"rotation":{"angle":22.5,"axis":"y","origin":[12.75,2.5,13]},"faces":{"north":{"uv":[14,8,13,10],"texture":"#0"},"east":{"uv":[14,8,13,10],"texture":"#0"},"south":{"uv":[14,8,13,10],"texture":"#0"},"west":{"uv":[14,8,13,10],"texture":"#0"},"up":{"uv":[13,9,14,8],"texture":"#0"},"down":{"uv":[13,9,14,8],"texture":"#0"}}},{"from":[11.26,1.51,12.51],"to":[12.24,2.49,14.49],"rotation":{"angle":22.5,"axis":"x","origin":[10.25,2,13.5]},"faces":{"north":{"uv":[14,8,13,9],"texture":"#0"},"east":{"uv":[15,8,13,9],"texture":"#0"},"south":{"uv":[14,8,13,9],"texture":"#0"},"west":{"uv":[15,8,13,9],"texture":"#0"},"up":{"uv":[13,10,14,8],"texture":"#0"},"down":{"uv":[13,10,14,8],"texture":"#0"}}},{"from":[8.26,1.51,12.51],"to":[9.24,2.49,14.49],"rotation":{"angle":22.5,"axis":"x","origin":[10.25,2,13.5]},"faces":{"north":{"uv":[14,8,13,9],"texture":"#0"},"east":{"uv":[15,8,13,9],"texture":"#0"},"south":{"uv":[14,8,13,9],"texture":"#0"},"west":{"uv":[15,8,13,9],"texture":"#0"},"up":{"uv":[13,10,14,8],"texture":"#0"},"down":{"uv":[13,10,14,8],"texture":"#0"}}},{"from":[8.75,1.5,12],"to":[11.75,2.5,13],"rotation":{"angle":22.5,"axis":"x","origin":[10.25,2,13.5]},"faces":{"north":{"uv":[16,8,13,9],"texture":"#0"},"east":{"uv":[14,8,13,9],"texture":"#0"},"south":{"uv":[16,8,13,9],"texture":"#0"},"west":{"uv":[14,8,13,9],"texture":"#0"},"up":{"uv":[13,9,16,8],"texture":"#0"},"down":{"uv":[13,9,16,8],"texture":"#0"}}},{"from":[8.75,1.5,14],"to":[11.75,2.5,15],"rotation":{"angle":22.5,"axis":"x","origin":[10.25,2,13.5]},"faces":{"north":{"uv":[16,8,13,9],"texture":"#0"},"east":{"uv":[14,8,13,9],"texture":"#0"},"south":{"uv":[16,8,13,9],"texture":"#0"},"west":{"uv":[14,8,13,9],"texture":"#0"},"up":{"uv":[13,9,16,8],"texture":"#0"},"down":{"uv":[13,9,16,8],"texture":"#0"}}},{"from":[13.26,2.01,9.51],"to":[15.24,2.99,10.49],"rotation":{"angle":-22.5,"axis":"y","origin":[14.25,2.5,11.5]},"faces":{"north":{"uv":[15,8,13,9],"texture":"#0"},"east":{"uv":[14,8,13,9],"texture":"#0"},"south":{"uv":[15,8,13,9],"texture":"#0"},"west":{"uv":[14,8,13,9],"texture":"#0"},"up":{"uv":[13,9,15,8],"texture":"#0"},"down":{"uv":[13,9,15,8],"texture":"#0"}}},{"from":[12.75,2,10],"to":[13.75,3,13],"rotation":{"angle":-22.5,"axis":"y","origin":[14.25,2.5,11.5]},"faces":{"north":{"uv":[14,8,13,9],"texture":"#0"},"east":{"uv":[16,8,13,9],"texture":"#0"},"south":{"uv":[14,8,13,9],"texture":"#0"},"west":{"uv":[16,8,13,9],"texture":"#0"},"up":{"uv":[14,10,15,7],"texture":"#0"},"down":{"uv":[14,10,15,7],"texture":"#0"}}},{"from":[13.26,2.01,12.51],"to":[15.24,2.99,13.49],"rotation":{"angle":-22.5,"axis":"y","origin":[14.25,2.5,11.5]},"faces":{"north":{"uv":[15,8,13,9],"texture":"#0"},"east":{"uv":[14,8,13,9],"texture":"#0"},"south":{"uv":[15,8,13,9],"texture":"#0"},"west":{"uv":[14,8,13,9],"texture":"#0"},"up":{"uv":[13,9,15,8],"texture":"#0"},"down":{"uv":[13,9,15,8],"texture":"#0"}}},{"from":[14.75,2,10],"to":[15.75,3,13],"rotation":{"angle":-22.5,"axis":"y","origin":[14.25,2.5,11.5]},"faces":{"north":{"uv":[14,8,13,9],"texture":"#0"},"east":{"uv":[16,8,13,9],"texture":"#0"},"south":{"uv":[14,8,13,9],"texture":"#0"},"west":{"uv":[16,8,13,9],"texture":"#0"},"up":{"uv":[14,10,15,7],"texture":"#0"},"down":{"uv":[14,10,15,7],"texture":"#0"}}},{"from":[-0.84476,2.01,12.34134],"to":[1.13524,2.99,13.32134],"rotation":{"angle":22.5,"axis":"y","origin":[2.25,2.5,6.25]},"faces":{"north":{"uv":[15,8,13,9],"texture":"#0"},"east":{"uv":[14,8,13,9],"texture":"#0"},"south":{"uv":[15,8,13,9],"texture":"#0"},"west":{"uv":[14,8,13,9],"texture":"#0"},"up":{"uv":[13,9,15,8],"texture":"#0"},"down":{"uv":[13,9,15,8],"texture":"#0"}}},{"from":[-1.35476,2,9.83134],"to":[-0.35476,3,12.83134],"rotation":{"angle":22.5,"axis":"y","origin":[2.25,2.5,6.25]},"faces":{"north":{"uv":[14,8,13,9],"texture":"#0"},"east":{"uv":[16,8,13,9],"texture":"#0"},"south":{"uv":[14,8,13,9],"texture":"#0"},"west":{"uv":[16,8,13,9],"texture":"#0"},"up":{"uv":[14,10,15,7],"texture":"#0"},"down":{"uv":[14,10,15,7],"texture":"#0"}}},{"from":[-0.84476,2.01,9.34134],"to":[1.13524,2.99,10.32134],"rotation":{"angle":22.5,"axis":"y","origin":[2.25,2.5,6.25]},"faces":{"north":{"uv":[15,8,13,9],"texture":"#0"},"east":{"uv":[14,8,13,9],"texture":"#0"},"south":{"uv":[15,8,13,9],"texture":"#0"},"west":{"uv":[14,8,13,9],"texture":"#0"},"up":{"uv":[13,9,15,8],"texture":"#0"},"down":{"uv":[13,9,15,8],"texture":"#0"}}},{"from":[0.64524,2,9.83134],"to":[1.64524,3,12.83134],"rotation":{"angle":22.5,"axis":"y","origin":[2.25,2.5,6.25]},"faces":{"north":{"uv":[14,8,13,9],"texture":"#0"},"east":{"uv":[16,8,13,9],"texture":"#0"},"south":{"uv":[14,8,13,9],"texture":"#0"},"west":{"uv":[16,8,13,9],"texture":"#0"},"up":{"uv":[14,10,15,7],"texture":"#0"},"down":{"uv":[14,10,15,7],"texture":"#0"}}},{"from":[1.49,3.49,1.49],"to":[3.01,5.01,1.51],"rotation":{"angle":-22.5,"axis":"y","origin":[2.25,4.25,1.5]},"faces":{"north":{"uv":[0,14.5,1.5,16],"texture":"#0"},"east":{"uv":[0.5,12.5,0.5,14],"texture":"#0"},"south":{"uv":[0,14.5,1.5,16],"rotation":90,"texture":"#0"},"west":{"uv":[0.5,12.5,0.5,14],"texture":"#0"},"up":{"uv":[0.5,12.5,2,12.5],"texture":"#0"},"down":{"uv":[0.5,12.5,2,12.5],"texture":"#0"}}},{"from":[15.74,2.74,4.49],"to":[17.26,4.26,4.51],"rotation":{"angle":22.5,"axis":"x","origin":[16.5,3.5,4.5]},"faces":{"north":{"uv":[5.5,14.5,7,16],"rotation":270,"texture":"#0"},"east":{"uv":[0.5,12.5,0.5,14],"rotation":180,"texture":"#0"},"south":{"uv":[5.5,14.5,7,16],"rotation":180,"texture":"#0"},"west":{"uv":[0.5,12.5,0.5,14],"rotation":180,"texture":"#0"},"up":{"uv":[6,12.5,7.5,12.5],"texture":"#0"},"down":{"uv":[6,12.5,7.5,12.5],"texture":"#0"}}},{"from":[3.49,-0.26,0.74],"to":[5.01,1.26,0.76],"rotation":{"angle":-22.5,"axis":"x","origin":[4.25,0.5,0.75]},"faces":{"north":{"uv":[5.5,14.5,7,16],"rotation":270,"texture":"#0"},"east":{"uv":[0.5,12.5,0.5,14],"rotation":180,"texture":"#0"},"south":{"uv":[5.5,14.5,7,16],"rotation":180,"texture":"#0"},"west":{"uv":[0.5,12.5,0.5,14],"rotation":180,"texture":"#0"},"up":{"uv":[6,12.5,7.5,12.5],"texture":"#0"},"down":{"uv":[6,12.5,7.5,12.5],"texture":"#0"}}},{"from":[13.74,-0.26,2.24],"to":[15.26,1.26,2.26],"rotation":{"angle":-22.5,"axis":"z","origin":[14.5,0.5,2.25]},"faces":{"north":{"uv":[0,14.5,1.5,16],"texture":"#0"},"east":{"uv":[0.5,12.5,0.5,14],"texture":"#0"},"south":{"uv":[0,14.5,1.5,16],"rotation":90,"texture":"#0"},"west":{"uv":[0.5,12.5,0.5,14],"texture":"#0"},"up":{"uv":[0.5,12.5,2,12.5],"texture":"#0"},"down":{"uv":[0.5,12.5,2,12.5],"texture":"#0"}}},{"from":[9.49,3.49,0.99],"to":[12.01,6.01,1.01],"rotation":{"angle":-22.5,"axis":"y","origin":[11.25,4.25,1]},"faces":{"north":{"uv":[2,13.5,4.5,16],"texture":"#0"},"east":{"uv":[2.5,12.5,2.5,14],"texture":"#0"},"south":{"uv":[2,13.5,4.5,16],"rotation":270,"texture":"#0"},"west":{"uv":[2.5,12.5,2.5,14],"texture":"#0"},"up":{"uv":[2.5,12.5,4,12.5],"texture":"#0"},"down":{"uv":[2.5,12.5,4,12.5],"texture":"#0"}}},{"from":[1.99,3.74,4.24],"to":[4.51,6.26,4.26],"rotation":{"angle":45,"axis":"y","origin":[2.75,4.5,4.25]},"faces":{"north":{"uv":[7.5,13.5,10,16],"rotation":270,"texture":"#0"},"east":{"uv":[2.5,12.5,2.5,14],"texture":"#0"},"south":{"uv":[7.5,13.5,10,16],"texture":"#0"},"west":{"uv":[2.5,12.5,2.5,14],"texture":"#0"},"up":{"uv":[8,12.5,9.5,12.5],"rotation":180,"texture":"#0"},"down":{"uv":[8,12.5,9.5,12.5],"rotation":180,"texture":"#0"}}},{"from":[13.74,3.74,10.24],"to":[13.76,6.26,12.76],"rotation":{"angle":22.5,"axis":"z","origin":[13.75,4.5,11]},"faces":{"north":{"uv":[8,12.5,9.5,12.5],"rotation":90,"texture":"#0"},"east":{"uv":[10,13.5,7.5,16],"texture":"#0"},"south":{"uv":[8,12.5,9.5,12.5],"rotation":90,"texture":"#0"},"west":{"uv":[7.5,16,10,13.5],"rotation":270,"texture":"#0"},"up":{"uv":[2.5,14,2.5,12.5],"texture":"#0"},"down":{"uv":[2.5,14,2.5,12.5],"rotation":180,"texture":"#0"}}},{"from":[5.74,-1.01,0.24],"to":[8.26,1.51,0.26],"rotation":{"angle":-22.5,"axis":"z","origin":[6.5,0.75,0.25]},"faces":{"north":{"uv":[2,13.5,4.5,16],"rotation":180,"texture":"#0"},"east":{"uv":[2.5,12.5,2.5,14],"rotation":180,"texture":"#0"},"south":{"uv":[2,13.5,4.5,16],"rotation":90,"texture":"#0"},"west":{"uv":[2.5,12.5,2.5,14],"rotation":180,"texture":"#0"},"up":{"uv":[2.5,12.5,4,12.5],"rotation":180,"texture":"#0"},"down":{"uv":[2.5,12.5,4,12.5],"rotation":180,"texture":"#0"}}},{"from":[5.74,-1.01,14.49],"to":[8.26,1.51,14.51],"rotation":{"angle":-22.5,"axis":"z","origin":[6.5,0.75,14.5]},"faces":{"north":{"uv":[2,13.5,4.5,16],"rotation":180,"texture":"#0"},"east":{"uv":[2.5,12.5,2.5,14],"rotation":180,"texture":"#0"},"south":{"uv":[2,13.5,4.5,16],"rotation":90,"texture":"#0"},"west":{"uv":[2.5,12.5,2.5,14],"rotation":180,"texture":"#0"},"up":{"uv":[2.5,12.5,4,12.5],"rotation":180,"texture":"#0"},"down":{"uv":[2.5,12.5,4,12.5],"rotation":180,"texture":"#0"}}},{"from":[1.52806,-1.26,8.93134],"to":[1.54806,1.26,11.45134],"rotation":{"angle":22.5,"axis":"x","origin":[1.53806,0,10.19134]},"faces":{"north":{"uv":[2.5,12.5,2.5,14],"rotation":180,"texture":"#0"},"east":{"uv":[2,16,4.5,13.5],"rotation":90,"texture":"#0"},"south":{"uv":[2.5,12.5,2.5,14],"rotation":180,"texture":"#0"},"west":{"uv":[4.5,13.5,2,16],"rotation":180,"texture":"#0"},"up":{"uv":[4,12.5,2.5,12.5],"rotation":90,"texture":"#0"},"down":{"uv":[4,12.5,2.5,12.5],"rotation":270,"texture":"#0"}}},{"from":[15.24,2.74,12.24],"to":[16.76,4.26,12.26],"rotation":{"angle":-22.5,"axis":"y","origin":[16,3.5,12.25]},"faces":{"north":{"uv":[0,14.5,1.5,16],"rotation":90,"texture":"#0"},"east":{"uv":[0.5,12.5,0.5,14],"texture":"#0"},"south":{"uv":[0,14.5,1.5,16],"texture":"#0"},"west":{"uv":[0.5,12.5,0.5,14],"texture":"#0"},"up":{"uv":[2,12.5,0.5,12.5],"texture":"#0"},"down":{"uv":[2,12.5,0.5,12.5],"texture":"#0"}}},{"from":[10.49,3.74,13.49],"to":[12.01,5.26,13.51],"rotation":{"angle":-22.5,"axis":"z","origin":[11.25,4.5,13.5]},"faces":{"north":{"uv":[5.5,14.5,7,16],"rotation":180,"texture":"#0"},"east":{"uv":[0.5,12.5,0.5,14],"rotation":180,"texture":"#0"},"south":{"uv":[5.5,14.5,7,16],"rotation":270,"texture":"#0"},"west":{"uv":[0.5,12.5,0.5,14],"rotation":180,"texture":"#0"},"up":{"uv":[7.5,12.5,6,12.5],"texture":"#0"},"down":{"uv":[7.5,12.5,6,12.5],"texture":"#0"}}},{"from":[5.24,2.99,13.74],"to":[6.76,4.51,13.76],"rotation":{"angle":22.5,"axis":"y","origin":[6,3.75,13.75]},"faces":{"north":{"uv":[0,14.5,1.5,16],"rotation":90,"texture":"#0"},"east":{"uv":[0.5,12.5,0.5,14],"texture":"#0"},"south":{"uv":[0,14.5,1.5,16],"texture":"#0"},"west":{"uv":[0.5,12.5,0.5,14],"texture":"#0"},"up":{"uv":[2,12.5,0.5,12.5],"texture":"#0"},"down":{"uv":[2,12.5,0.5,12.5],"texture":"#0"}}},{"from":[3.74,-0.51,13.49],"to":[5.26,1.01,13.51],"rotation":{"angle":22.5,"axis":"z","origin":[4.5,0.25,13.5]},"faces":{"north":{"uv":[0,14.5,1.5,16],"rotation":90,"texture":"#0"},"east":{"uv":[0.5,12.5,0.5,14],"texture":"#0"},"south":{"uv":[0,14.5,1.5,16],"texture":"#0"},"west":{"uv":[0.5,12.5,0.5,14],"texture":"#0"},"up":{"uv":[2,12.5,0.5,12.5],"texture":"#0"},"down":{"uv":[2,12.5,0.5,12.5],"texture":"#0"}}},{"from":[-0.76,2.74,11.24],"to":[0.76,4.26,11.26],"rotation":{"angle":-22.5,"axis":"x","origin":[0,3.5,11.25]},"faces":{"north":{"uv":[5.5,14.5,7,16],"rotation":180,"texture":"#0"},"east":{"uv":[0.5,12.5,0.5,14],"rotation":180,"texture":"#0"},"south":{"uv":[5.5,14.5,7,16],"rotation":270,"texture":"#0"},"west":{"uv":[0.5,12.5,0.5,14],"rotation":180,"texture":"#0"},"up":{"uv":[7.5,12.5,6,12.5],"texture":"#0"},"down":{"uv":[7.5,12.5,6,12.5],"texture":"#0"}}}],"display":{"head":{"rotation":[11,0,0],"translation":[0,11,2],"scale":[1.29,1.29,1.29]}}}