{"parent":"item/wynn/template/hat","textures":{"0":"skins/driftwood_1","particle":"skins/driftwood_1"},"elements":[{"from":[6.81312,2.55426,7],"to":[7.81312,5.55426,9.5],"rotation":{"angle":-22.5,"axis":"z","origin":[-0.01402,6.83472,7.71158]},"faces":{"north":{"uv":[0,11,1,13.5],"texture":"#0"},"east":{"uv":[0,11,2,13.5],"texture":"#0"},"south":{"uv":[0,11,1,13.5],"texture":"#0"},"west":{"uv":[0,11,1,13.5],"texture":"#0"},"up":{"uv":[0,11,1,13.5],"texture":"#0"},"down":{"uv":[0,11,1,13.5],"texture":"#0"}}},{"from":[3.81312,2.80426,7.25],"to":[6.81312,5.30426,9.25],"rotation":{"angle":-22.5,"axis":"z","origin":[-0.01402,6.83472,7.71158]},"faces":{"north":{"uv":[1,11,4,13.5],"texture":"#0"},"east":{"uv":[1,11,3,13.5],"texture":"#0"},"south":{"uv":[1,11,4,13.5],"rotation":180,"texture":"#0"},"west":{"uv":[1,11,3,13.5],"texture":"#0"},"up":{"uv":[1,11,4,13],"rotation":180,"texture":"#0"},"down":{"uv":[1,11,4,13],"rotation":180,"texture":"#0"}}},{"from":[1.81312,3.30426,7],"to":[3.81312,5.30426,9],"rotation":{"angle":-22.5,"axis":"z","origin":[-0.01402,6.83472,7.71158]},"faces":{"north":{"uv":[4,11.5,6,13.5],"texture":"#0"},"east":{"uv":[4,11.5,6,13.5],"rotation":180,"texture":"#0"},"south":{"uv":[4,11.5,6,13.5],"rotation":180,"texture":"#0"},"west":{"uv":[5,11,7,13],"rotation":270,"texture":"#0"},"up":{"uv":[4,11.5,6,13.5],"rotation":180,"texture":"#0"},"down":{"uv":[4,11.5,6,13.5],"rotation":180,"texture":"#0"}}},{"from":[0.02509,4.52222,6.75],"to":[3.02509,6.27222,8.5],"rotation":{"angle":-45,"axis":"z","origin":[-0.01402,6.83472,7.71158]},"faces":{"north":{"uv":[5,11.5,8,13.25],"texture":"#0"},"east":{"uv":[5,11.5,6.75,13.25],"rotation":180,"texture":"#0"},"south":{"uv":[5,11.5,8,13.25],"rotation":180,"texture":"#0"},"west":{"uv":[5,11.5,6.75,13.25],"rotation":180,"texture":"#0"},"up":{"uv":[5,11.5,8,13.25],"rotation":180,"texture":"#0"},"down":{"uv":[5,11.5,8,13.25],"rotation":180,"texture":"#0"}}},{"from":[-1.98553,5.91364,6.5],"to":[-0.48553,8.91364,8],"rotation":{"angle":22.5,"axis":"z","origin":[-0.01402,6.83472,7.71158]},"faces":{"north":{"uv":[6.5,13.5,9.5,12],"rotation":270,"texture":"#0"},"east":{"uv":[6.5,12,9.5,13.5],"rotation":270,"texture":"#0"},"south":{"uv":[6.5,13.5,9.5,12],"rotation":270,"texture":"#0"},"west":{"uv":[6.5,12,9.5,13.5],"rotation":270,"texture":"#0"},"up":{"uv":[8.5,11.5,10,13],"rotation":270,"texture":"#0"},"down":{"uv":[6.5,12,8,13.5],"rotation":270,"texture":"#0"}}},{"from":[-2.50602,8.02593,6.375],"to":[-1.25602,11.77593,7.625],"rotation":{"angle":0,"axis":"z","origin":[-0.01402,6.83472,7.71158]},"faces":{"north":{"uv":[8.5,11.5,12.5,13],"rotation":270,"texture":"#0"},"east":{"uv":[8.5,11.5,12.5,13],"rotation":270,"texture":"#0"},"south":{"uv":[8.5,11.5,12.5,13],"rotation":270,"texture":"#0"},"west":{"uv":[8.5,11.5,12.5,13],"rotation":270,"texture":"#0"},"up":{"uv":[11,11.5,12.5,13],"rotation":270,"texture":"#0"},"down":{"uv":[8.5,11.5,10,13],"rotation":270,"texture":"#0"}}},{"from":[-4.00725,10.44615,6.225],"to":[-3.00725,13.44615,7.225],"rotation":{"angle":-22.5,"axis":"z","origin":[-0.01402,6.83472,7.71158]},"faces":{"north":{"uv":[11.5,12,14.5,13],"rotation":270,"texture":"#0"},"east":{"uv":[11.5,12,14.5,13],"rotation":270,"texture":"#0"},"south":{"uv":[11.5,12,14.5,13],"rotation":270,"texture":"#0"},"west":{"uv":[11.5,12,14.5,13],"rotation":270,"texture":"#0"},"up":{"uv":[13.5,12,14.5,13],"rotation":270,"texture":"#0"},"down":{"uv":[11.5,12,12.5,13],"rotation":270,"texture":"#0"}}},{"from":[-6.06737,11.46156,6.35],"to":[-5.31737,14.21156,7.1],"rotation":{"angle":-45,"axis":"z","origin":[-0.01402,6.83472,7.71158]},"faces":{"north":{"uv":[13,12.5,16,13.5],"rotation":270,"texture":"#0"},"east":{"uv":[13,12.5,16,13.5],"rotation":270,"texture":"#0"},"south":{"uv":[13,12.5,16,13.5],"rotation":270,"texture":"#0"},"west":{"uv":[13,12.5,16,13.5],"rotation":270,"texture":"#0"},"up":{"uv":[13,12.5,14,13.5],"rotation":270,"texture":"#0"},"down":{"uv":[13,12.5,14,13.5],"rotation":270,"texture":"#0"}}},{"from":[-3.56529,7.53816,6.35],"to":[-2.81529,10.28816,7.1],"rotation":{"angle":-45,"axis":"z","origin":[-0.01402,6.83472,7.71158]},"faces":{"north":{"uv":[10.5,12,13.5,13],"rotation":270,"texture":"#0"},"east":{"uv":[10.5,13,13.5,12],"rotation":270,"texture":"#0"},"south":{"uv":[10.5,12,13.5,13],"rotation":270,"texture":"#0"},"west":{"uv":[13.5,12,10.5,13],"rotation":90,"texture":"#0"},"up":{"uv":[13,11.5,14,12.5],"rotation":180,"texture":"#0"},"down":{"uv":[10.5,12,11.5,13],"rotation":270,"texture":"#0"}}},{"from":[-1.5843,9.2896,6.35],"to":[-0.8343,12.0396,7.1],"rotation":{"angle":22.5,"axis":"z","origin":[-0.01402,6.83472,7.71158]},"faces":{"north":{"uv":[9.5,11,12.5,12],"rotation":270,"texture":"#0"},"east":{"uv":[9.5,11,12.5,12],"rotation":270,"texture":"#0"},"south":{"uv":[9.5,11,12.5,12],"rotation":270,"texture":"#0"},"west":{"uv":[9.5,11,12.5,12],"rotation":270,"texture":"#0"},"up":{"uv":[9.5,11,10.5,12],"rotation":270,"texture":"#0"},"down":{"uv":[9.5,11,10.5,12],"rotation":270,"texture":"#0"}}},{"from":[-2.17358,4.73127,7.15],"to":[-0.17358,6.23127,8.65],"rotation":{"angle":-22.5,"axis":"z","origin":[-0.01402,6.83472,7.71158]},"faces":{"north":{"uv":[6.5,12,8.5,13.5],"texture":"#0"},"east":{"uv":[6.5,12,8,13.5],"rotation":180,"texture":"#0"},"south":{"uv":[6.5,12,8.5,13.5],"rotation":180,"texture":"#0"},"west":{"uv":[7.5,12,9,13.5],"texture":"#0"},"up":{"uv":[6.5,12,8.5,13.5],"rotation":180,"texture":"#0"},"down":{"uv":[6.5,12,8.5,13.5],"rotation":180,"texture":"#0"}}},{"from":[-2.65878,8.04994,7.475],"to":[-1.40878,10.79994,8.725],"rotation":{"angle":45,"axis":"z","origin":[-0.01402,6.83472,7.71158]},"faces":{"north":{"uv":[6.5,12,9.5,13.5],"rotation":270,"texture":"#0"},"east":{"uv":[6.5,12,9.5,13.5],"rotation":270,"texture":"#0"},"south":{"uv":[6.5,12,9.5,13.5],"rotation":270,"texture":"#0"},"west":{"uv":[6.5,12,9.5,13.5],"rotation":270,"texture":"#0"},"up":{"uv":[8.5,11.5,10,13],"rotation":270,"texture":"#0"},"down":{"uv":[6.5,12,8,13.5],"rotation":270,"texture":"#0"}}},{"from":[-3.77489,9.486,7.825],"to":[-2.77489,12.486,8.825],"rotation":{"angle":22.5,"axis":"z","origin":[-0.01402,6.83472,7.71158]},"faces":{"north":{"uv":[9.5,12.5,12.5,13.5],"rotation":270,"texture":"#0"},"east":{"uv":[9.5,12.5,12.5,13.5],"rotation":270,"texture":"#0"},"south":{"uv":[9.5,12.5,12.5,13.5],"rotation":270,"texture":"#0"},"west":{"uv":[9.5,12.5,12.5,13.5],"rotation":270,"texture":"#0"},"up":{"uv":[9.5,12.5,10.5,13.5],"rotation":270,"texture":"#0"},"down":{"uv":[9.5,12.5,10.5,13.5],"rotation":270,"texture":"#0"}}},{"from":[-2.82499,1.34391,7.525],"to":[0.17501,2.34391,8.525],"rotation":{"angle":22.5,"axis":"z","origin":[-0.01402,6.83472,7.71158]},"faces":{"north":{"uv":[5.5,12,8.5,13],"texture":"#0"},"east":{"uv":[5.5,12,6.5,13],"rotation":180,"texture":"#0"},"south":{"uv":[5.5,12,8.5,13],"rotation":180,"texture":"#0"},"west":{"uv":[6.5,12,7.5,13],"rotation":180,"texture":"#0"},"up":{"uv":[5.5,12,8.5,13],"rotation":180,"texture":"#0"},"down":{"uv":[5.5,12,8.5,13],"rotation":180,"texture":"#0"}}},{"from":[1.90378,4.43573,7.675],"to":[3.15378,7.18573,8.925],"rotation":{"angle":0,"axis":"z","origin":[-0.01402,6.83472,7.71158]},"faces":{"north":{"uv":[5,12,8,13.5],"rotation":270,"texture":"#0"},"east":{"uv":[5,13.5,8,12],"rotation":270,"texture":"#0"},"south":{"uv":[5,12,8,13.5],"rotation":270,"texture":"#0"},"west":{"uv":[5,12,8,13.5],"rotation":270,"texture":"#0"},"up":{"uv":[6.5,12,8,13.5],"rotation":270,"texture":"#0"},"down":{"uv":[5,12,6.5,13.5],"rotation":270,"texture":"#0"}}},{"from":[0.71469,1.90917,7.35],"to":[2.21469,3.90917,8.85],"rotation":{"angle":22.5,"axis":"z","origin":[-0.01402,6.83472,7.71158]},"faces":{"north":{"uv":[4,11.5,6,13],"rotation":270,"texture":"#0"},"east":{"uv":[4,11.5,6,13],"rotation":270,"texture":"#0"},"south":{"uv":[4,11.5,6,13],"rotation":270,"texture":"#0"},"west":{"uv":[4,11.5,6,13],"rotation":270,"texture":"#0"},"up":{"uv":[5,11.5,6.5,13],"rotation":270,"texture":"#0"},"down":{"uv":[4,11.5,5.5,13],"rotation":270,"texture":"#0"}}},{"from":[1.82347,7.89292,8.025],"to":[2.82347,10.89292,9.025],"rotation":{"angle":-22.5,"axis":"z","origin":[-0.01402,6.83472,7.71158]},"faces":{"north":{"uv":[6.5,12,9.5,13],"rotation":270,"texture":"#0"},"east":{"uv":[6.5,12,9.5,13],"rotation":270,"texture":"#0"},"south":{"uv":[6.5,12,9.5,13],"rotation":270,"texture":"#0"},"west":{"uv":[6.5,12,9.5,13],"rotation":270,"texture":"#0"},"up":{"uv":[8.5,12,9.5,13],"rotation":270,"texture":"#0"},"down":{"uv":[6.5,12,7.5,13],"rotation":270,"texture":"#0"}}},{"from":[-3.25639,4.04798,6.78032],"to":[-0.25639,5.04798,7.78032],"rotation":{"angle":-22.5,"axis":"y","origin":[-0.01402,6.83472,7.71158]},"faces":{"north":{"uv":[6.5,11.5,9.5,12.5],"texture":"#0"},"east":{"uv":[6.5,11.5,7.5,12.5],"rotation":180,"texture":"#0"},"south":{"uv":[6.5,11.5,9.5,12.5],"rotation":180,"texture":"#0"},"west":{"uv":[8.5,11.5,9.5,12.5],"rotation":180,"texture":"#0"},"up":{"uv":[6.5,11.5,9.5,12.5],"rotation":180,"texture":"#0"},"down":{"uv":[6.5,11.5,9.5,12.5],"rotation":180,"texture":"#0"}}},{"from":[-4.20136,5.42212,6.64174],"to":[-1.20136,6.42212,7.64174],"rotation":{"angle":45,"axis":"y","origin":[-0.01402,6.83472,7.71158]},"faces":{"north":{"uv":[6.5,12.5,9.5,13.5],"texture":"#0"},"east":{"uv":[6.5,12.5,7.5,13.5],"rotation":180,"texture":"#0"},"south":{"uv":[6.5,12.5,9.5,13.5],"rotation":180,"texture":"#0"},"west":{"uv":[8.5,12,9.5,13],"rotation":180,"texture":"#0"},"up":{"uv":[6.5,12.5,9.5,13.5],"rotation":180,"texture":"#0"},"down":{"uv":[6.5,12.5,9.5,13.5],"rotation":180,"texture":"#0"}}},{"from":[8.18688,2.55426,7],"to":[9.18688,5.55426,9.5],"rotation":{"angle":22.5,"axis":"z","origin":[16.01402,6.83472,7.71158]},"faces":{"north":{"uv":[1,11,0,13.5],"texture":"#0"},"east":{"uv":[1,11,0,13.5],"texture":"#0"},"south":{"uv":[1,11,0,13.5],"texture":"#0"},"west":{"uv":[2,11,0,13.5],"texture":"#0"},"up":{"uv":[1,11,0,13.5],"texture":"#0"},"down":{"uv":[1,11,0,13.5],"texture":"#0"}}},{"from":[9.18688,2.80426,7.25],"to":[12.18688,5.30426,9.25],"rotation":{"angle":22.5,"axis":"z","origin":[16.01402,6.83472,7.71158]},"faces":{"north":{"uv":[4,11,1,13.5],"texture":"#0"},"east":{"uv":[3,11,1,13.5],"texture":"#0"},"south":{"uv":[4,11,1,13.5],"rotation":180,"texture":"#0"},"west":{"uv":[3,11,1,13.5],"texture":"#0"},"up":{"uv":[4,11,1,13],"rotation":180,"texture":"#0"},"down":{"uv":[4,11,1,13],"rotation":180,"texture":"#0"}}},{"from":[12.18688,3.30426,7],"to":[14.18688,5.30426,9],"rotation":{"angle":22.5,"axis":"z","origin":[16.01402,6.83472,7.71158]},"faces":{"north":{"uv":[6,11.5,4,13.5],"texture":"#0"},"east":{"uv":[5,13,7,11],"rotation":270,"texture":"#0"},"south":{"uv":[6,11.5,4,13.5],"rotation":180,"texture":"#0"},"west":{"uv":[6,11.5,4,13.5],"rotation":180,"texture":"#0"},"up":{"uv":[6,11.5,4,13.5],"rotation":180,"texture":"#0"},"down":{"uv":[6,11.5,4,13.5],"rotation":180,"texture":"#0"}}},{"from":[12.97491,4.52222,6.75],"to":[15.97491,6.27222,8.5],"rotation":{"angle":45,"axis":"z","origin":[16.01402,6.83472,7.71158]},"faces":{"north":{"uv":[8,11.5,5,13.25],"texture":"#0"},"east":{"uv":[6.75,11.5,5,13.25],"rotation":180,"texture":"#0"},"south":{"uv":[8,11.5,5,13.25],"rotation":180,"texture":"#0"},"west":{"uv":[6.75,11.5,5,13.25],"rotation":180,"texture":"#0"},"up":{"uv":[8,11.5,5,13.25],"rotation":180,"texture":"#0"},"down":{"uv":[8,11.5,5,13.25],"rotation":180,"texture":"#0"}}},{"from":[16.48553,5.91364,6.5],"to":[17.98553,8.91364,8],"rotation":{"angle":-22.5,"axis":"z","origin":[16.01402,6.83472,7.71158]},"faces":{"north":{"uv":[6.5,12,9.5,13.5],"rotation":270,"texture":"#0"},"east":{"uv":[6.5,13.5,9.5,12],"rotation":270,"texture":"#0"},"south":{"uv":[6.5,12,9.5,13.5],"rotation":270,"texture":"#0"},"west":{"uv":[6.5,13.5,9.5,12],"rotation":270,"texture":"#0"},"up":{"uv":[8.5,13,10,11.5],"rotation":270,"texture":"#0"},"down":{"uv":[6.5,13.5,8,12],"rotation":270,"texture":"#0"}}},{"from":[17.25602,8.02593,6.375],"to":[18.50602,11.77593,7.625],"rotation":{"angle":0,"axis":"z","origin":[16.01402,6.83472,7.71158]},"faces":{"north":{"uv":[8.5,13,12.5,11.5],"rotation":270,"texture":"#0"},"east":{"uv":[8.5,13,12.5,11.5],"rotation":270,"texture":"#0"},"south":{"uv":[8.5,13,12.5,11.5],"rotation":270,"texture":"#0"},"west":{"uv":[8.5,13,12.5,11.5],"rotation":270,"texture":"#0"},"up":{"uv":[11,13,12.5,11.5],"rotation":270,"texture":"#0"},"down":{"uv":[8.5,13,10,11.5],"rotation":270,"texture":"#0"}}},{"from":[19.00725,10.44615,6.225],"to":[20.00725,13.44615,7.225],"rotation":{"angle":22.5,"axis":"z","origin":[16.01402,6.83472,7.71158]},"faces":{"north":{"uv":[11.5,13,14.5,12],"rotation":270,"texture":"#0"},"east":{"uv":[11.5,13,14.5,12],"rotation":270,"texture":"#0"},"south":{"uv":[11.5,13,14.5,12],"rotation":270,"texture":"#0"},"west":{"uv":[11.5,13,14.5,12],"rotation":270,"texture":"#0"},"up":{"uv":[13.5,13,14.5,12],"rotation":270,"texture":"#0"},"down":{"uv":[11.5,13,12.5,12],"rotation":270,"texture":"#0"}}},{"from":[18.77489,9.486,7.825],"to":[19.77489,12.486,8.825],"rotation":{"angle":-22.5,"axis":"z","origin":[16.01402,6.83472,7.71158]},"faces":{"north":{"uv":[9.5,13.5,12.5,12.5],"rotation":270,"texture":"#0"},"east":{"uv":[9.5,13.5,12.5,12.5],"rotation":270,"texture":"#0"},"south":{"uv":[9.5,13.5,12.5,12.5],"rotation":270,"texture":"#0"},"west":{"uv":[9.5,13.5,12.5,12.5],"rotation":270,"texture":"#0"},"up":{"uv":[9.5,13.5,10.5,12.5],"rotation":270,"texture":"#0"},"down":{"uv":[9.5,13.5,10.5,12.5],"rotation":270,"texture":"#0"}}},{"from":[17.40878,8.04994,7.475],"to":[18.65878,10.79994,8.725],"rotation":{"angle":-45,"axis":"z","origin":[16.01402,6.83472,7.71158]},"faces":{"north":{"uv":[6.5,13.5,9.5,12],"rotation":270,"texture":"#0"},"east":{"uv":[6.5,13.5,9.5,12],"rotation":270,"texture":"#0"},"south":{"uv":[6.5,13.5,9.5,12],"rotation":270,"texture":"#0"},"west":{"uv":[6.5,13.5,9.5,12],"rotation":270,"texture":"#0"},"up":{"uv":[8.5,13,10,11.5],"rotation":270,"texture":"#0"},"down":{"uv":[6.5,13.5,8,12],"rotation":270,"texture":"#0"}}},{"from":[16.17358,4.73127,7.15],"to":[18.17358,6.23127,8.65],"rotation":{"angle":22.5,"axis":"z","origin":[16.01402,6.83472,7.71158]},"faces":{"north":{"uv":[8.5,12,6.5,13.5],"texture":"#0"},"east":{"uv":[9,12,7.5,13.5],"texture":"#0"},"south":{"uv":[8.5,12,6.5,13.5],"rotation":180,"texture":"#0"},"west":{"uv":[8,12,6.5,13.5],"rotation":180,"texture":"#0"},"up":{"uv":[8.5,12,6.5,13.5],"rotation":180,"texture":"#0"},"down":{"uv":[8.5,12,6.5,13.5],"rotation":180,"texture":"#0"}}},{"from":[17.20136,5.42212,6.64174],"to":[20.20136,6.42212,7.64174],"rotation":{"angle":-45,"axis":"y","origin":[16.01402,6.83472,7.71158]},"faces":{"north":{"uv":[9.5,12.5,6.5,13.5],"texture":"#0"},"east":{"uv":[9.5,12,8.5,13],"rotation":180,"texture":"#0"},"south":{"uv":[9.5,12.5,6.5,13.5],"rotation":180,"texture":"#0"},"west":{"uv":[7.5,12.5,6.5,13.5],"rotation":180,"texture":"#0"},"up":{"uv":[9.5,12.5,6.5,13.5],"rotation":180,"texture":"#0"},"down":{"uv":[9.5,12.5,6.5,13.5],"rotation":180,"texture":"#0"}}},{"from":[16.25639,4.04798,6.78032],"to":[19.25639,5.04798,7.78032],"rotation":{"angle":22.5,"axis":"y","origin":[16.01402,6.83472,7.71158]},"faces":{"north":{"uv":[9.5,11.5,6.5,12.5],"texture":"#0"},"east":{"uv":[9.5,11.5,8.5,12.5],"rotation":180,"texture":"#0"},"south":{"uv":[9.5,11.5,6.5,12.5],"rotation":180,"texture":"#0"},"west":{"uv":[7.5,11.5,6.5,12.5],"rotation":180,"texture":"#0"},"up":{"uv":[9.5,11.5,6.5,12.5],"rotation":180,"texture":"#0"},"down":{"uv":[9.5,11.5,6.5,12.5],"rotation":180,"texture":"#0"}}},{"from":[18.81529,7.53816,6.35],"to":[19.56529,10.28816,7.1],"rotation":{"angle":45,"axis":"z","origin":[16.01402,6.83472,7.71158]},"faces":{"north":{"uv":[10.5,13,13.5,12],"rotation":270,"texture":"#0"},"east":{"uv":[13.5,13,10.5,12],"rotation":90,"texture":"#0"},"south":{"uv":[10.5,13,13.5,12],"rotation":270,"texture":"#0"},"west":{"uv":[10.5,12,13.5,13],"rotation":270,"texture":"#0"},"up":{"uv":[14,11.5,13,12.5],"rotation":180,"texture":"#0"},"down":{"uv":[10.5,13,11.5,12],"rotation":270,"texture":"#0"}}},{"from":[16.8343,9.2896,6.35],"to":[17.5843,12.0396,7.1],"rotation":{"angle":-22.5,"axis":"z","origin":[16.01402,6.83472,7.71158]},"faces":{"north":{"uv":[9.5,12,12.5,11],"rotation":270,"texture":"#0"},"east":{"uv":[9.5,12,12.5,11],"rotation":270,"texture":"#0"},"south":{"uv":[9.5,12,12.5,11],"rotation":270,"texture":"#0"},"west":{"uv":[9.5,12,12.5,11],"rotation":270,"texture":"#0"},"up":{"uv":[9.5,12,10.5,11],"rotation":270,"texture":"#0"},"down":{"uv":[9.5,12,10.5,11],"rotation":270,"texture":"#0"}}},{"from":[21.31737,11.46156,6.35],"to":[22.06737,14.21156,7.1],"rotation":{"angle":45,"axis":"z","origin":[16.01402,6.83472,7.71158]},"faces":{"north":{"uv":[13,13.5,16,12.5],"rotation":270,"texture":"#0"},"east":{"uv":[13,13.5,16,12.5],"rotation":270,"texture":"#0"},"south":{"uv":[13,13.5,16,12.5],"rotation":270,"texture":"#0"},"west":{"uv":[13,13.5,16,12.5],"rotation":270,"texture":"#0"},"up":{"uv":[13,13.5,14,12.5],"rotation":270,"texture":"#0"},"down":{"uv":[13,13.5,14,12.5],"rotation":270,"texture":"#0"}}},{"from":[13.17653,7.89292,8.025],"to":[14.17653,10.89292,9.025],"rotation":{"angle":22.5,"axis":"z","origin":[16.01402,6.83472,7.71158]},"faces":{"north":{"uv":[6.5,13,9.5,12],"rotation":270,"texture":"#0"},"east":{"uv":[6.5,13,9.5,12],"rotation":270,"texture":"#0"},"south":{"uv":[6.5,13,9.5,12],"rotation":270,"texture":"#0"},"west":{"uv":[6.5,13,9.5,12],"rotation":270,"texture":"#0"},"up":{"uv":[8.5,13,9.5,12],"rotation":270,"texture":"#0"},"down":{"uv":[6.5,13,7.5,12],"rotation":270,"texture":"#0"}}},{"from":[13.78531,1.90917,7.35],"to":[15.28531,3.90917,8.85],"rotation":{"angle":-22.5,"axis":"z","origin":[16.01402,6.83472,7.71158]},"faces":{"north":{"uv":[4,13,6,11.5],"rotation":270,"texture":"#0"},"east":{"uv":[4,13,6,11.5],"rotation":270,"texture":"#0"},"south":{"uv":[4,13,6,11.5],"rotation":270,"texture":"#0"},"west":{"uv":[4,13,6,11.5],"rotation":270,"texture":"#0"},"up":{"uv":[5,13,6.5,11.5],"rotation":270,"texture":"#0"},"down":{"uv":[4,13,5.5,11.5],"rotation":270,"texture":"#0"}}},{"from":[12.84622,4.43573,7.675],"to":[14.09622,7.18573,8.925],"rotation":{"angle":0,"axis":"z","origin":[16.01402,6.83472,7.71158]},"faces":{"north":{"uv":[5,13.5,8,12],"rotation":270,"texture":"#0"},"east":{"uv":[5,13.5,8,12],"rotation":270,"texture":"#0"},"south":{"uv":[5,13.5,8,12],"rotation":270,"texture":"#0"},"west":{"uv":[5,12,8,13.5],"rotation":270,"texture":"#0"},"up":{"uv":[6.5,13.5,8,12],"rotation":270,"texture":"#0"},"down":{"uv":[5,13.5,6.5,12],"rotation":270,"texture":"#0"}}},{"from":[15.82499,1.34391,7.525],"to":[18.82499,2.34391,8.525],"rotation":{"angle":-22.5,"axis":"z","origin":[16.01402,6.83472,7.71158]},"faces":{"north":{"uv":[8.5,12,5.5,13],"texture":"#0"},"east":{"uv":[7.5,12,6.5,13],"rotation":180,"texture":"#0"},"south":{"uv":[8.5,12,5.5,13],"rotation":180,"texture":"#0"},"west":{"uv":[6.5,12,5.5,13],"rotation":180,"texture":"#0"},"up":{"uv":[8.5,12,5.5,13],"rotation":180,"texture":"#0"},"down":{"uv":[8.5,12,5.5,13],"rotation":180,"texture":"#0"}}}],"display":{"head":{"rotation":[25,0,0],"translation":[0,10,1],"scale":[1.4,1.4,1.4]}}}