{"credit":"MadewithBlockbench","texture_size":[128,128],"textures":{"0":"elitecreatures:hotel_furniture_v1/hotel_air_conditioner","particle":"elitecreatures:hotel_furniture_v1/hotel_air_conditioner"},"elements":[{"from":[-7,13,9.75],"to":[23,14,18.75],"rotation":{"angle":0,"axis":"y","origin":[8,7,15]},"faces":{"north":{"uv":[6.75,0.625,10.5,0.75],"texture":"#0"},"east":{"uv":[6.75,1,7.875,1.125],"texture":"#0"},"south":{"uv":[6.75,0.5,10.5,0.625],"texture":"#0"},"west":{"uv":[7.875,1,6.75,1.125],"texture":"#0"},"up":{"uv":[3.625,6.25,2.5,2.5],"rotation":90,"texture":"#0"},"down":{"uv":[4.75,2.5,3.625,6.25],"rotation":270,"texture":"#0"}}},{"from":[23,1,13.75],"to":[24,13,18.75],"rotation":{"angle":0,"axis":"y","origin":[8,7,15]},"faces":{"north":{"uv":[4.5,0,4.625,1.5],"texture":"#0"},"east":{"uv":[3.75,0,4.375,1.5],"texture":"#0"},"south":{"uv":[4.375,0,4.5,1.5],"texture":"#0"},"west":{"uv":[2.5,6.25,3.125,7.75],"texture":"#0"},"up":{"uv":[4.375,1.875,3.75,1.75],"rotation":90,"texture":"#0"},"down":{"uv":[4.375,1.875,3.75,2],"rotation":270,"texture":"#0"}}},{"from":[-8,1,13.75],"to":[-7,13,18.75],"rotation":{"angle":0,"axis":"y","origin":[8,7,15]},"faces":{"north":{"uv":[4.625,0,4.5,1.5],"texture":"#0"},"east":{"uv":[3.125,6.25,2.5,7.75],"texture":"#0"},"south":{"uv":[4.5,0,4.375,1.5],"texture":"#0"},"west":{"uv":[4.375,0,3.75,1.5],"texture":"#0"},"up":{"uv":[4.375,1.75,3.75,1.875],"rotation":90,"texture":"#0"},"down":{"uv":[4.375,2,3.75,1.875],"rotation":270,"texture":"#0"}}},{"from":[-7,3,8.75],"to":[23,13,18.75],"rotation":{"angle":0,"axis":"y","origin":[8,7,15]},"faces":{"north":{"uv":[0,1.25,3.75,2.5],"texture":"#0"},"east":{"uv":[0,6.25,1.25,7.5],"texture":"#0"},"south":{"uv":[0,0,3.75,1.25],"texture":"#0"},"west":{"uv":[1.25,6.25,0,7.5],"texture":"#0"},"up":{"uv":[1.25,6.25,0,2.5],"rotation":90,"texture":"#0"},"down":{"uv":[2.5,2.5,1.25,6.25],"rotation":270,"texture":"#0"}}},{"from":[-7,1,9.75],"to":[23,3,18.75],"rotation":{"angle":0,"axis":"y","origin":[8,7,15]},"faces":{"north":{"uv":[6.75,0.25,10.5,0.5],"texture":"#0"},"east":{"uv":[3.125,6.25,4.25,6.5],"texture":"#0"},"south":{"uv":[6.75,0,10.5,0.25],"texture":"#0"},"west":{"uv":[4.25,6.25,3.125,6.5],"texture":"#0"},"up":{"uv":[5.875,3.75,4.75,0],"rotation":90,"texture":"#0"},"down":{"uv":[5.875,3.75,4.75,7.5],"rotation":270,"texture":"#0"}}},{"from":[-7,0,11.75],"to":[23,1,18.75],"rotation":{"angle":0,"axis":"y","origin":[8,7,15]},"faces":{"north":{"uv":[6.75,0.875,10.5,1],"texture":"#0"},"east":{"uv":[3.75,1.5,4.625,1.625],"texture":"#0"},"south":{"uv":[6.75,0.75,10.5,0.875],"texture":"#0"},"west":{"uv":[4.625,1.5,3.75,1.625],"texture":"#0"},"up":{"uv":[6.75,3.75,5.875,0],"rotation":90,"texture":"#0"},"down":{"uv":[6.75,3.75,5.875,7.5],"rotation":270,"texture":"#0"}}}],"gui_light":"front","display":{"thirdperson_righthand":{"rotation":[67.5,0,0],"translation":[-0.25,2.5,-0.25],"scale":[0.21781,0.21781,0.21781]},"thirdperson_lefthand":{"rotation":[67.5,0,0],"translation":[-0.25,2.5,-0.25],"scale":[0.21781,0.21781,0.21781]},"firstperson_righthand":{"translation":[-9,3.5,0],"scale":[0.4,0.4,0.4]},"firstperson_lefthand":{"translation":[-9,3.5,0],"scale":[0.4,0.4,0.4]},"ground":{"translation":[0,3,-1.25],"scale":[0.25,0.25,0.25]},"gui":{"rotation":[30,225,0],"translation":[2.25,-0.75,0],"scale":[0.43914,0.43914,0.43914]},"head":{"translation":[0,1.75,-8.5],"scale":[0,0,0]},"fixed":{"translation":[0,2,-21.5],"scale":[2,2,2]}}}