{"credit":"MadewithBlockbench","texture_size":[64,64],"textures":{"0":"elitecreatures:hotel_furniture_v1/hotel_table_long","particle":"elitecreatures:hotel_furniture_v1/hotel_table_long"},"elements":[{"from":[2,3,9],"to":[30,14,21],"faces":{"north":{"uv":[8,3,15,5.75],"texture":"#0"},"east":{"uv":[7,8.5,10,11.25],"texture":"#0"},"south":{"uv":[15,5.75,8,8.5],"texture":"#0"},"west":{"uv":[10,8.5,7,11.25],"texture":"#0"},"up":{"uv":[7,11,0,8],"texture":"#0"},"down":{"uv":[15,0,8,3],"texture":"#0"}}},{"from":[0.5,0,7.5],"to":[2.5,14,9.5],"rotation":{"angle":0,"axis":"y","origin":[-0.5,0,29.5]},"faces":{"north":{"uv":[9.5,11.75,9,15.25],"texture":"#0"},"east":{"uv":[9,11.75,8.5,15.25],"texture":"#0"},"south":{"uv":[8.5,11.75,9,15.25],"texture":"#0"},"west":{"uv":[9,11.75,9.5,15.25],"texture":"#0"},"up":{"uv":[7.5,8,7,8.5],"texture":"#0"},"down":{"uv":[8,8.5,7.5,8],"texture":"#0"}}},{"from":[0.5,0,20.5],"to":[2.5,14,22.5],"rotation":{"angle":0,"axis":"y","origin":[-0.5,0,0.5]},"faces":{"north":{"uv":[9,11.75,8.5,15.25],"texture":"#0"},"east":{"uv":[8.5,11.75,9,15.25],"texture":"#0"},"south":{"uv":[9,11.75,9.5,15.25],"texture":"#0"},"west":{"uv":[9.5,11.75,9,15.25],"texture":"#0"},"up":{"uv":[7.5,8.5,7,8],"texture":"#0"},"down":{"uv":[8,8,7.5,8.5],"texture":"#0"}}},{"from":[29.5,0,7.5],"to":[31.5,14,9.5],"rotation":{"angle":0,"axis":"y","origin":[32.5,0,29.5]},"faces":{"north":{"uv":[9,11.75,9.5,15.25],"texture":"#0"},"east":{"uv":[9.5,11.75,9,15.25],"texture":"#0"},"south":{"uv":[9,11.75,8.5,15.25],"texture":"#0"},"west":{"uv":[8.5,11.75,9,15.25],"texture":"#0"},"up":{"uv":[7,8,7.5,8.5],"texture":"#0"},"down":{"uv":[7.5,8.5,8,8],"texture":"#0"}}},{"from":[29.5,0,20.5],"to":[31.5,14,22.5],"rotation":{"angle":0,"axis":"y","origin":[32.5,0,0.5]},"faces":{"north":{"uv":[8.5,11.75,9,15.25],"texture":"#0"},"east":{"uv":[9,11.75,9.5,15.25],"texture":"#0"},"south":{"uv":[9.5,11.75,9,15.25],"texture":"#0"},"west":{"uv":[9,11.75,8.5,15.25],"texture":"#0"},"up":{"uv":[7,8.5,7.5,8],"texture":"#0"},"down":{"uv":[7.5,8,8,8.5],"texture":"#0"}}},{"from":[0,14,7],"to":[32,16,23],"faces":{"north":{"uv":[16,11.25,8,11.75],"texture":"#0"},"east":{"uv":[8,11.75,4,12.25],"texture":"#0"},"south":{"uv":[8,11.25,16,11.75],"texture":"#0"},"west":{"uv":[4,11.75,8,12.25],"texture":"#0"},"up":{"uv":[8,4,0,0],"texture":"#0"},"down":{"uv":[8,4,0,8],"texture":"#0"}}},{"from":[9.5,9,8.5],"to":[10.5,10,9.5],"rotation":{"angle":0,"axis":"y","origin":[9.5,9,8.5]},"faces":{"north":{"uv":[10,11.75,10.25,12],"texture":"#0"},"east":{"uv":[10.25,11.75,10.5,12],"texture":"#0"},"south":{"uv":[10,11.75,10.25,12],"texture":"#0"},"west":{"uv":[10.5,12,10.25,11.75],"texture":"#0"},"up":{"uv":[10.5,12,10.25,11.75],"rotation":90,"texture":"#0"},"down":{"uv":[10.25,11.75,10.5,12],"rotation":90,"texture":"#0"}}},{"from":[13,9,8.5],"to":[14,10,9.5],"rotation":{"angle":0,"axis":"y","origin":[13,9,8.5]},"faces":{"north":{"uv":[10,11.75,10.25,12],"texture":"#0"},"east":{"uv":[10.25,11.75,10.5,12],"texture":"#0"},"south":{"uv":[10,11.75,10.25,12],"texture":"#0"},"west":{"uv":[10.5,12,10.25,11.75],"texture":"#0"},"up":{"uv":[10.5,12,10.25,11.75],"rotation":90,"texture":"#0"},"down":{"uv":[10.25,11.75,10.5,12],"rotation":90,"texture":"#0"}}},{"from":[25,8.5,8.5],"to":[26,9.5,9.5],"rotation":{"angle":0,"axis":"y","origin":[25,8.5,8.5]},"faces":{"north":{"uv":[10,11.75,10.25,12],"texture":"#0"},"east":{"uv":[10.25,11.75,10.5,12],"texture":"#0"},"south":{"uv":[10,11.75,10.25,12],"texture":"#0"},"west":{"uv":[10.5,12,10.25,11.75],"texture":"#0"},"up":{"uv":[10.5,12,10.25,11.75],"rotation":90,"texture":"#0"},"down":{"uv":[10.25,11.75,10.5,12],"rotation":90,"texture":"#0"}}},{"from":[25,12,8.5],"to":[26,13,9.5],"rotation":{"angle":0,"axis":"y","origin":[25,12,8.5]},"faces":{"north":{"uv":[10,11.75,10.25,12],"texture":"#0"},"east":{"uv":[10.25,11.75,10.5,12],"texture":"#0"},"south":{"uv":[10,11.75,10.25,12],"texture":"#0"},"west":{"uv":[10.5,12,10.25,11.75],"texture":"#0"},"up":{"uv":[10.5,12,10.25,11.75],"rotation":90,"texture":"#0"},"down":{"uv":[10.25,11.75,10.5,12],"rotation":90,"texture":"#0"}}},{"from":[25,5,8.5],"to":[26,6,9.5],"rotation":{"angle":0,"axis":"y","origin":[25,5,8.5]},"faces":{"north":{"uv":[10,11.75,10.25,12],"texture":"#0"},"east":{"uv":[10.25,11.75,10.5,12],"texture":"#0"},"south":{"uv":[10,11.75,10.25,12],"texture":"#0"},"west":{"uv":[10.5,12,10.25,11.75],"texture":"#0"},"up":{"uv":[10.5,12,10.25,11.75],"rotation":90,"texture":"#0"},"down":{"uv":[10.25,11.75,10.5,12],"rotation":90,"texture":"#0"}}}],"gui_light":"front","display":{"thirdperson_righthand":{"rotation":[67.5,0,0],"translation":[-2,3,-1],"scale":[0.25406,0.25406,0.25406]},"thirdperson_lefthand":{"rotation":[67.5,0,0],"translation":[2.25,3,-1],"scale":[0.25406,0.25406,0.25406]},"firstperson_righthand":{"rotation":[0,-180,0],"translation":[-16.25,0.25,0],"scale":[0.6,0.6,0.6]},"firstperson_lefthand":{"rotation":[0,-180,0],"translation":[-26.25,0.25,0],"scale":[0.6,0.6,0.6]},"ground":{"translation":[-2,3,-2],"scale":[0.25,0.25,0.25]},"gui":{"rotation":[30,225,0],"translation":[4.25,-0.25,0],"scale":[0.40938,0.40938,0.40938]},"head":{"rotation":[0,-180,0],"translation":[12.75,-30.5,11.25],"scale":[0,0,0]},"fixed":{"rotation":[-90,0,0],"translation":[-30.75,-13.75,-16],"scale":[2,2,2]}}}