{"variants":{"west=true,up=true,south=true,north=true,east=true,down=true":{"model":"block/original/mushroom_stem_true"},"down=false,east=false,north=false,south=false,up=true,west=false":{"model":"block/original/mushroom_stem"},"down=false,east=false,north=false,south=false,up=true,west=true":{"model":"block/original/mushroom_stem"},"down=false,east=false,north=false,south=true,up=false,west=false":{"model":"block/original/mushroom_stem"},"down=false,east=false,north=false,south=true,up=false,west=true":{"model":"block/original/mushroom_stem"},"down=false,east=false,north=false,south=true,up=true,west=false":{"model":"block/original/mushroom_stem"},"down=false,east=false,north=false,south=true,up=true,west=true":{"model":"block/original/mushroom_stem"},"down=false,east=false,north=true,south=false,up=false,west=false":{"model":"block/original/mushroom_stem"},"down=false,east=false,north=true,south=false,up=false,west=true":{"model":"block/original/mushroom_stem"},"down=false,east=false,north=true,south=false,up=true,west=false":{"model":"block/original/mushroom_stem"},"down=false,east=false,north=true,south=false,up=true,west=true":{"model":"block/original/mushroom_stem"},"down=false,east=false,north=true,south=true,up=false,west=false":{"model":"block/original/mushroom_stem"},"down=false,east=false,north=true,south=true,up=false,west=true":{"model":"block/original/mushroom_stem"},"down=false,east=false,north=true,south=true,up=true,west=false":{"model":"block/original/mushroom_stem"},"down=false,east=false,north=true,south=true,up=true,west=true":{"model":"block/original/mushroom_stem"},"down=false,east=true,north=false,south=false,up=false,west=false":{"model":"block/original/mushroom_stem"},"down=false,east=true,north=false,south=false,up=false,west=true":{"model":"block/original/mushroom_stem"},"down=false,east=true,north=false,south=false,up=true,west=false":{"model":"block/original/mushroom_stem"},"down=false,east=true,north=false,south=false,up=true,west=true":{"model":"block/original/mushroom_stem"},"down=false,east=true,north=false,south=true,up=false,west=false":{"model":"block/original/mushroom_stem"},"down=false,east=true,north=false,south=true,up=false,west=true":{"model":"block/original/mushroom_stem"},"down=false,east=true,north=false,south=true,up=true,west=false":{"model":"block/original/mushroom_stem"},"down=false,east=true,north=false,south=true,up=true,west=true":{"model":"block/original/mushroom_stem"},"down=false,east=true,north=true,south=false,up=false,west=false":{"model":"block/original/mushroom_stem"},"down=false,east=true,north=true,south=false,up=false,west=true":{"model":"block/original/mushroom_stem"},"down=false,east=true,north=true,south=false,up=true,west=false":{"model":"block/original/mushroom_stem"},"down=false,east=true,north=true,south=false,up=true,west=true":{"model":"block/original/mushroom_stem"},"down=false,east=true,north=true,south=true,up=false,west=false":{"model":"block/original/mushroom_stem"},"down=false,east=true,north=true,south=true,up=false,west=true":{"model":"block/original/mushroom_stem"},"down=false,east=true,north=true,south=true,up=true,west=false":{"model":"block/original/mushroom_stem"},"down=false,east=true,north=true,south=true,up=true,west=true":{"model":"block/original/mushroom_stem"},"down=true,east=false,north=false,south=false,up=false,west=false":{"model":"block/original/mushroom_stem"},"down=true,east=false,north=false,south=false,up=false,west=true":{"model":"block/original/mushroom_stem"},"down=true,east=false,north=false,south=false,up=true,west=false":{"model":"block/original/mushroom_stem"},"down=true,east=false,north=false,south=false,up=true,west=true":{"model":"block/original/mushroom_stem"},"down=true,east=false,north=false,south=true,up=false,west=false":{"model":"block/original/mushroom_stem"},"down=true,east=false,north=false,south=true,up=false,west=true":{"model":"block/original/mushroom_stem"},"down=true,east=false,north=false,south=true,up=true,west=false":{"model":"block/original/mushroom_stem"},"down=true,east=false,north=false,south=true,up=true,west=true":{"model":"block/original/mushroom_stem"},"down=true,east=false,north=true,south=false,up=false,west=false":{"model":"block/original/mushroom_stem"},"down=true,east=false,north=true,south=false,up=false,west=true":{"model":"block/original/mushroom_stem"},"down=true,east=false,north=true,south=false,up=true,west=false":{"model":"block/original/mushroom_stem"},"down=true,east=false,north=true,south=false,up=true,west=true":{"model":"block/original/mushroom_stem"},"down=true,east=false,north=true,south=true,up=false,west=false":{"model":"block/original/mushroom_stem"},"down=true,east=false,north=true,south=true,up=false,west=true":{"model":"block/original/mushroom_stem"},"down=true,east=false,north=true,south=true,up=true,west=false":{"model":"block/original/mushroom_stem"},"down=true,east=false,north=true,south=true,up=true,west=true":{"model":"block/original/mushroom_stem"},"down=true,east=true,north=false,south=false,up=false,west=false":{"model":"block/original/mushroom_stem"},"down=true,east=true,north=false,south=false,up=false,west=true":{"model":"block/original/mushroom_stem"},"down=true,east=true,north=false,south=false,up=true,west=false":{"model":"block/original/mushroom_stem"},"down=true,east=true,north=false,south=false,up=true,west=true":{"model":"block/original/mushroom_stem"},"down=true,east=true,north=false,south=true,up=false,west=false":{"model":"block/original/mushroom_stem"},"down=true,east=true,north=false,south=true,up=false,west=true":{"model":"block/original/mushroom_stem"},"down=true,east=true,north=false,south=true,up=true,west=false":{"model":"block/original/mushroom_stem"},"down=true,east=true,north=false,south=true,up=true,west=true":{"model":"block/original/mushroom_stem"},"down=true,east=true,north=true,south=false,up=false,west=false":{"model":"block/original/mushroom_stem"},"down=true,east=true,north=true,south=false,up=false,west=true":{"model":"block/original/mushroom_stem"},"down=true,east=true,north=true,south=false,up=true,west=false":{"model":"block/original/mushroom_stem"},"down=true,east=true,north=true,south=false,up=true,west=true":{"model":"block/original/mushroom_stem"},"down=true,east=true,north=true,south=true,up=false,west=false":{"model":"block/original/mushroom_stem"},"down=true,east=true,north=true,south=true,up=false,west=true":{"model":"block/original/mushroom_stem"},"down=true,east=true,north=true,south=true,up=true,west=false":{"model":"block/original/mushroom_stem"}}}