{"credit":"MadewithBlockbench","textures":{"3":"gardenplus:plantes/birch_planks","4":"gardenplus:plantes/dirt","5":"gardenplus:plantes/peony_top","particle":"gardenplus:plantes/peony_top"},"elements":[{"from":[3.9,4.4,8.7],"to":[13,14.4,8.7],"shade":false,"rotation":{"angle":45,"axis":"y","origin":[8,14,8]},"faces":{"north":{"uv":[0,0,16,16],"texture":"#5"},"east":{"uv":[0,0,0,0],"texture":"#missing"},"south":{"uv":[0,0,16,16],"texture":"#5"},"west":{"uv":[0,0,0,0],"texture":"#missing"},"up":{"uv":[0,0,0,0],"texture":"#missing"},"down":{"uv":[0,0,0,0],"texture":"#missing"}}},{"from":[8.3,4.4,4.4],"to":[8.3,14.4,13.3],"shade":false,"rotation":{"angle":45,"axis":"y","origin":[8,14,8]},"faces":{"north":{"uv":[0,0,0,0],"texture":"#missing"},"east":{"uv":[0,0,16,16],"texture":"#5"},"south":{"uv":[0,0,0,0],"texture":"#missing"},"west":{"uv":[0,0,16,16],"texture":"#5"},"up":{"uv":[0,0,0,0],"rotation":270,"texture":"#missing"},"down":{"uv":[0,0,0,0],"rotation":90,"texture":"#missing"}}},{"from":[5,0.99,4],"to":[12,5.99,5],"shade":false,"rotation":{"angle":0,"axis":"y","origin":[0,5,0]},"faces":{"north":{"uv":[0,0,16,8],"texture":"#3"},"east":{"uv":[0,0,2,8],"texture":"#3"},"south":{"uv":[0,0,16,8],"texture":"#3"},"west":{"uv":[0,0,2,8],"texture":"#3"},"up":{"uv":[8,4,0,0],"texture":"#3"},"down":{"uv":[8,0,0,4],"texture":"#3"}}},{"from":[4,0.99,5],"to":[5,5.99,12],"shade":false,"rotation":{"angle":0,"axis":"y","origin":[0,5,0]},"faces":{"north":{"uv":[0,0,3,8],"texture":"#3"},"east":{"uv":[0,0,16,16],"texture":"#3"},"south":{"uv":[0,0,3,8],"texture":"#3"},"west":{"uv":[0,0,16,8],"texture":"#3"},"up":{"uv":[8,8,0,0],"texture":"#3"},"down":{"uv":[8,0,0,3],"texture":"#3"}}},{"from":[12,0.99,5],"to":[13,5.99,12],"shade":false,"rotation":{"angle":0,"axis":"y","origin":[0,5,0]},"faces":{"north":{"uv":[0,0,2,8],"texture":"#3"},"east":{"uv":[0,0,16,8],"texture":"#3"},"south":{"uv":[0,0,2,8],"texture":"#3"},"west":{"uv":[0,0,16,16],"texture":"#3"},"up":{"uv":[8,8,0,0],"texture":"#3"},"down":{"uv":[8,0,0,3],"texture":"#3"}}},{"from":[5,-0.01,5],"to":[12,0.99,12],"shade":false,"rotation":{"angle":0,"axis":"y","origin":[0,5,0]},"faces":{"north":{"uv":[0,0,16,2],"texture":"#3"},"east":{"uv":[0,0,16,2],"texture":"#3"},"south":{"uv":[0,0,16,2],"texture":"#3"},"west":{"uv":[0,0,16,2],"texture":"#3"},"up":{"uv":[8,8,0,0],"texture":"#3"},"down":{"uv":[8,0,0,8],"texture":"#3"}}},{"from":[5,0.99,5],"to":[12,4.99,12],"shade":false,"rotation":{"angle":0,"axis":"y","origin":[0,5,0]},"faces":{"north":{"uv":[0,0,0,0],"texture":"#4"},"east":{"uv":[0,0,0,0],"texture":"#4"},"south":{"uv":[0,0,0,0],"texture":"#4"},"west":{"uv":[0,0,0,0],"texture":"#4"},"up":{"uv":[16,16,0,0],"texture":"#4"},"down":{"uv":[8,0,0,8],"texture":"#4"}}},{"from":[5,0.99,12],"to":[12,5.99,13],"shade":false,"rotation":{"angle":0,"axis":"y","origin":[0,5,0]},"faces":{"north":{"uv":[0,0,16,8],"texture":"#3"},"east":{"uv":[0,0,2,8],"texture":"#3"},"south":{"uv":[0,0,16,8],"texture":"#3"},"west":{"uv":[0,0,2,8],"texture":"#3"},"up":{"uv":[8,4,0,0],"texture":"#3"},"down":{"uv":[8,0,0,4],"texture":"#3"}}}],"display":{"thirdperson_righthand":{"rotation":[75,45,0],"translation":[0,2.5,0],"scale":[0.375,0.375,0.375]},"thirdperson_lefthand":{"rotation":[75,45,0],"translation":[0,2.5,0],"scale":[0.375,0.375,0.375]},"firstperson_righthand":{"rotation":[0,45,0],"scale":[0.4,0.4,0.4]},"firstperson_lefthand":{"rotation":[0,45,0],"scale":[0.4,0.4,0.4]},"ground":{"translation":[0,2,0],"scale":[0.5,0.5,0.5]},"gui":{"rotation":[30,45,0],"translation":[0,-0.6,0],"scale":[0.5,0.5,0.5]},"head":{"translation":[0,-30.4,0],"scale":[1.6,1.6,1.6]},"fixed":{"rotation":[-90,180,0],"translation":[0,0,-14],"scale":[2.01,2.01,2.01]}}}