{"credit":"Made by Nog's Menagerie","texture_size":[64,64],"textures":{"0":"zenaviawinter:furniture/christmas/nm_christmas_wreath_texture","particle":"zenaviawinter:furniture/christmas/nm_christmas_wreath_texture"},"elements":[{"name":"piece","from":[2,0,7],"to":[14,3,10],"rotation":{"angle":0,"axis":"y","origin":[8,0.5,8.5]},"faces":{"north":{"uv":[3.75,6.5,6.75,7.25],"texture":"#0"},"east":{"uv":[8,7,8.75,7.75],"texture":"#0"},"south":{"uv":[7,0,10,0.75],"texture":"#0"},"west":{"uv":[8,8,8.75,8.75],"texture":"#0"},"up":{"uv":[10,1.75,7,1],"texture":"#0"},"down":{"uv":[10,2,7,2.75],"texture":"#0"}}},{"name":"piece","from":[2,-6,6.975],"to":[14,6,6.975],"rotation":{"angle":0,"axis":"y","origin":[8,-0.5,8.475]},"faces":{"north":{"uv":[3.75,0,6.75,3],"texture":"#0"},"east":{"uv":[1,9.25,1,12.25],"texture":"#0"},"south":{"uv":[6.75,0,3.75,3],"texture":"#0"},"west":{"uv":[1.25,9.25,1.25,12.25],"texture":"#0"},"up":{"uv":[4.5,9.25,1.5,9.25],"texture":"#0"},"down":{"uv":[4.5,9.5,1.5,9.5],"texture":"#0"}}},{"name":"piece","from":[2,9,7],"to":[14,12,10],"rotation":{"angle":0,"axis":"y","origin":[8,8.5,8.5]},"faces":{"north":{"uv":[7,3,10,3.75],"texture":"#0"},"east":{"uv":[7,8.75,7.75,9.5],"texture":"#0"},"south":{"uv":[7,4,10,4.75],"texture":"#0"},"west":{"uv":[9,7,9.75,7.75],"texture":"#0"},"up":{"uv":[10,5.75,7,5],"texture":"#0"},"down":{"uv":[10,6,7,6.75],"texture":"#0"}}},{"name":"piece","from":[1,-1,8.5],"to":[15,13,8.5],"rotation":{"angle":0,"axis":"y","origin":[8,9.5,8.5]},"faces":{"north":{"uv":[0,0,3.5,3.5],"texture":"#0"},"east":{"uv":[4.75,9.25,4.75,12.75],"texture":"#0"},"south":{"uv":[3.5,0,0,3.5],"texture":"#0"},"west":{"uv":[5,9.25,5,12.75],"texture":"#0"},"up":{"uv":[8.75,10,5.25,10],"texture":"#0"},"down":{"uv":[13.5,7,10,7],"texture":"#0"}}},{"name":"piece","from":[2,3,7],"to":[5,9,10],"rotation":{"angle":0,"axis":"y","origin":[8,4.5,8.5]},"faces":{"north":{"uv":[7,7,7.75,8.5],"texture":"#0"},"east":{"uv":[0,7.5,0.75,9],"texture":"#0"},"south":{"uv":[1,7.5,1.75,9],"texture":"#0"},"west":{"uv":[2,7.5,2.75,9],"texture":"#0"},"up":{"uv":[8.75,9.75,8,9],"texture":"#0"},"down":{"uv":[9.75,8,9,8.75],"texture":"#0"}}},{"name":"piece","from":[11,3,7],"to":[14,9,10],"rotation":{"angle":0,"axis":"y","origin":[8,4.5,8.5]},"faces":{"north":{"uv":[3,7.5,3.75,9],"texture":"#0"},"east":{"uv":[4,7.5,4.75,9],"texture":"#0"},"south":{"uv":[5,7.5,5.75,9],"texture":"#0"},"west":{"uv":[6,7.5,6.75,9],"texture":"#0"},"up":{"uv":[9.75,9.75,9,9],"texture":"#0"},"down":{"uv":[0.75,9.25,0,10],"texture":"#0"}}}],"gui_light":"front","display":{"thirdperson_righthand":{"rotation":[73,0,0],"translation":[-0.25,-1.25,-2.75],"scale":[0.63,0.63,0.63]},"thirdperson_lefthand":{"rotation":[73,0,0],"translation":[-0.25,-1.25,-2.75],"scale":[0.63,0.63,0.63]},"firstperson_righthand":{"rotation":[-5,125,3],"translation":[1.5,5.25,0],"scale":[0.7,0.7,0.7]},"firstperson_lefthand":{"rotation":[-5,125,3],"translation":[1.5,5.25,0],"scale":[0.7,0.7,0.7]},"ground":{"rotation":[0,180,0],"translation":[-0.75,3.75,0.5],"scale":[0.68,0.68,0.68]},"gui":{"rotation":[25,151,0],"translation":[0,2.25,0],"scale":[0.8,0.8,0.8]},"head":{"translation":[0,19.75,0],"scale":[1.7,1.7,1.7]},"fixed":{"translation":[0,4.25,-4],"scale":[2,2,2]}}}