{"credit":"MadewithBlockbench","texture_size":[32,32],"textures":{"0":"elitecreatures:modern_furniture_v3/bed_table","particle":"elitecreatures:modern_furniture_v3/bed_table"},"elements":[{"from":[8.2543,-0.62311,7.5],"to":[9.2543,8.87689,8.5],"rotation":{"angle":-22.5,"axis":"z","origin":[8.31503,11.50052,7.50262]},"faces":{"north":{"uv":[2.5,6,3,10.75],"texture":"#0"},"east":{"uv":[3,6,2.5,10.75],"texture":"#0"},"south":{"uv":[2.5,6,3,10.75],"texture":"#0"},"west":{"uv":[3,6,2.5,10.75],"texture":"#0"},"up":{"uv":[9.5,4.5,9,4],"texture":"#0"},"down":{"uv":[9.5,4.5,9,5],"texture":"#0"}}},{"from":[6.79366,-0.382,7.5],"to":[7.79366,9.118,8.5],"rotation":{"angle":22.5,"axis":"z","origin":[8.31503,11.50052,7.50262]},"faces":{"north":{"uv":[3,6,2.5,10.75],"texture":"#0"},"east":{"uv":[2.5,6,3,10.75],"texture":"#0"},"south":{"uv":[3,6,2.5,10.75],"texture":"#0"},"west":{"uv":[2.5,6,3,10.75],"texture":"#0"},"up":{"uv":[9,4.5,9.5,4],"texture":"#0"},"down":{"uv":[9,4.5,9.5,5],"texture":"#0"}}},{"from":[7.5,-0.31221,8.19246],"to":[8.5,9.18779,9.19246],"rotation":{"angle":22.5,"axis":"x","origin":[8.31503,11.50052,7.50262]},"faces":{"north":{"uv":[3,6,2.5,10.75],"texture":"#0"},"east":{"uv":[2.5,6,3,10.75],"texture":"#0"},"south":{"uv":[3,6,2.5,10.75],"texture":"#0"},"west":{"uv":[2.5,6,3,10.75],"texture":"#0"},"up":{"uv":[7.5,9.5,7,9],"texture":"#0"},"down":{"uv":[9.5,7,9,7.5],"texture":"#0"}}},{"from":[7.5,-0.6929,6.73182],"to":[8.5,8.8071,7.73182],"rotation":{"angle":-22.5,"axis":"x","origin":[8.31503,11.50052,7.50262]},"faces":{"north":{"uv":[2.5,6,3,10.75],"texture":"#0"},"east":{"uv":[3,6,2.5,10.75],"texture":"#0"},"south":{"uv":[2.5,6,3,10.75],"texture":"#0"},"west":{"uv":[3,6,2.5,10.75],"texture":"#0"},"up":{"uv":[7.5,9,7,9.5],"texture":"#0"},"down":{"uv":[9.5,7.5,9,7],"texture":"#0"}}},{"from":[5,7.75,5],"to":[11,9.25,11],"rotation":{"angle":0,"axis":"y","origin":[8.31503,11.50052,7.50262]},"faces":{"north":{"uv":[7,0,10,0.75],"texture":"#0"},"east":{"uv":[7,0,10,0.75],"texture":"#0"},"south":{"uv":[7,0,10,0.75],"texture":"#0"},"west":{"uv":[7,0,10,0.75],"texture":"#0"},"up":{"uv":[3,3,0,0],"texture":"#0"},"down":{"uv":[3,3,0,0],"texture":"#0"}}},{"from":[7,9.25,7],"to":[9,13.25,9],"rotation":{"angle":0,"axis":"y","origin":[8,11.25,8]},"faces":{"north":{"uv":[7,4,8,6],"texture":"#0"},"east":{"uv":[7,4,8,6],"texture":"#0"},"south":{"uv":[7,4,8,6],"texture":"#0"},"west":{"uv":[7,4,8,6],"texture":"#0"},"up":{"uv":[8,9,7,8],"texture":"#0"},"down":{"uv":[9,8,8,9],"texture":"#0"}}},{"from":[10.5,16.5,8],"to":[11.5,17.5,8],"rotation":{"angle":22.5,"axis":"x","origin":[11,17.5,8]},"faces":{"north":{"uv":[1,3.5,1.5,4],"texture":"#0"},"east":{"uv":[0,0,0,0.5],"texture":"#0"},"south":{"uv":[1,3.5,1.5,4],"texture":"#0"},"west":{"uv":[0,0,0,0.5],"texture":"#0"},"up":{"uv":[0.5,0,0,0],"texture":"#0"},"down":{"uv":[0.5,0,0,0],"texture":"#0"}}},{"from":[10.5,17.5,8],"to":[11.5,18.5,8],"rotation":{"angle":0,"axis":"y","origin":[11,18,8]},"faces":{"north":{"uv":[0,3.5,0.5,4],"texture":"#0"},"east":{"uv":[0,0,0,0.5],"texture":"#0"},"south":{"uv":[0,3.5,0.5,4],"texture":"#0"},"west":{"uv":[0,0,0,0.5],"texture":"#0"},"up":{"uv":[0.5,0,0,0],"texture":"#0"},"down":{"uv":[0.5,0,0,0],"texture":"#0"}}},{"from":[10.5,18.94394,10.77341],"to":[11.5,19.94394,10.77341],"rotation":{"angle":-22.5,"axis":"x","origin":[9.31503,11.75052,10.50262]},"faces":{"north":{"uv":[1,3,1.5,3.5],"texture":"#0"},"east":{"uv":[0,0,0,0.5],"texture":"#0"},"south":{"uv":[1,4,1.5,3.5],"texture":"#0"},"west":{"uv":[0,0,0,0.5],"texture":"#0"},"up":{"uv":[0.5,0,0,0],"texture":"#0"},"down":{"uv":[0.5,0,0,0],"texture":"#0"}}},{"from":[11.46194,17.5,7.80866],"to":[12.46194,18.5,7.80866],"rotation":{"angle":22.5,"axis":"y","origin":[11.96194,18,7.80866]},"faces":{"north":{"uv":[0,3,0.5,3.5],"texture":"#0"},"east":{"uv":[0,0,0,0.5],"texture":"#0"},"south":{"uv":[0.5,3,0,3.5],"texture":"#0"},"west":{"uv":[0,0,0,0.5],"texture":"#0"},"up":{"uv":[0.5,0,0,0],"texture":"#0"},"down":{"uv":[0.5,0,0,0],"texture":"#0"}}},{"from":[9.5,17.5,8],"to":[10.5,18.5,8],"rotation":{"angle":-22.5,"axis":"y","origin":[10.5,18,8]},"faces":{"north":{"uv":[2,3,2.5,3.5],"texture":"#0"},"east":{"uv":[0,0,0,0.5],"texture":"#0"},"south":{"uv":[2.5,3,2,3.5],"texture":"#0"},"west":{"uv":[0,0,0,0.5],"texture":"#0"},"up":{"uv":[0.5,0,0,0],"texture":"#0"},"down":{"uv":[0.5,0,0,0],"texture":"#0"}}},{"from":[7.5,9.75,8],"to":[10.5,18.25,8],"rotation":{"angle":0,"axis":"y","origin":[9,14,8]},"faces":{"north":{"uv":[3,0,4.5,4.25],"texture":"#0"},"east":{"uv":[0,0,0,4.25],"texture":"#0"},"south":{"uv":[4.5,0,3,4.25],"texture":"#0"},"west":{"uv":[0,0,0,4.25],"texture":"#0"},"up":{"uv":[1.5,0,0,0],"texture":"#0"},"down":{"uv":[1.5,0,0,0],"texture":"#0"}}},{"from":[5.5,15.75,7.75],"to":[6.5,16.75,7.75],"rotation":{"angle":22.5,"axis":"x","origin":[6,16.75,7.75]},"faces":{"north":{"uv":[0.5,4,1,4.5],"texture":"#0"},"east":{"uv":[0,0,0,0.5],"texture":"#0"},"south":{"uv":[0.5,4,1,4.5],"texture":"#0"},"west":{"uv":[0,0,0,0.5],"texture":"#0"},"up":{"uv":[0.5,0,0,0],"texture":"#0"},"down":{"uv":[0.5,0,0,0],"texture":"#0"}}},{"from":[5.5,16.75,7.75],"to":[6.5,17.75,7.75],"rotation":{"angle":0,"axis":"y","origin":[6,17.25,7.75]},"faces":{"north":{"uv":[0.5,3,1,3.5],"texture":"#0"},"east":{"uv":[0,0,0,0.5],"texture":"#0"},"south":{"uv":[1.5,3,2,3.5],"texture":"#0"},"west":{"uv":[0,0,0,0.5],"texture":"#0"},"up":{"uv":[0.5,0,0,0],"texture":"#0"},"down":{"uv":[0.5,0,0,0],"texture":"#0"}}},{"from":[5.5,18.19394,10.52341],"to":[6.5,19.19394,10.52341],"rotation":{"angle":-22.5,"axis":"x","origin":[7.68497,11.00052,10.25262]},"faces":{"north":{"uv":[1.5,3.5,2,4],"texture":"#0"},"east":{"uv":[0,0,0,0.5],"texture":"#0"},"south":{"uv":[1.5,3.5,2,4],"texture":"#0"},"west":{"uv":[0,0,0,0.5],"texture":"#0"},"up":{"uv":[0.5,0,0,0],"texture":"#0"},"down":{"uv":[0.5,0,0,0],"texture":"#0"}}},{"from":[4.53806,16.75,7.55866],"to":[5.53806,17.75,7.55866],"rotation":{"angle":-22.5,"axis":"y","origin":[5.03806,17.25,7.55866]},"faces":{"north":{"uv":[2.5,3.5,3,4],"texture":"#0"},"east":{"uv":[0,0,0,0.5],"texture":"#0"},"south":{"uv":[3,3.5,2.5,4],"texture":"#0"},"west":{"uv":[0,0,0,0.5],"texture":"#0"},"up":{"uv":[0.5,0,0,0],"texture":"#0"},"down":{"uv":[0.5,0,0,0],"texture":"#0"}}},{"from":[6.5,16.75,7.75],"to":[7.5,17.75,7.75],"rotation":{"angle":22.5,"axis":"y","origin":[6.5,17.25,7.75]},"faces":{"north":{"uv":[2.5,3,3,3.5],"texture":"#0"},"east":{"uv":[0,0,0,0.5],"texture":"#0"},"south":{"uv":[2.5,3.5,3,4],"texture":"#0"},"west":{"uv":[0,0,0,0.5],"texture":"#0"},"up":{"uv":[0.5,0,0,0],"texture":"#0"},"down":{"uv":[0.5,0,0,0],"texture":"#0"}}},{"from":[5.5,9.75,7.75],"to":[8.5,18.25,7.75],"rotation":{"angle":0,"axis":"y","origin":[7,14,7.75]},"faces":{"north":{"uv":[4.5,0,3,4.25],"texture":"#0"},"east":{"uv":[0,0,0,4.25],"texture":"#0"},"south":{"uv":[3,0,4.5,4.25],"texture":"#0"},"west":{"uv":[0,0,0,4.25],"texture":"#0"},"up":{"uv":[0,0,1.5,0],"texture":"#0"},"down":{"uv":[0,0,1.5,0],"texture":"#0"}}}],"gui_light":"front","display":{"thirdperson_righthand":{"rotation":[66.5,0,0],"translation":[0,1.5,2],"scale":[0.41,0.41,0.41]},"thirdperson_lefthand":{"rotation":[66.5,0,0],"translation":[0,1.5,2],"scale":[0.41,0.41,0.41]},"firstperson_righthand":{"rotation":[0,180,0],"translation":[0.25,3.5,0],"scale":[0.61609,0.61609,0.61609]},"firstperson_lefthand":{"rotation":[0,180,0],"translation":[0.25,3.5,0],"scale":[0.61609,0.61609,0.61609]},"ground":{"translation":[0,5.25,0],"scale":[0.62891,0.62891,0.62891]},"gui":{"rotation":[30,145,0],"translation":[0,-0.75,0],"scale":[0.76,0.76,0.76]},"head":{"translation":[0,-20.75,0],"scale":[2.8,2.8,2.8]},"fixed":{"rotation":[-90,180,0],"translation":[0,0,-29.75],"scale":[3.67969,3.67969,3.67969]}}}