{"credit":"MadewithBlockbench","texture_size":[64,64],"textures":{"0":"elitecreatures:modern_furniture_v3/cloth_rack","particle":"elitecreatures:modern_furniture_v3/cloth_rack"},"elements":[{"from":[12,0,2],"to":[14,2,14],"faces":{"north":{"uv":[7,0,7.5,0.5],"texture":"#0"},"east":{"uv":[2,3.5,5,4],"texture":"#0"},"south":{"uv":[7,0,7.5,0.5],"texture":"#0"},"west":{"uv":[2,3.5,5,4],"texture":"#0"},"up":{"uv":[4.5,3.5,4,0.5],"texture":"#0"},"down":{"uv":[2.5,4,2,7],"texture":"#0"}}},{"from":[12,2,2],"to":[14,8,4],"faces":{"north":{"uv":[4,6,4.5,7.5],"texture":"#0"},"east":{"uv":[4.5,6,4,7.5],"texture":"#0"},"south":{"uv":[4,6,4.5,7.5],"texture":"#0"},"west":{"uv":[4.5,6,4,7.5],"texture":"#0"},"up":{"uv":[6.5,8,6,7.5],"texture":"#0"},"down":{"uv":[8,6,7.5,6.5],"texture":"#0"}}},{"from":[12,2,7],"to":[14,14,9],"faces":{"north":{"uv":[3,6,2.5,9],"texture":"#0"},"east":{"uv":[2.5,6,3,9],"texture":"#0"},"south":{"uv":[3,6,2.5,9],"texture":"#0"},"west":{"uv":[2.5,6,3,9],"texture":"#0"},"up":{"uv":[7,8,6.5,7.5],"texture":"#0"},"down":{"uv":[8,6.5,7.5,7],"texture":"#0"}}},{"from":[12,2,12],"to":[14,20,14],"faces":{"north":{"uv":[1,3.5,0.5,8],"texture":"#0"},"east":{"uv":[0.5,3.5,1,8],"texture":"#0"},"south":{"uv":[1,3.5,0.5,8],"texture":"#0"},"west":{"uv":[0.5,3.5,1,8],"texture":"#0"},"up":{"uv":[7.5,8,7,7.5],"texture":"#0"},"down":{"uv":[8,7,7.5,7.5],"texture":"#0"}}},{"from":[2,0,2],"to":[4,2,14],"faces":{"north":{"uv":[7,0,7.5,0.5],"texture":"#0"},"east":{"uv":[2,3.5,5,4],"texture":"#0"},"south":{"uv":[7,0,7.5,0.5],"texture":"#0"},"west":{"uv":[2,3.5,5,4],"texture":"#0"},"up":{"uv":[4.5,3.5,4,0.5],"texture":"#0"},"down":{"uv":[2.5,4,2,7],"texture":"#0"}}},{"from":[2,2,7],"to":[4,14,9],"faces":{"north":{"uv":[3,6,2.5,9],"texture":"#0"},"east":{"uv":[2.5,6,3,9],"texture":"#0"},"south":{"uv":[3,6,2.5,9],"texture":"#0"},"west":{"uv":[2.5,6,3,9],"texture":"#0"},"up":{"uv":[7,8,6.5,7.5],"texture":"#0"},"down":{"uv":[8,6.5,7.5,7],"texture":"#0"}}},{"from":[2,2,2],"to":[4,8,4],"faces":{"north":{"uv":[4,6,4.5,7.5],"texture":"#0"},"east":{"uv":[4.5,6,4,7.5],"texture":"#0"},"south":{"uv":[4,6,4.5,7.5],"texture":"#0"},"west":{"uv":[4.5,6,4,7.5],"texture":"#0"},"up":{"uv":[6.5,8,6,7.5],"texture":"#0"},"down":{"uv":[8,6,7.5,6.5],"texture":"#0"}}},{"from":[2,2,12],"to":[4,20,14],"faces":{"north":{"uv":[1,3.5,0.5,8],"texture":"#0"},"east":{"uv":[0.5,3.5,1,8],"texture":"#0"},"south":{"uv":[1,3.5,0.5,8],"texture":"#0"},"west":{"uv":[0.5,3.5,1,8],"texture":"#0"},"up":{"uv":[7.5,8,7,7.5],"texture":"#0"},"down":{"uv":[8,7,7.5,7.5],"texture":"#0"}}},{"from":[2,8,2],"to":[14,10,4],"faces":{"north":{"uv":[2.5,4,5.5,4.5],"texture":"#0"},"east":{"uv":[2,7.5,2.5,8],"texture":"#0"},"south":{"uv":[2.5,4.5,5.5,4],"texture":"#0"},"west":{"uv":[2,7.5,2.5,8],"texture":"#0"},"up":{"uv":[2.5,4,5.5,4.5],"texture":"#0"},"down":{"uv":[2.5,4,5.5,4.5],"texture":"#0"}}},{"from":[1,10,1.5],"to":[4,13,4.5],"rotation":{"angle":0,"axis":"y","origin":[-1,0,0]},"faces":{"north":{"uv":[6,6.75,6.75,7.5],"texture":"#0"},"east":{"uv":[6,6.75,6.75,7.5],"texture":"#0"},"south":{"uv":[6,6.75,6.75,7.5],"texture":"#0"},"west":{"uv":[6,6.75,6.75,7.5],"texture":"#0"},"up":{"uv":[7.5,6.75,6.75,6],"texture":"#0"},"down":{"uv":[7.5,6.75,6.75,7.5],"texture":"#0"}}},{"from":[1.75,12.75,3.5],"to":[3.25,13.25,5.5],"rotation":{"angle":-45,"axis":"x","origin":[2.5,13,4.5]},"faces":{"north":{"uv":[8,3.25,8.375,3.375],"texture":"#0"},"east":{"uv":[2,8,2.5,8.125],"texture":"#0"},"south":{"uv":[8,3.5,8.375,3.625],"texture":"#0"},"west":{"uv":[8,3,8.5,3.125],"texture":"#0"},"up":{"uv":[7.875,8,7.5,7.5],"texture":"#0"},"down":{"uv":[7.875,7.5,7.5,8],"texture":"#0"}}},{"from":[1.25,13,0.5],"to":[3.75,15.5,3],"rotation":{"angle":0,"axis":"y","origin":[-1,0,0]},"faces":{"north":{"uv":[7.25,4.5,7.875,5.125],"texture":"#0"},"east":{"uv":[7.5,0.75,8.125,1.375],"texture":"#0"},"south":{"uv":[7.5,0.75,8.125,1.375],"texture":"#0"},"west":{"uv":[7.5,0.75,8.125,1.375],"texture":"#0"},"up":{"uv":[8.125,2.125,7.5,1.5],"texture":"#0"},"down":{"uv":[8.125,2.25,7.5,2.875],"texture":"#0"}}},{"from":[1.75,13.5,-0.75],"to":[3.25,14,0.5],"rotation":{"angle":22.5,"axis":"x","origin":[2.5,13.5,0.625]},"faces":{"north":{"uv":[8,3.75,8.375,3.875],"texture":"#0"},"east":{"uv":[4,8,4.375,8.125],"texture":"#0"},"south":{"uv":[4.5,8,4.875,8.125],"texture":"#0"},"west":{"uv":[8,4.5,8.375,4.625],"texture":"#0"},"up":{"uv":[0.875,8.375,0.5,8],"texture":"#0"},"down":{"uv":[0.875,8,0.5,8.375],"texture":"#0"}}},{"from":[2,13.25,-0.5],"to":[3,13.75,0.75],"rotation":{"angle":-22.5,"axis":"x","origin":[2.5,13.5,0.625]},"faces":{"north":{"uv":[8,5,8.25,5.125],"texture":"#0"},"east":{"uv":[8,4.75,8.375,4.875],"texture":"#0"},"south":{"uv":[8,5.25,8.25,5.375],"texture":"#0"},"west":{"uv":[5,8,5.375,8.125],"texture":"#0"},"up":{"uv":[1.75,8.375,1.5,8],"texture":"#0"},"down":{"uv":[1.5,8.375,1.75,8],"texture":"#0"}}},{"from":[2,20,12],"to":[14,22,14],"faces":{"north":{"uv":[4.5,2,7.5,2.5],"texture":"#0"},"east":{"uv":[2,7.5,2.5,8],"texture":"#0"},"south":{"uv":[4.5,2.5,7.5,2],"texture":"#0"},"west":{"uv":[2,7.5,2.5,8],"texture":"#0"},"up":{"uv":[4.5,2,7.5,2.5],"texture":"#0"},"down":{"uv":[4.5,2,7.5,2.5],"texture":"#0"}}},{"from":[2,14,7],"to":[14,16,9],"faces":{"north":{"uv":[2.5,5,5.5,5.5],"texture":"#0"},"east":{"uv":[2,7.5,2.5,8],"texture":"#0"},"south":{"uv":[2.5,5,5.5,5.5],"texture":"#0"},"west":{"uv":[2,7.5,2.5,8],"texture":"#0"},"up":{"uv":[5.5,6,2.5,5.5],"texture":"#0"},"down":{"uv":[8.5,4,5.5,4.5],"texture":"#0"}}},{"from":[4,7,7],"to":[12,14,7],"faces":{"north":{"uv":[0,0,2,1.75],"texture":"#0"},"east":{"uv":[0,0,0,1.75],"texture":"#0"},"south":{"uv":[2,0,0,1.75],"texture":"#0"},"west":{"uv":[0,0,0,1.75],"texture":"#0"},"up":{"uv":[2,0,0,0],"texture":"#0"},"down":{"uv":[2,0,0,0],"texture":"#0"}}},{"from":[4,7,9],"to":[12,14,9],"faces":{"north":{"uv":[0,0,2,1.75],"texture":"#0"},"east":{"uv":[0,0,0,1.75],"texture":"#0"},"south":{"uv":[2,0,0,1.75],"texture":"#0"},"west":{"uv":[0,0,0,1.75],"texture":"#0"},"up":{"uv":[2,0,0,0],"texture":"#0"},"down":{"uv":[2,0,0,0],"texture":"#0"}}}],"gui_light":"front","display":{"thirdperson_righthand":{"rotation":[66.5,0,0],"translation":[0,1.75,1.75],"scale":[0.24539,0.24539,0.24539]},"thirdperson_lefthand":{"rotation":[66.5,0,0],"translation":[0,1.75,1.75],"scale":[0.24539,0.24539,0.24539]},"firstperson_righthand":{"translation":[-2,3.5,1.75],"scale":[0.38016,0.38016,0.38016]},"firstperson_lefthand":{"translation":[-2,3.5,1.75],"scale":[0.38016,0.38016,0.38016]},"ground":{"translation":[0,6.5,0],"scale":[0.37,0.37,0.37]},"gui":{"rotation":[30,145,0],"translation":[0,-1.5,0],"scale":[0.55,0.55,0.55]},"head":{"rotation":[0,180,0],"translation":[0,-30.5,0],"scale":[1.6,1.6,1.6]},"fixed":{"rotation":[-90,180,0],"translation":[0,0,-16],"scale":[2.00266,2.00266,2.00266]}}}