{"credit":"MadewithBlockbench","texture_size":[128,128],"textures":{"0":"elitecreatures:modern_furniture_v3/glass_desk","particle":"elitecreatures:modern_furniture_v3/glass_desk"},"elements":[{"from":[-14,14.5,2],"to":[3,15.5,14],"rotation":{"angle":0,"axis":"y","origin":[-5.5,15,8]},"faces":{"north":{"uv":[5.25,6.25,7.375,6.375],"texture":"#0"},"east":{"uv":[6.25,6.5,7.75,6.625],"texture":"#0"},"south":{"uv":[5.25,6.375,7.375,6.5],"texture":"#0"},"west":{"uv":[6.25,6.625,7.75,6.75],"texture":"#0"},"up":{"uv":[2.125,1.5,0,0],"texture":"#0"},"down":{"uv":[2.125,0,0,1.5],"texture":"#0"}}},{"from":[5,7.5,2],"to":[14,8.5,14],"rotation":{"angle":0,"axis":"y","origin":[9.5,8,8]},"faces":{"north":{"uv":[6.75,0.25,7.875,0.375],"texture":"#0"},"east":{"uv":[6.75,0,8.25,0.125],"texture":"#0"},"south":{"uv":[6.75,0.375,7.875,0.5],"texture":"#0"},"west":{"uv":[6.75,0.125,8.25,0.25],"texture":"#0"},"up":{"uv":[3.25,1.5,2.125,0],"texture":"#0"},"down":{"uv":[3.25,0,2.125,1.5],"texture":"#0"}}},{"from":[5.93122,8.5,5.50328],"to":[10.93122,14.5,10.50328],"rotation":{"angle":0,"axis":"y","origin":[12.46561,16.78962,7.75164]},"faces":{"north":{"uv":[4,3.25,4.625,4],"texture":"#0"},"east":{"uv":[4,3.25,4.625,4],"texture":"#0"},"south":{"uv":[4,3.25,4.625,4],"texture":"#0"},"west":{"uv":[4,3.25,4.625,4],"texture":"#0"},"up":{"uv":[4.625,5.375,4,4.75],"rotation":180,"texture":"#0"},"down":{"uv":[5.25,4.75,4.625,5.375],"rotation":180,"texture":"#0"}}},{"from":[6.93122,14.5,6.50328],"to":[9.93122,15.5,9.50328],"rotation":{"angle":0,"axis":"y","origin":[12.46561,16.78962,7.75164]},"faces":{"north":{"uv":[7,3.625,7.375,3.75],"texture":"#0"},"east":{"uv":[7,3.625,7.375,3.75],"texture":"#0"},"south":{"uv":[7,3.625,7.375,3.75],"texture":"#0"},"west":{"uv":[7,3.625,7.375,3.75],"texture":"#0"},"up":{"uv":[0.875,7.125,0.5,6.75],"rotation":180,"texture":"#0"},"down":{"uv":[7.125,0.5,6.75,0.875],"rotation":180,"texture":"#0"}}},{"from":[8.7699,13.86293,7.50328],"to":[9.7699,22.86293,8.50328],"rotation":{"angle":-22.5,"axis":"z","origin":[12.46561,16.78962,7.75164]},"faces":{"north":{"uv":[0.875,6.75,1,7.875],"texture":"#0"},"east":{"uv":[1,6.75,0.875,7.875],"texture":"#0"},"south":{"uv":[0.875,6.75,1,7.875],"texture":"#0"},"west":{"uv":[1,6.75,0.875,7.875],"texture":"#0"},"up":{"uv":[7,2,6.875,1.875],"rotation":180,"texture":"#0"},"down":{"uv":[3.875,7,3.75,7.125],"rotation":180,"texture":"#0"}}},{"from":[9.7699,14.86293,8.00328],"to":[12.7699,22.86293,8.00328],"rotation":{"angle":-22.5,"axis":"z","origin":[12.46561,16.78962,7.75164]},"faces":{"north":{"uv":[0.875,5.75,0.5,6.75],"texture":"#0"},"east":{"uv":[0,0,0,1],"texture":"#0"},"south":{"uv":[0.5,5.75,0.875,6.75],"texture":"#0"},"west":{"uv":[0,0,0,1],"texture":"#0"},"up":{"uv":[0.375,0,0,0],"rotation":180,"texture":"#0"},"down":{"uv":[0.375,0,0,0],"rotation":180,"texture":"#0"}}},{"from":[8.0199,21.86293,8.00328],"to":[11.0199,26.86293,8.00328],"rotation":{"angle":0,"axis":"y","origin":[12.46561,16.78962,7.75164]},"faces":{"north":{"uv":[2.125,6.5,1.75,7.125],"texture":"#0"},"east":{"uv":[0,0,0,0.625],"texture":"#0"},"south":{"uv":[1.75,6.5,2.125,7.125],"texture":"#0"},"west":{"uv":[0,0,0,0.625],"texture":"#0"},"up":{"uv":[0.375,0,0,0],"rotation":180,"texture":"#0"},"down":{"uv":[0.375,0,0,0],"rotation":180,"texture":"#0"}}},{"from":[13.75,21.20444,3.8577],"to":[17.75,21.20444,7.8577],"rotation":{"angle":22.5,"axis":"x","origin":[11.71561,16.78962,7.75164]},"faces":{"north":{"uv":[0,0,0.5,0],"texture":"#0"},"east":{"uv":[0,0,0.5,0],"texture":"#0"},"south":{"uv":[0,0,0.5,0],"texture":"#0"},"west":{"uv":[0,0,0.5,0],"texture":"#0"},"up":{"uv":[6.875,6.25,6.375,5.75],"rotation":180,"texture":"#0"},"down":{"uv":[6.875,5.75,6.375,6.25],"rotation":180,"texture":"#0"}}},{"from":[13.75,21.39452,7.38668],"to":[17.75,21.39452,11.38668],"rotation":{"angle":-22.5,"axis":"x","origin":[11.71561,16.78962,7.75164]},"faces":{"north":{"uv":[0,0,0.5,0],"texture":"#0"},"east":{"uv":[0,0,0.5,0],"texture":"#0"},"south":{"uv":[0,0,0.5,0],"texture":"#0"},"west":{"uv":[0,0,0.5,0],"texture":"#0"},"up":{"uv":[6.875,6.25,6.375,5.75],"rotation":180,"texture":"#0"},"down":{"uv":[6.875,5.75,6.375,6.25],"rotation":180,"texture":"#0"}}},{"from":[12.5,18.705,6.54422],"to":[16.5,18.705,10.54422],"rotation":{"angle":-22.5,"axis":"x","origin":[11.71561,16.78962,7.75164]},"faces":{"north":{"uv":[0,0,0.5,0],"texture":"#0"},"east":{"uv":[0,0,0.5,0],"texture":"#0"},"south":{"uv":[0,0,0.5,0],"texture":"#0"},"west":{"uv":[0,0,0.5,0],"texture":"#0"},"up":{"uv":[6.875,6.25,6.375,5.75],"rotation":180,"texture":"#0"},"down":{"uv":[6.875,5.75,6.375,6.25],"rotation":180,"texture":"#0"}}},{"from":[12.5,18.70444,4.9577],"to":[16.5,18.70444,8.9577],"rotation":{"angle":22.5,"axis":"x","origin":[11.71561,16.78962,7.75164]},"faces":{"north":{"uv":[0,0,0.5,0],"texture":"#0"},"east":{"uv":[0,0,0.5,0],"texture":"#0"},"south":{"uv":[0,0,0.5,0],"texture":"#0"},"west":{"uv":[0,0,0.5,0],"texture":"#0"},"up":{"uv":[6.875,6.25,6.375,5.75],"rotation":180,"texture":"#0"},"down":{"uv":[6.875,5.75,6.375,6.25],"rotation":180,"texture":"#0"}}},{"from":[11.19095,16.08641,5.8794],"to":[15.19095,16.08641,9.8794],"rotation":{"angle":22.5,"axis":"z","origin":[11.71561,16.78962,7.75164]},"faces":{"north":{"uv":[0,0,0.5,0],"texture":"#0"},"east":{"uv":[0,0,0.5,0],"texture":"#0"},"south":{"uv":[0,0,0.5,0],"texture":"#0"},"west":{"uv":[0,0,0.5,0],"texture":"#0"},"up":{"uv":[6.875,6.25,6.375,5.75],"rotation":180,"texture":"#0"},"down":{"uv":[6.875,5.75,6.375,6.25],"rotation":180,"texture":"#0"}}},{"from":[11.5,15.93916,5.8794],"to":[15.5,15.93916,9.8794],"rotation":{"angle":45,"axis":"z","origin":[11.71561,16.78962,7.75164]},"faces":{"north":{"uv":[0,0,0.5,0],"texture":"#0"},"east":{"uv":[0,0,0.5,0],"texture":"#0"},"south":{"uv":[0,0,0.5,0],"texture":"#0"},"west":{"uv":[0,0,0.5,0],"texture":"#0"},"up":{"uv":[6.875,6.25,6.375,5.75],"rotation":180,"texture":"#0"},"down":{"uv":[6.875,5.75,6.375,6.25],"rotation":180,"texture":"#0"}}},{"from":[-16,0,0],"to":[-14,16,2],"faces":{"north":{"uv":[3.5,3.25,3.75,5.25],"texture":"#0"},"east":{"uv":[0.5,3.75,0.75,5.75],"texture":"#0"},"south":{"uv":[3.75,3.25,3.5,5.25],"texture":"#0"},"west":{"uv":[0.5,3.75,0.75,5.75],"texture":"#0"},"up":{"uv":[7,2.25,6.75,2],"texture":"#0"},"down":{"uv":[5.25,6.875,5,7.125],"texture":"#0"}}},{"from":[14,0,0],"to":[16,16,2],"faces":{"north":{"uv":[0.75,3.75,1,5.75],"texture":"#0"},"east":{"uv":[0.5,3.75,0.75,5.75],"texture":"#0"},"south":{"uv":[1,3.75,0.75,5.75],"texture":"#0"},"west":{"uv":[0.75,3.75,0.5,5.75],"texture":"#0"},"up":{"uv":[7,2.75,6.75,2.5],"texture":"#0"},"down":{"uv":[5.25,6.875,5,7.125],"texture":"#0"}}},{"from":[-14,0,0],"to":[14,2,2],"faces":{"north":{"uv":[0,3,3.5,3.25],"texture":"#0"},"east":{"uv":[6.75,3.25,7,3.5],"texture":"#0"},"south":{"uv":[0,3,3.5,3.25],"texture":"#0"},"west":{"uv":[3.5,6.75,3.75,7],"texture":"#0"},"up":{"uv":[6.75,0.25,3.25,0],"texture":"#0"},"down":{"uv":[6.75,0.25,3.25,0.5],"texture":"#0"}}},{"from":[-14,14,0],"to":[14,16,2],"faces":{"north":{"uv":[3.25,1.5,6.75,1.75],"texture":"#0"},"east":{"uv":[6.875,1.125,7.125,1.375],"texture":"#0"},"south":{"uv":[3.25,1.5,6.75,1.75],"texture":"#0"},"west":{"uv":[6.875,1.375,7.125,1.625],"texture":"#0"},"up":{"uv":[6.75,2.25,3.25,2],"texture":"#0"},"down":{"uv":[6.75,2.25,3.25,2.5],"texture":"#0"}}},{"from":[14,0,14],"to":[16,16,16],"rotation":{"angle":0,"axis":"y","origin":[0,0,16]},"faces":{"north":{"uv":[0.75,3.75,1,5.75],"texture":"#0"},"east":{"uv":[0.75,3.75,0.5,5.75],"texture":"#0"},"south":{"uv":[1,3.75,0.75,5.75],"texture":"#0"},"west":{"uv":[0.5,3.75,0.75,5.75],"texture":"#0"},"up":{"uv":[7,2.5,6.75,2.75],"texture":"#0"},"down":{"uv":[5.25,6.875,5,7.125],"texture":"#0"}}},{"from":[-14,0,14],"to":[14,2,16],"rotation":{"angle":0,"axis":"y","origin":[0,0,16]},"faces":{"north":{"uv":[3.5,3,0,3.25],"texture":"#0"},"east":{"uv":[7,3.25,6.75,3.5],"texture":"#0"},"south":{"uv":[3.5,3,0,3.25],"texture":"#0"},"west":{"uv":[3.75,6.75,3.5,7],"texture":"#0"},"up":{"uv":[6.75,0,3.25,0.25],"texture":"#0"},"down":{"uv":[6.75,0.5,3.25,0.25],"texture":"#0"}}},{"from":[-14,14,14],"to":[14,16,16],"rotation":{"angle":0,"axis":"y","origin":[0,0,16]},"faces":{"north":{"uv":[6.75,1.5,3.25,1.75],"texture":"#0"},"east":{"uv":[7.125,1.125,6.875,1.375],"texture":"#0"},"south":{"uv":[6.75,1.5,3.25,1.75],"texture":"#0"},"west":{"uv":[7.125,1.375,6.875,1.625],"texture":"#0"},"up":{"uv":[6.75,2,3.25,2.25],"texture":"#0"},"down":{"uv":[6.75,2.5,3.25,2.25],"texture":"#0"}}},{"from":[-16,0,14],"to":[-14,16,16],"rotation":{"angle":0,"axis":"y","origin":[0,0,16]},"faces":{"north":{"uv":[3.5,3.25,3.75,5.25],"texture":"#0"},"east":{"uv":[0.75,3.75,0.5,5.75],"texture":"#0"},"south":{"uv":[3.75,3.25,3.5,5.25],"texture":"#0"},"west":{"uv":[0.75,3.75,0.5,5.75],"texture":"#0"},"up":{"uv":[7,2,6.75,2.25],"texture":"#0"},"down":{"uv":[5.25,6.875,5,7.125],"texture":"#0"}}},{"from":[3,7,0],"to":[5,14,2],"faces":{"north":{"uv":[2.5,6.5,2.75,7.375],"texture":"#0"},"east":{"uv":[2.75,6.5,3,7.375],"texture":"#0"},"south":{"uv":[2.75,6.5,2.5,7.375],"texture":"#0"},"west":{"uv":[3,6.5,2.75,7.375],"texture":"#0"},"up":{"uv":[5,7.125,4.75,6.875],"texture":"#0"},"down":{"uv":[5.25,6.875,5,7.125],"texture":"#0"}}},{"from":[5,7,0],"to":[14,9,2],"faces":{"north":{"uv":[1.25,5.75,2.375,6],"texture":"#0"},"east":{"uv":[6.875,5.75,7.125,6],"texture":"#0"},"south":{"uv":[1.25,5.75,2.375,6],"texture":"#0"},"west":{"uv":[6.875,6,7.125,6.25],"texture":"#0"},"up":{"uv":[6.375,6,5.25,5.75],"texture":"#0"},"down":{"uv":[6.375,6,5.25,5.75],"texture":"#0"}}},{"from":[3,7,14],"to":[5,14,16],"rotation":{"angle":0,"axis":"y","origin":[0,0,16]},"faces":{"north":{"uv":[2.5,6.5,2.75,7.375],"texture":"#0"},"east":{"uv":[3,6.5,2.75,7.375],"texture":"#0"},"south":{"uv":[2.75,6.5,2.5,7.375],"texture":"#0"},"west":{"uv":[2.75,6.5,3,7.375],"texture":"#0"},"up":{"uv":[5,6.875,4.75,7.125],"texture":"#0"},"down":{"uv":[5.25,7.125,5,6.875],"texture":"#0"}}},{"from":[5,7,14],"to":[14,9,16],"rotation":{"angle":0,"axis":"y","origin":[0,0,16]},"faces":{"north":{"uv":[2.375,5.75,1.25,6],"texture":"#0"},"east":{"uv":[7.125,5.75,6.875,6],"texture":"#0"},"south":{"uv":[2.375,5.75,1.25,6],"texture":"#0"},"west":{"uv":[7.125,6,6.875,6.25],"texture":"#0"},"up":{"uv":[6.375,5.75,5.25,6],"texture":"#0"},"down":{"uv":[6.375,5.75,5.25,6],"texture":"#0"}}},{"from":[14,14,2],"to":[16,16,14],"faces":{"north":{"uv":[7,2.375,7.25,2.625],"texture":"#0"},"east":{"uv":[5.5,4.25,7,4.5],"texture":"#0"},"south":{"uv":[7,2.625,7.25,2.875],"texture":"#0"},"west":{"uv":[5.5,4.25,7,4.5],"texture":"#0"},"up":{"uv":[4.5,6.875,4.25,5.375],"texture":"#0"},"down":{"uv":[4.5,6.875,4.25,5.375],"texture":"#0"}}},{"from":[3,14,2],"to":[5,16,14],"rotation":{"angle":0,"axis":"y","origin":[4,15,8]},"faces":{"north":{"uv":[7,2.625,7.25,2.875],"texture":"#0"},"east":{"uv":[5.5,4.25,7,4.5],"texture":"#0"},"south":{"uv":[7,2.375,7.25,2.625],"texture":"#0"},"west":{"uv":[5.5,4.25,7,4.5],"texture":"#0"},"up":{"uv":[4.5,6.875,4.25,5.375],"rotation":180,"texture":"#0"},"down":{"uv":[4.5,6.875,4.25,5.375],"rotation":180,"texture":"#0"}}},{"from":[3,7,2],"to":[5,9,14],"rotation":{"angle":0,"axis":"y","origin":[4,15,8]},"faces":{"north":{"uv":[7,2.625,7.25,2.875],"texture":"#0"},"east":{"uv":[5.5,4.25,7,4.5],"texture":"#0"},"south":{"uv":[7,2.375,7.25,2.625],"texture":"#0"},"west":{"uv":[5.5,4.25,7,4.5],"texture":"#0"},"up":{"uv":[4.5,6.875,4.25,5.375],"rotation":180,"texture":"#0"},"down":{"uv":[4.5,6.875,4.25,5.375],"rotation":180,"texture":"#0"}}},{"from":[14,7,2],"to":[16,9,14],"faces":{"north":{"uv":[7,2.375,7.25,2.625],"texture":"#0"},"east":{"uv":[5.5,4.25,7,4.5],"texture":"#0"},"south":{"uv":[7,2.625,7.25,2.875],"texture":"#0"},"west":{"uv":[5.5,4.25,7,4.5],"texture":"#0"},"up":{"uv":[4.5,6.875,4.25,5.375],"texture":"#0"},"down":{"uv":[4.5,6.875,4.25,5.375],"texture":"#0"}}},{"from":[-16,14,2],"to":[-14,16,14],"rotation":{"angle":0,"axis":"y","origin":[4,15,8]},"faces":{"north":{"uv":[7,2.625,7.25,2.875],"texture":"#0"},"east":{"uv":[5.5,4.25,7,4.5],"texture":"#0"},"south":{"uv":[7,2.375,7.25,2.625],"texture":"#0"},"west":{"uv":[5.5,4.25,7,4.5],"texture":"#0"},"up":{"uv":[4.5,6.875,4.25,5.375],"rotation":180,"texture":"#0"},"down":{"uv":[4.5,6.875,4.25,5.375],"rotation":180,"texture":"#0"}}}],"gui_light":"front","display":{"thirdperson_righthand":{"rotation":[66.75,-90,0],"translation":[0,1.5,1],"scale":[0.19,0.19,0.19]},"thirdperson_lefthand":{"rotation":[67.5,90,0.75],"translation":[0,1.5,1],"scale":[0.19,0.19,0.19]},"firstperson_righthand":{"rotation":[180,-90,180],"translation":[0.25,2.5,0],"scale":[0.295,0.295,0.295]},"firstperson_lefthand":{"rotation":[180,90,180],"translation":[0.25,2.5,0],"scale":[0.295,0.295,0.295]},"ground":{"translation":[0,2.25,0],"scale":[0.3,0.3,0.3]},"gui":{"rotation":[30,145,0],"translation":[-2.5,0.25,0],"scale":[0.41,0.41,0.41]},"head":{"rotation":[0,180,0],"translation":[0.05,-30.39,0],"scale":[1.6,1.6,1.6]},"fixed":{"rotation":[-90,0,0],"translation":[0.25,0,-16],"scale":[1.99656,1.99656,1.99656]}}}