{"credit":"MadewithBlockbench","texture_size":[64,64],"textures":{"0":"elitecreatures:modern_furniture_v3/plant_decoration","particle":"elitecreatures:modern_furniture_v3/plant_decoration"},"elements":[{"from":[2,11,14],"to":[14,13,16],"faces":{"north":{"uv":[2.5,9,5.5,9.5],"texture":"#0"},"east":{"uv":[10.5,2.5,11,3],"texture":"#0"},"south":{"uv":[12,9,9,8.5],"texture":"#0"},"west":{"uv":[3,10.5,3.5,11],"texture":"#0"},"up":{"uv":[12,9,9,8.5],"texture":"#0"},"down":{"uv":[12,9,9,8.5],"texture":"#0"}}},{"from":[-7,9,2],"to":[23,15,14],"faces":{"north":{"uv":[0,6,7.5,7.5],"texture":"#0"},"east":{"uv":[7.5,1.5,10.5,3],"texture":"#0"},"south":{"uv":[0,6,7.5,7.5],"texture":"#0"},"west":{"uv":[7.5,1.5,10.5,3],"texture":"#0"},"up":{"uv":[7.5,6,0,3],"texture":"#0"},"down":{"uv":[7.5,0,0,3],"texture":"#0"}}},{"from":[-7,15,2],"to":[23,17,4],"faces":{"north":{"uv":[7.5,5.5,15,6],"texture":"#0"},"east":{"uv":[4.5,10.5,4,11],"texture":"#0"},"south":{"uv":[7.5,3.5,15,4],"texture":"#0"},"west":{"uv":[4,10.5,4.5,11],"texture":"#0"},"up":{"uv":[15,4.5,7.5,4],"texture":"#0"},"down":{"uv":[15,4.5,7.5,5],"texture":"#0"}}},{"from":[-7,15,12],"to":[23,17,14],"faces":{"north":{"uv":[7.5,5,15,5.5],"texture":"#0"},"east":{"uv":[4,10.5,4.5,11],"texture":"#0"},"south":{"uv":[7.5,5.5,15,6],"texture":"#0"},"west":{"uv":[9.5,10.5,10,11],"texture":"#0"},"up":{"uv":[15,6.5,7.5,6],"texture":"#0"},"down":{"uv":[15,6.5,7.5,7],"texture":"#0"}}},{"from":[-7,15,4],"to":[-5,17,12],"faces":{"north":{"uv":[10,10.5,10.5,11],"texture":"#0"},"east":{"uv":[2.5,9.5,4.5,10],"texture":"#0"},"south":{"uv":[10.5,10.5,11,11],"texture":"#0"},"west":{"uv":[2.5,10,4.5,10.5],"texture":"#0"},"up":{"uv":[7,11,6.5,9],"texture":"#0"},"down":{"uv":[7.5,9,7,11],"texture":"#0"}}},{"from":[21,15,4],"to":[23,17,12],"faces":{"north":{"uv":[11,1,11.5,1.5],"texture":"#0"},"east":{"uv":[4.5,10,2.5,10.5],"texture":"#0"},"south":{"uv":[11,1.5,11.5,2],"texture":"#0"},"west":{"uv":[10.5,0,12.5,0.5],"texture":"#0"},"up":{"uv":[5,11.5,4.5,9.5],"texture":"#0"},"down":{"uv":[5.5,9.5,5,11.5],"texture":"#0"}}},{"from":[14,0,14],"to":[16,13,16],"faces":{"north":{"uv":[1.5,9,2,12.25],"texture":"#0"},"east":{"uv":[1.5,9,2,12.25],"texture":"#0"},"south":{"uv":[1.5,9,2,12.25],"texture":"#0"},"west":{"uv":[1.5,9,2,12.25],"texture":"#0"},"up":{"uv":[11,2.5,10.5,2],"texture":"#0"},"down":{"uv":[3,10.5,2.5,11],"texture":"#0"}}},{"from":[0,0,14],"to":[2,13,16],"faces":{"north":{"uv":[1.5,9,2,12.25],"texture":"#0"},"east":{"uv":[1.5,9,2,12.25],"texture":"#0"},"south":{"uv":[1.5,9,2,12.25],"texture":"#0"},"west":{"uv":[1.5,9,2,12.25],"texture":"#0"},"up":{"uv":[11,1.5,10.5,1],"texture":"#0"},"down":{"uv":[11,1.5,10.5,2],"texture":"#0"}}},{"from":[0,0,12],"to":[16,1,14],"faces":{"north":{"uv":[9,9.75,13,10],"texture":"#0"},"east":{"uv":[2.5,11,3,11.25],"texture":"#0"},"south":{"uv":[9,9.75,13,10],"texture":"#0"},"west":{"uv":[11,2.5,11.5,2.75],"texture":"#0"},"up":{"uv":[11.5,7.5,7.5,7],"texture":"#0"},"down":{"uv":[11.5,7.5,7.5,7],"texture":"#0"}}},{"from":[0,0,2],"to":[16,1,4],"rotation":{"angle":0,"axis":"y","origin":[0,0,16]},"faces":{"north":{"uv":[13,9.75,9,10],"texture":"#0"},"east":{"uv":[3,11,2.5,11.25],"texture":"#0"},"south":{"uv":[13,9.75,9,10],"texture":"#0"},"west":{"uv":[11.5,2.5,11,2.75],"texture":"#0"},"up":{"uv":[11.5,7,7.5,7.5],"texture":"#0"},"down":{"uv":[11.5,7,7.5,7.5],"texture":"#0"}}},{"from":[14,0,0],"to":[16,13,2],"rotation":{"angle":0,"axis":"y","origin":[0,0,16]},"faces":{"north":{"uv":[2,9,1.5,12.25],"texture":"#0"},"east":{"uv":[2,9,1.5,12.25],"texture":"#0"},"south":{"uv":[2,9,1.5,12.25],"texture":"#0"},"west":{"uv":[2,9,1.5,12.25],"texture":"#0"},"up":{"uv":[11,2,10.5,2.5],"texture":"#0"},"down":{"uv":[3,11,2.5,10.5],"texture":"#0"}}},{"from":[0,0,0],"to":[2,13,2],"rotation":{"angle":0,"axis":"y","origin":[0,0,16]},"faces":{"north":{"uv":[2,9,1.5,12.25],"texture":"#0"},"east":{"uv":[2,9,1.5,12.25],"texture":"#0"},"south":{"uv":[2,9,1.5,12.25],"texture":"#0"},"west":{"uv":[2,9,1.5,12.25],"texture":"#0"},"up":{"uv":[11,1,10.5,1.5],"texture":"#0"},"down":{"uv":[11,2,10.5,1.5],"texture":"#0"}}},{"from":[2,11,0],"to":[14,13,2],"rotation":{"angle":0,"axis":"y","origin":[0,0,16]},"faces":{"north":{"uv":[9,9,12,8.5],"texture":"#0"},"east":{"uv":[11,2.5,10.5,3],"texture":"#0"},"south":{"uv":[5.5,9,2.5,9.5],"texture":"#0"},"west":{"uv":[3.5,10.5,3,11],"texture":"#0"},"up":{"uv":[12,8.5,9,9],"texture":"#0"},"down":{"uv":[12,8.5,9,9],"texture":"#0"}}},{"from":[0.75,1,2],"to":[2.75,2,14],"faces":{"north":{"uv":[11,2,11.5,2.25],"texture":"#0"},"east":{"uv":[10.5,0.75,13.5,1],"texture":"#0"},"south":{"uv":[11,2,11.5,2.25],"texture":"#0"},"west":{"uv":[10.5,0.75,13.5,1],"texture":"#0"},"up":{"uv":[6,12,5.5,9],"texture":"#0"},"down":{"uv":[6,12,5.5,9],"texture":"#0"}}},{"from":[3.25,1,2],"to":[5.25,2,14],"faces":{"north":{"uv":[11,2,11.5,2.25],"texture":"#0"},"east":{"uv":[10.5,0.75,13.5,1],"texture":"#0"},"south":{"uv":[11,2,11.5,2.25],"texture":"#0"},"west":{"uv":[10.5,0.75,13.5,1],"texture":"#0"},"up":{"uv":[6,12,5.5,9],"texture":"#0"},"down":{"uv":[6,12,5.5,9],"texture":"#0"}}},{"from":[8.25,1,2],"to":[10.25,2,14],"faces":{"north":{"uv":[11,2,11.5,2.25],"texture":"#0"},"east":{"uv":[10.5,0.75,13.5,1],"texture":"#0"},"south":{"uv":[11,2,11.5,2.25],"texture":"#0"},"west":{"uv":[10.5,0.75,13.5,1],"texture":"#0"},"up":{"uv":[6,12,5.5,9],"texture":"#0"},"down":{"uv":[6,12,5.5,9],"texture":"#0"}}},{"from":[5.75,1,2],"to":[7.75,2,14],"faces":{"north":{"uv":[11,2,11.5,2.25],"texture":"#0"},"east":{"uv":[10.5,0.75,13.5,1],"texture":"#0"},"south":{"uv":[11,2,11.5,2.25],"texture":"#0"},"west":{"uv":[10.5,0.75,13.5,1],"texture":"#0"},"up":{"uv":[6,12,5.5,9],"texture":"#0"},"down":{"uv":[6,12,5.5,9],"texture":"#0"}}},{"from":[13.25,1,2],"to":[15.25,2,14],"faces":{"north":{"uv":[11,2,11.5,2.25],"texture":"#0"},"east":{"uv":[10.5,0.75,13.5,1],"texture":"#0"},"south":{"uv":[11,2,11.5,2.25],"texture":"#0"},"west":{"uv":[10.5,0.75,13.5,1],"texture":"#0"},"up":{"uv":[6,12,5.5,9],"texture":"#0"},"down":{"uv":[6,12,5.5,9],"texture":"#0"}}},{"from":[10.75,1,2],"to":[12.75,2,14],"faces":{"north":{"uv":[11,2,11.5,2.25],"texture":"#0"},"east":{"uv":[10.5,0.75,13.5,1],"texture":"#0"},"south":{"uv":[11,2,11.5,2.25],"texture":"#0"},"west":{"uv":[10.5,0.75,13.5,1],"texture":"#0"},"up":{"uv":[6,12,5.5,9],"texture":"#0"},"down":{"uv":[6,12,5.5,9],"texture":"#0"}}},{"from":[-1.29289,15,5.70711],"to":[-1.29289,20,7.70711],"rotation":{"angle":-45,"axis":"y","origin":[-1.29289,17.5,6.70711]},"faces":{"north":{"uv":[0,0,0,1.25],"texture":"#0"},"east":{"uv":[1.5,7.5,2,8.75],"texture":"#0"},"south":{"uv":[0,0,0,1.25],"texture":"#0"},"west":{"uv":[2,7.5,1.5,8.75],"texture":"#0"},"up":{"uv":[0.5,0,0,0],"rotation":270,"texture":"#0"},"down":{"uv":[0.5,0,0,0],"rotation":90,"texture":"#0"}}},{"from":[-0.5,15,5.25],"to":[-0.5,25,7.25],"rotation":{"angle":0,"axis":"y","origin":[-1,15,6]},"faces":{"north":{"uv":[0,0,0,2.5],"texture":"#0"},"east":{"uv":[2,7.5,2.5,10],"texture":"#0"},"south":{"uv":[0,0,0,2.5],"texture":"#0"},"west":{"uv":[2.5,7.5,2,10],"texture":"#0"},"up":{"uv":[0.5,0,0,0],"rotation":270,"texture":"#0"},"down":{"uv":[0.5,0,0,0],"rotation":90,"texture":"#0"}}},{"from":[-3,15,6],"to":[-1,30,6],"rotation":{"angle":0,"axis":"y","origin":[-3,0,-3]},"faces":{"north":{"uv":[1,7.5,0.5,11.25],"texture":"#0"},"east":{"uv":[0,0,0,3.75],"texture":"#0"},"south":{"uv":[0.5,7.5,1,11.25],"texture":"#0"},"west":{"uv":[0,0,0,3.75],"texture":"#0"},"up":{"uv":[0.5,0,0,0],"texture":"#0"},"down":{"uv":[0.5,0,0,0],"texture":"#0"}}},{"from":[-3.70711,15,7.20711],"to":[-1.70711,20,7.20711],"rotation":{"angle":-45,"axis":"y","origin":[-2.70711,17.5,6.70711]},"faces":{"north":{"uv":[1.5,7.5,2,8.75],"texture":"#0"},"east":{"uv":[0,0,0,1.25],"texture":"#0"},"south":{"uv":[2,7.5,1.5,8.75],"texture":"#0"},"west":{"uv":[0,0,0,1.25],"texture":"#0"},"up":{"uv":[0.5,0,0,0],"rotation":180,"texture":"#0"},"down":{"uv":[0.5,0,0,0],"rotation":180,"texture":"#0"}}},{"from":[17.70711,15,5.70711],"to":[17.70711,20,7.70711],"rotation":{"angle":-45,"axis":"y","origin":[17.70711,17.5,6.70711]},"faces":{"north":{"uv":[0,0,0,1.25],"texture":"#0"},"east":{"uv":[1.5,7.5,2,8.75],"texture":"#0"},"south":{"uv":[0,0,0,1.25],"texture":"#0"},"west":{"uv":[2,7.5,1.5,8.75],"texture":"#0"},"up":{"uv":[0.5,0,0,0],"rotation":270,"texture":"#0"},"down":{"uv":[0.5,0,0,0],"rotation":90,"texture":"#0"}}},{"from":[18.5,15,5.25],"to":[18.5,25,7.25],"rotation":{"angle":0,"axis":"y","origin":[18,15,6]},"faces":{"north":{"uv":[0,0,0,2.5],"texture":"#0"},"east":{"uv":[2,7.5,2.5,10],"texture":"#0"},"south":{"uv":[0,0,0,2.5],"texture":"#0"},"west":{"uv":[2.5,7.5,2,10],"texture":"#0"},"up":{"uv":[0.5,0,0,0],"rotation":270,"texture":"#0"},"down":{"uv":[0.5,0,0,0],"rotation":90,"texture":"#0"}}},{"from":[16,15,6],"to":[18,30,6],"rotation":{"angle":0,"axis":"y","origin":[16,0,-3]},"faces":{"north":{"uv":[1,7.5,0.5,11.25],"texture":"#0"},"east":{"uv":[0,0,0,3.75],"texture":"#0"},"south":{"uv":[0.5,7.5,1,11.25],"texture":"#0"},"west":{"uv":[0,0,0,3.75],"texture":"#0"},"up":{"uv":[0.5,0,0,0],"texture":"#0"},"down":{"uv":[0.5,0,0,0],"texture":"#0"}}},{"from":[15.29289,15,7.20711],"to":[17.29289,20,7.20711],"rotation":{"angle":-45,"axis":"y","origin":[16.29289,17.5,6.70711]},"faces":{"north":{"uv":[1.5,7.5,2,8.75],"texture":"#0"},"east":{"uv":[0,0,0,1.25],"texture":"#0"},"south":{"uv":[2,7.5,1.5,8.75],"texture":"#0"},"west":{"uv":[0,0,0,1.25],"texture":"#0"},"up":{"uv":[0.5,0,0,0],"rotation":180,"texture":"#0"},"down":{"uv":[0.5,0,0,0],"rotation":180,"texture":"#0"}}},{"from":[8.70711,15,5.70711],"to":[8.70711,20,7.70711],"rotation":{"angle":-45,"axis":"y","origin":[8.70711,17.5,6.70711]},"faces":{"north":{"uv":[0,0,0,1.25],"texture":"#0"},"east":{"uv":[1.5,7.5,2,8.75],"texture":"#0"},"south":{"uv":[0,0,0,1.25],"texture":"#0"},"west":{"uv":[2,7.5,1.5,8.75],"texture":"#0"},"up":{"uv":[0.5,0,0,0],"rotation":270,"texture":"#0"},"down":{"uv":[0.5,0,0,0],"rotation":90,"texture":"#0"}}},{"from":[9.5,15,5.25],"to":[9.5,25,7.25],"rotation":{"angle":0,"axis":"y","origin":[9,15,6]},"faces":{"north":{"uv":[0,0,0,2.5],"texture":"#0"},"east":{"uv":[2,7.5,2.5,10],"texture":"#0"},"south":{"uv":[0,0,0,2.5],"texture":"#0"},"west":{"uv":[2.5,7.5,2,10],"texture":"#0"},"up":{"uv":[0.5,0,0,0],"rotation":270,"texture":"#0"},"down":{"uv":[0.5,0,0,0],"rotation":90,"texture":"#0"}}},{"from":[7,15,6],"to":[9,30,6],"rotation":{"angle":0,"axis":"y","origin":[7,0,-3]},"faces":{"north":{"uv":[1,7.5,0.5,11.25],"texture":"#0"},"east":{"uv":[0,0,0,3.75],"texture":"#0"},"south":{"uv":[0.5,7.5,1,11.25],"texture":"#0"},"west":{"uv":[0,0,0,3.75],"texture":"#0"},"up":{"uv":[0.5,0,0,0],"texture":"#0"},"down":{"uv":[0.5,0,0,0],"texture":"#0"}}},{"from":[6.29289,15,7.20711],"to":[8.29289,20,7.20711],"rotation":{"angle":-45,"axis":"y","origin":[7.29289,17.5,6.70711]},"faces":{"north":{"uv":[1.5,7.5,2,8.75],"texture":"#0"},"east":{"uv":[0,0,0,1.25],"texture":"#0"},"south":{"uv":[2,7.5,1.5,8.75],"texture":"#0"},"west":{"uv":[0,0,0,1.25],"texture":"#0"},"up":{"uv":[0.5,0,0,0],"rotation":180,"texture":"#0"},"down":{"uv":[0.5,0,0,0],"rotation":180,"texture":"#0"}}},{"from":[-2.70711,15,9.75],"to":[-0.70711,20,9.75],"rotation":{"angle":22.5,"axis":"y","origin":[-1.85355,20,9.10355]},"faces":{"north":{"uv":[2,7.5,1.5,8.75],"texture":"#0"},"east":{"uv":[0,0,0,1.25],"texture":"#0"},"south":{"uv":[1.5,7.5,2,8.75],"texture":"#0"},"west":{"uv":[0,0,0,1.25],"texture":"#0"},"up":{"uv":[0.5,0,0,0],"texture":"#0"},"down":{"uv":[0.5,0,0,0],"texture":"#0"}}},{"from":[-1.54699,15,8.17967],"to":[0.45301,25,8.17967],"rotation":{"angle":-45,"axis":"y","origin":[-0.54699,20,8.17967]},"faces":{"north":{"uv":[2,7.5,2.5,10],"texture":"#0"},"east":{"uv":[0,0,0,2.5],"texture":"#0"},"south":{"uv":[2.5,7.5,2,10],"texture":"#0"},"west":{"uv":[0,0,0,2.5],"texture":"#0"},"up":{"uv":[0.5,0,0,0],"rotation":180,"texture":"#0"},"down":{"uv":[0.5,0,0,0],"rotation":180,"texture":"#0"}}},{"from":[-1.85355,15,7.72087],"to":[-1.85355,30,9.72087],"rotation":{"angle":-22.5,"axis":"y","origin":[-1.85355,22.5,8.72087]},"faces":{"north":{"uv":[0,0,0,3.75],"texture":"#0"},"east":{"uv":[1,7.5,0.5,11.25],"texture":"#0"},"south":{"uv":[0,0,0,3.75],"texture":"#0"},"west":{"uv":[0.5,7.5,1,11.25],"texture":"#0"},"up":{"uv":[0.5,0,0,0],"rotation":90,"texture":"#0"},"down":{"uv":[0.5,0,0,0],"rotation":270,"texture":"#0"}}},{"from":[-3.02743,15,8.35355],"to":[-1.02743,20,8.35355],"rotation":{"angle":0,"axis":"y","origin":[-2.77743,17.5,9.10355]},"faces":{"north":{"uv":[2,7.5,1.5,8.75],"texture":"#0"},"east":{"uv":[0,0,0,1.25],"texture":"#0"},"south":{"uv":[1.5,7.5,2,8.75],"texture":"#0"},"west":{"uv":[0,0,0,1.25],"texture":"#0"},"up":{"uv":[0.5,0,0,0],"texture":"#0"},"down":{"uv":[0.5,0,0,0],"texture":"#0"}}},{"from":[16.29289,15,9.75],"to":[18.29289,20,9.75],"rotation":{"angle":22.5,"axis":"y","origin":[17.14645,20,9.10355]},"faces":{"north":{"uv":[2,7.5,1.5,8.75],"texture":"#0"},"east":{"uv":[0,0,0,1.25],"texture":"#0"},"south":{"uv":[1.5,7.5,2,8.75],"texture":"#0"},"west":{"uv":[0,0,0,1.25],"texture":"#0"},"up":{"uv":[0.5,0,0,0],"texture":"#0"},"down":{"uv":[0.5,0,0,0],"texture":"#0"}}},{"from":[17.45301,15,8.17967],"to":[19.45301,25,8.17967],"rotation":{"angle":-45,"axis":"y","origin":[18.45301,20,8.17967]},"faces":{"north":{"uv":[2,7.5,2.5,10],"texture":"#0"},"east":{"uv":[0,0,0,2.5],"texture":"#0"},"south":{"uv":[2.5,7.5,2,10],"texture":"#0"},"west":{"uv":[0,0,0,2.5],"texture":"#0"},"up":{"uv":[0.5,0,0,0],"rotation":180,"texture":"#0"},"down":{"uv":[0.5,0,0,0],"rotation":180,"texture":"#0"}}},{"from":[17.14645,15,7.72087],"to":[17.14645,30,9.72087],"rotation":{"angle":-22.5,"axis":"y","origin":[17.14645,22.5,8.72087]},"faces":{"north":{"uv":[0,0,0,3.75],"texture":"#0"},"east":{"uv":[1,7.5,0.5,11.25],"texture":"#0"},"south":{"uv":[0,0,0,3.75],"texture":"#0"},"west":{"uv":[0.5,7.5,1,11.25],"texture":"#0"},"up":{"uv":[0.5,0,0,0],"rotation":90,"texture":"#0"},"down":{"uv":[0.5,0,0,0],"rotation":270,"texture":"#0"}}},{"from":[15.97257,15,8.35355],"to":[17.97257,20,8.35355],"rotation":{"angle":0,"axis":"y","origin":[16.22257,17.5,9.10355]},"faces":{"north":{"uv":[2,7.5,1.5,8.75],"texture":"#0"},"east":{"uv":[0,0,0,1.25],"texture":"#0"},"south":{"uv":[1.5,7.5,2,8.75],"texture":"#0"},"west":{"uv":[0,0,0,1.25],"texture":"#0"},"up":{"uv":[0.5,0,0,0],"texture":"#0"},"down":{"uv":[0.5,0,0,0],"texture":"#0"}}},{"from":[7.29289,15,9.75],"to":[9.29289,20,9.75],"rotation":{"angle":22.5,"axis":"y","origin":[8.14645,20,9.10355]},"faces":{"north":{"uv":[2,7.5,1.5,8.75],"texture":"#0"},"east":{"uv":[0,0,0,1.25],"texture":"#0"},"south":{"uv":[1.5,7.5,2,8.75],"texture":"#0"},"west":{"uv":[0,0,0,1.25],"texture":"#0"},"up":{"uv":[0.5,0,0,0],"texture":"#0"},"down":{"uv":[0.5,0,0,0],"texture":"#0"}}},{"from":[8.45301,15,8.17967],"to":[10.45301,25,8.17967],"rotation":{"angle":-45,"axis":"y","origin":[9.45301,20,8.17967]},"faces":{"north":{"uv":[2,7.5,2.5,10],"texture":"#0"},"east":{"uv":[0,0,0,2.5],"texture":"#0"},"south":{"uv":[2.5,7.5,2,10],"texture":"#0"},"west":{"uv":[0,0,0,2.5],"texture":"#0"},"up":{"uv":[0.5,0,0,0],"rotation":180,"texture":"#0"},"down":{"uv":[0.5,0,0,0],"rotation":180,"texture":"#0"}}},{"from":[8.14645,15,7.72087],"to":[8.14645,30,9.72087],"rotation":{"angle":-22.5,"axis":"y","origin":[8.14645,22.5,8.72087]},"faces":{"north":{"uv":[0,0,0,3.75],"texture":"#0"},"east":{"uv":[1,7.5,0.5,11.25],"texture":"#0"},"south":{"uv":[0,0,0,3.75],"texture":"#0"},"west":{"uv":[0.5,7.5,1,11.25],"texture":"#0"},"up":{"uv":[0.5,0,0,0],"rotation":90,"texture":"#0"},"down":{"uv":[0.5,0,0,0],"rotation":270,"texture":"#0"}}},{"from":[6.97257,15,8.35355],"to":[8.97257,20,8.35355],"rotation":{"angle":0,"axis":"y","origin":[7.22257,17.5,9.10355]},"faces":{"north":{"uv":[2,7.5,1.5,8.75],"texture":"#0"},"east":{"uv":[0,0,0,1.25],"texture":"#0"},"south":{"uv":[1.5,7.5,2,8.75],"texture":"#0"},"west":{"uv":[0,0,0,1.25],"texture":"#0"},"up":{"uv":[0.5,0,0,0],"texture":"#0"},"down":{"uv":[0.5,0,0,0],"texture":"#0"}}}],"gui_light":"front","display":{"thirdperson_righthand":{"rotation":[66.5,0,0],"translation":[0,2,1.75],"scale":[0.23,0.23,0.23]},"thirdperson_lefthand":{"rotation":[66.5,0,0],"translation":[0,2,1.75],"scale":[0.23,0.23,0.23]},"firstperson_righthand":{"translation":[-1.25,3,0],"scale":[0.31008,0.31008,0.31008]},"firstperson_lefthand":{"translation":[-1.25,3,0],"scale":[0.31008,0.31008,0.31008]},"ground":{"translation":[0,4.5,0],"scale":[0.33,0.33,0.33]},"gui":{"rotation":[30,145,0],"translation":[0,-2.25,0],"scale":[0.43,0.43,0.43]},"head":{"translation":[0,-30.5,0],"scale":[1.6,1.6,1.6]},"fixed":{"rotation":[-90,180,0],"translation":[0,0,-16],"scale":[2.00266,2.00266,2.00266]}}}