{"credit":"MadewithBlockbench","texture_size":[128,128],"textures":{"0":"elitecreatures:modern_furniture_v3/standing_lamp","particle":"elitecreatures:modern_furniture_v3/standing_lamp"},"elements":[{"from":[7.5,19.27,8.14197],"to":[8.5,27,9.14197],"rotation":{"angle":0,"axis":"y","origin":[8,25.385,7.625]},"faces":{"north":{"uv":[4.625,4.625,4.75,5.5625],"texture":"#0"},"east":{"uv":[4.625,4.625,4.75,5.5625],"texture":"#0"},"south":{"uv":[4.625,4.625,4.75,5.5625],"texture":"#0"},"west":{"uv":[4.625,4.625,4.75,5.5625],"texture":"#0"},"up":{"uv":[1.875,3.875,1.75,3.75],"texture":"#0"},"down":{"uv":[1.875,3.875,1.75,4],"texture":"#0"}}},{"from":[0.5,26.27,1.14197],"to":[15.5,29,16.14197],"rotation":{"angle":0,"axis":"y","origin":[8,25.385,7.625]},"faces":{"north":{"uv":[4,0,5.875,0.3125],"texture":"#0"},"east":{"uv":[4,0.375,5.875,0.6875],"texture":"#0"},"south":{"uv":[4,0.75,5.875,1.0625],"texture":"#0"},"west":{"uv":[4,1.125,5.875,1.4375],"texture":"#0"},"up":{"uv":[1.875,1.875,0,0],"texture":"#0"},"down":{"uv":[1.875,1.875,0,0],"texture":"#0"}}},{"from":[-0.5,23.27,0.14197],"to":[0.5,32,17.14197],"rotation":{"angle":0,"axis":"y","origin":[8,25.385,7.625]},"faces":{"north":{"uv":[3.875,1.125,4,2.1875],"texture":"#0"},"east":{"uv":[4,1.125,1.875,2.1875],"texture":"#0"},"south":{"uv":[4,1.125,3.875,2.1875],"texture":"#0"},"west":{"uv":[1.875,1.125,4,2.1875],"texture":"#0"},"up":{"uv":[3.375,6.625,3.25,4.5],"texture":"#0"},"down":{"uv":[4.625,3.25,4.5,5.375],"texture":"#0"}}},{"from":[15.5,23.27,0.14197],"to":[16.5,32,17.14197],"rotation":{"angle":0,"axis":"y","origin":[8,25.385,7.625]},"faces":{"north":{"uv":[1.875,1.125,2,2.1875],"texture":"#0"},"east":{"uv":[4,1.125,1.875,2.1875],"texture":"#0"},"south":{"uv":[2,1.125,1.875,2.1875],"texture":"#0"},"west":{"uv":[4,1.125,1.875,2.1875],"texture":"#0"},"up":{"uv":[3.25,6.625,3.375,4.5],"texture":"#0"},"down":{"uv":[4.5,3.25,4.625,5.375],"texture":"#0"}}},{"from":[0.5,23.27,16.14197],"to":[15.5,32,17.14197],"rotation":{"angle":0,"axis":"y","origin":[8,25.385,7.625]},"faces":{"north":{"uv":[3.875,1.125,2,2.1875],"texture":"#0"},"east":{"uv":[3.625,4.5,3.75,5.5625],"texture":"#0"},"south":{"uv":[2,1.125,3.875,2.1875],"texture":"#0"},"west":{"uv":[4.625,3.5,4.75,4.5625],"texture":"#0"},"up":{"uv":[6.5,3.375,4.625,3.25],"texture":"#0"},"down":{"uv":[6.5,3.375,4.625,3.5],"texture":"#0"}}},{"from":[0.5,23.27,0.10803],"to":[15.5,32,1.10803],"rotation":{"angle":0,"axis":"y","origin":[8,25.385,7.625]},"faces":{"north":{"uv":[3.875,1.125,2,2.1875],"texture":"#0"},"east":{"uv":[3.75,4.5,3.625,5.5625],"texture":"#0"},"south":{"uv":[3.875,1.125,2,2.1875],"texture":"#0"},"west":{"uv":[4.75,3.5,4.625,4.5625],"texture":"#0"},"up":{"uv":[6.5,3.25,4.625,3.375],"texture":"#0"},"down":{"uv":[6.5,3.5,4.625,3.375],"texture":"#0"}}},{"from":[7,17.27,0.89197],"to":[9,19.27,14.44197],"rotation":{"angle":0,"axis":"y","origin":[8,18.01878,2.7976]},"faces":{"north":{"uv":[4.75,4.5,5,4.75],"texture":"#0"},"east":{"uv":[4.25,2,5.9375,2.25],"texture":"#0"},"south":{"uv":[4.75,4.75,5,5],"texture":"#0"},"west":{"uv":[5.9375,2,4.25,2.25],"texture":"#0"},"up":{"uv":[4.5,4.1875,4.25,2.5],"texture":"#0"},"down":{"uv":[4.5,4.25,4.25,5.9375],"texture":"#0"}}},{"from":[7,-14,14],"to":[9,20.65,16],"rotation":{"angle":-22.5,"axis":"x","origin":[8,-14,16]},"faces":{"north":{"uv":[1.5,3.75,1.75,8.0625],"texture":"#0"},"east":{"uv":[1.25,3.75,1.5,8.0625],"texture":"#0"},"south":{"uv":[1.5,3.75,1.75,8.0625],"texture":"#0"},"west":{"uv":[1.5,3.75,1.25,8.0625],"texture":"#0"},"up":{"uv":[5,4.25,4.75,4],"texture":"#0"},"down":{"uv":[5,4.25,4.75,4.5],"texture":"#0"}}},{"from":[2,-16,0],"to":[4,21.4,2],"rotation":{"angle":22.5,"axis":"x","origin":[1,-16,2]},"faces":{"north":{"uv":[0,3.75,0.25,8.4375],"texture":"#0"},"east":{"uv":[1,3.75,0.75,8.4375],"texture":"#0"},"south":{"uv":[0,3.75,0.25,8.4375],"texture":"#0"},"west":{"uv":[0.75,3.75,1,8.4375],"texture":"#0"},"up":{"uv":[2.625,4.75,2.375,5],"texture":"#0"},"down":{"uv":[2.625,4.75,2.375,5],"texture":"#0"}}},{"from":[4,19.4,0],"to":[12,21.4,2],"rotation":{"angle":22.5,"axis":"x","origin":[1,-16,2]},"faces":{"north":{"uv":[1.75,4.5,2.75,4.75],"texture":"#0"},"east":{"uv":[4.75,3.5,5,3.75],"texture":"#0"},"south":{"uv":[1.75,4.5,2.75,4.75],"texture":"#0"},"west":{"uv":[4.75,3.75,5,4],"texture":"#0"},"up":{"uv":[5.5,3,4.5,2.75],"texture":"#0"},"down":{"uv":[5.5,3,4.5,2.75],"texture":"#0"}}},{"from":[12,-16,0],"to":[14,21.4,2],"rotation":{"angle":22.5,"axis":"x","origin":[15,-16,2]},"faces":{"north":{"uv":[0.25,3.75,0,8.4375],"texture":"#0"},"east":{"uv":[1,3.75,0.75,8.4375],"texture":"#0"},"south":{"uv":[0.25,3.75,0,8.4375],"texture":"#0"},"west":{"uv":[0.75,3.75,1,8.4375],"texture":"#0"},"up":{"uv":[2.375,4.75,2.625,5],"texture":"#0"},"down":{"uv":[2.375,4.75,2.625,5],"texture":"#0"}}},{"from":[7,-16,2],"to":[9,-14,16],"faces":{"north":{"uv":[2.625,4.75,2.875,5],"texture":"#0"},"east":{"uv":[4,1.5,5.75,1.75],"texture":"#0"},"south":{"uv":[2.875,4.75,3.125,5],"texture":"#0"},"west":{"uv":[5.75,1.5,4,1.75],"texture":"#0"},"up":{"uv":[4.25,3.75,4,2],"texture":"#0"},"down":{"uv":[4.25,3.75,4,5.5],"texture":"#0"}}},{"from":[4,-16,0],"to":[12,-14,2],"rotation":{"angle":22.5,"axis":"x","origin":[1,-16,2]},"faces":{"north":{"uv":[1.75,4.5,2.75,4.75],"texture":"#0"},"east":{"uv":[4.75,3.5,5,3.75],"texture":"#0"},"south":{"uv":[1.75,4.5,2.75,4.75],"texture":"#0"},"west":{"uv":[4.75,3.75,5,4],"texture":"#0"},"up":{"uv":[5.5,3,4.5,2.75],"texture":"#0"},"down":{"uv":[5.5,3,4.5,2.75],"texture":"#0"}}}],"gui_light":"front","display":{"thirdperson_righthand":{"rotation":[67.25,0,0],"translation":[0,1.75,2.75],"scale":[0.18297,0.18297,0.18297]},"thirdperson_lefthand":{"rotation":[67.25,0,0],"translation":[0,1.75,2.75],"scale":[0.18297,0.18297,0.18297]},"firstperson_righthand":{"translation":[0.75,4,0],"scale":[0.25859,0.25859,0.25859]},"firstperson_lefthand":{"translation":[0.75,4,0],"scale":[0.25859,0.25859,0.25859]},"ground":{"translation":[0,3.75,0],"scale":[0.20563,0.20563,0.20563]},"gui":{"rotation":[30,145,0],"translation":[0,-0.25,0],"scale":[0.28172,0.28172,0.28172]},"head":{"translation":[0,-19,0]},"fixed":{"rotation":[-90,0,0],"translation":[0,0,-36],"scale":[1.5,1.5,1.5]}}}