{
	"credit": "Made with Blockbench",
	"texture_size": [32, 32],
	"textures": {
		"0": "zenavia:bow/bowfonda",
		"particle": "zenavia:bow/bowfonda"
	},
	"elements": [
		{
			"from": [8, 7, 7],
			"to": [9, 14, 8],
			"rotation": {"angle": 0, "axis": "x", "origin": [7, 7, 6]},
			"faces": {
				"north": {"uv": [4, 0, 4.5, 3.5], "texture": "#0"},
				"east": {"uv": [4, 3.5, 4.5, 7], "texture": "#0"},
				"south": {"uv": [4.5, 0, 5, 3.5], "texture": "#0"},
				"west": {"uv": [4.5, 3.5, 5, 7], "texture": "#0"},
				"up": {"uv": [6.5, 6.5, 6, 6], "texture": "#0"},
				"down": {"uv": [7, 2, 6.5, 2.5], "texture": "#0"}
			}
		},
		{
			"from": [8.5, 9, 5],
			"to": [8.5, 10, 9],
			"rotation": {"angle": 0, "axis": "y", "origin": [7.5, 3, 7]},
			"faces": {
				"north": {"uv": [0, 0, 0, 0.5], "texture": "#0"},
				"east": {"uv": [8, 0.5, 6, 1], "texture": "#0"},
				"south": {"uv": [0, 0, 0, 0.5], "texture": "#0"},
				"west": {"uv": [6, 0.5, 8, 1], "texture": "#0"},
				"up": {"uv": [0, 2, 0, 0], "texture": "#0"},
				"down": {"uv": [0, 0, 0, 2], "texture": "#0"}
			}
		},
		{
			"from": [8.5, 12, 6],
			"to": [8.5, 13, 9],
			"rotation": {"angle": 0, "axis": "y", "origin": [7.5, 6, 8]},
			"faces": {
				"north": {"uv": [0, 0, 0, 0.5], "texture": "#0"},
				"east": {"uv": [7.5, 1.5, 6, 2], "texture": "#0"},
				"south": {"uv": [0, 0, 0, 0.5], "texture": "#0"},
				"west": {"uv": [6, 1.5, 7.5, 2], "texture": "#0"},
				"up": {"uv": [0, 1.5, 0, 0], "texture": "#0"},
				"down": {"uv": [0, 0, 0, 1.5], "texture": "#0"}
			}
		},
		{
			"from": [8.4, 0.3, 12],
			"to": [8.4, 11.3, 13],
			"rotation": {"angle": 0, "axis": "y", "origin": [6.4, 1.3, 11]},
			"faces": {
				"north": {"uv": [0, 0, 0, 5.5], "texture": "#0"},
				"east": {"uv": [0.5, 3.5, 1, 9], "texture": "#0"},
				"south": {"uv": [0, 0, 0, 5.5], "texture": "#0"},
				"west": {"uv": [0.5, 3.5, 1, 9], "texture": "#0"},
				"up": {"uv": [0, 0.5, 0, 0], "texture": "#0"},
				"down": {"uv": [0, 0, 0, 0.5], "texture": "#0"}
			}
		},
		{
			"from": [7.8, 1, 9],
			"to": [9.2, 8, 11],
			"rotation": {"angle": -22.5, "axis": "x", "origin": [7.5, 1, 9]},
			"faces": {
				"north": {"uv": [5, 0, 5.5, 3.5], "texture": "#0"},
				"east": {"uv": [0, 0, 1, 3.5], "texture": "#0"},
				"south": {"uv": [5, 3.5, 5.5, 7], "texture": "#0"},
				"west": {"uv": [1, 0, 2, 3.5], "texture": "#0"},
				"up": {"uv": [6.5, 3, 6, 2], "texture": "#0"},
				"down": {"uv": [6.5, 3, 6, 4], "texture": "#0"}
			}
		},
		{
			"from": [8.5, -1.9, 10.9],
			"to": [8.5, 8.1, 11.9],
			"rotation": {"angle": -45, "axis": "x", "origin": [6.5, 1.1, 9.9]},
			"faces": {
				"north": {"uv": [0, 0, 0, 5], "texture": "#0"},
				"east": {"uv": [1.5, 3.5, 2, 8.5], "texture": "#0"},
				"south": {"uv": [0, 0, 0, 5], "texture": "#0"},
				"west": {"uv": [1.5, 3.5, 2, 8.5], "texture": "#0"},
				"up": {"uv": [0, 0.5, 0, 0], "texture": "#0"},
				"down": {"uv": [0, 0, 0, 0.5], "texture": "#0"}
			}
		},
		{
			"from": [8.4, 11.3, 12],
			"to": [8.4, 21.3, 13],
			"rotation": {"angle": 0, "axis": "y", "origin": [6.4, 1.3, 11]},
			"faces": {
				"north": {"uv": [0, 0, 0, 5], "texture": "#0"},
				"east": {"uv": [2.5, 3.5, 3, 8.5], "texture": "#0"},
				"south": {"uv": [0, 0, 0, 5], "texture": "#0"},
				"west": {"uv": [2.5, 3.5, 3, 8.5], "texture": "#0"},
				"up": {"uv": [0, 0.5, 0, 0], "texture": "#0"},
				"down": {"uv": [0, 0, 0, 0.5], "texture": "#0"}
			}
		},
		{
			"from": [7.8, 14, 6],
			"to": [9.2, 21, 8],
			"rotation": {"angle": 22.5, "axis": "x", "origin": [7.5, 14, 6]},
			"faces": {
				"north": {"uv": [5.5, 0, 6, 3.5], "texture": "#0"},
				"east": {"uv": [2, 0, 3, 3.5], "texture": "#0"},
				"south": {"uv": [5.5, 3.5, 6, 7], "texture": "#0"},
				"west": {"uv": [3, 0, 4, 3.5], "texture": "#0"},
				"up": {"uv": [6.5, 5, 6, 4], "texture": "#0"},
				"down": {"uv": [6.5, 5, 6, 6], "texture": "#0"}
			}
		},
		{
			"from": [8.5, 15.4, 5.6],
			"to": [8.5, 25.4, 6.6],
			"rotation": {"angle": 45, "axis": "x", "origin": [8.5, 15.4, 4.6]},
			"faces": {
				"north": {"uv": [0, 0, 0, 5], "texture": "#0"},
				"east": {"uv": [3.5, 3.5, 4, 8.5], "texture": "#0"},
				"south": {"uv": [0, 0, 0, 5], "texture": "#0"},
				"west": {"uv": [3.5, 3.5, 4, 8.5], "texture": "#0"},
				"up": {"uv": [0, 0.5, 0, 0], "texture": "#0"},
				"down": {"uv": [0, 0, 0, 0.5], "texture": "#0"}
			}
		},
		{
			"from": [8.15, 11, 2.5],
			"to": [8.65, 11.5, 12.5],
			"rotation": {"angle": 0, "axis": "y", "origin": [7.1, 11, 6.5]},
			"faces": {
				"north": {"uv": [8, 7, 8.25, 7.25], "texture": "#0"},
				"east": {"uv": [8.5, 6.5, 13.5, 6.75], "texture": "#0"},
				"south": {"uv": [8, 7, 8.25, 7.25], "texture": "#0"},
				"west": {"uv": [13.5, 6.5, 8.5, 6.75], "texture": "#0"},
				"up": {"uv": [7, 7, 7.25, 12], "texture": "#0"},
				"down": {"uv": [7.75, 7, 7.5, 12], "texture": "#0"}
			}
		},
		{
			"from": [9.39, 8.59, 2.5],
			"to": [9.39, 12.09, 12.5],
			"rotation": {"angle": 45, "axis": "z", "origin": [7.8, 9.6, 6.5]},
			"faces": {
				"north": {"uv": [8, 7, 8, 8.75], "texture": "#0"},
				"east": {"uv": [8.5, 7, 13.5, 8.5], "texture": "#0"},
				"south": {"uv": [8, 7, 8, 8.75], "texture": "#0"},
				"west": {"uv": [13.5, 7, 8.5, 8.5], "texture": "#0"},
				"up": {"uv": [8, 7, 8, 12], "texture": "#0"},
				"down": {"uv": [8, 7, 8, 12], "texture": "#0"}
			}
		},
		{
			"from": [8.29, 10.79, 2.5],
			"to": [8.29, 14.29, 12.5],
			"rotation": {"angle": -45, "axis": "z", "origin": [6.7, 11.8, 6.5]},
			"faces": {
				"north": {"uv": [8, 7, 8, 8.75], "texture": "#0"},
				"east": {"uv": [8.5, 7, 13.5, 8.5], "texture": "#0"},
				"south": {"uv": [8, 7, 8, 8.75], "texture": "#0"},
				"west": {"uv": [8.5, 7, 13.5, 8.5], "rotation": 180, "texture": "#0"},
				"up": {"uv": [8, 7, 8, 12], "texture": "#0"},
				"down": {"uv": [8, 7, 8, 12], "texture": "#0"}
			}
		}
	],
	"display": {
		"thirdperson_righthand": {
			"rotation": [0.8, -15, 5],
			"translation": [-1.25, -4.5, 0.5],
			"scale": [1.1, 1.1, 1.1]
		},
		"thirdperson_lefthand": {
			"rotation": [0.8, -15, 5],
			"translation": [-0.25, -4.5, 0.5],
			"scale": [1.1, 1.1, 1.1]
		},
		"firstperson_righthand": {
			"rotation": [8, -12, 13],
			"translation": [0.5, 2.5, 0]
		},
		"firstperson_lefthand": {
			"rotation": [8, -12, 13],
			"translation": [0.5, 2.5, 0]
		},
		"ground": {
			"rotation": [-28.34, 22.4, -56.62]
		},
		"gui": {
			"rotation": [-150, 50, 85],
			"translation": [-0.5, -1.5, 0],
			"scale": [0.9, 0.9, 0.9]
		}
	},
	"groups": [
		{
			"name": "bowglobal",
			"origin": [8, 8, 8],
			"color": 0,
			"children": [
				{
					"name": "b0",
					"origin": [8, 8, 8],
					"color": 0,
					"children": [0, 1, 2]
				},
				{
					"name": "evo",
					"origin": [8, 8, 8],
					"color": 0,
					"children": [
						{
							"name": "bdown",
							"origin": [8, 8, 8],
							"color": 0,
							"children": [3, 4, 5]
						},
						{
							"name": "bup",
							"origin": [8, 8, 8],
							"color": 0,
							"children": [6, 7, 8]
						},
						{
							"name": "arrow",
							"origin": [0, 0, 0],
							"color": 0,
							"children": [9, 10, 11]
						}
					]
				}
			]
		}
	]
}