{
	"credit": "Made with Blockbench",
	"texture_size": [64, 64],
	"textures": {
		"1": "zenavia:bow/bowpumkin"
	},
	"elements": [
		{
			"from": [5.5, 2, 17],
			"to": [10.5, 2, 22],
			"rotation": {"angle": 0, "axis": "y", "origin": [8.5, 1, 14]},
			"faces": {
				"north": {"uv": [0, 0, 1.25, 0], "texture": "#1"},
				"east": {"uv": [0, 0, 1.25, 0], "texture": "#1"},
				"south": {"uv": [0, 0, 1.25, 0], "texture": "#1"},
				"west": {"uv": [0, 0, 1.25, 0], "texture": "#1"},
				"up": {"uv": [2.5, 6.25, 1.25, 5], "rotation": 270, "texture": "#1"},
				"down": {"uv": [1.25, 6.25, 2.5, 5], "rotation": 270, "texture": "#1"}
			}
		},
		{
			"from": [8, -0.5, 17],
			"to": [8, 4.5, 22],
			"rotation": {"angle": 0, "axis": "y", "origin": [9, 0.5, 14]},
			"faces": {
				"north": {"uv": [0, 0, 0, 1.25], "texture": "#1"},
				"east": {"uv": [2.5, 5, 1.25, 6.25], "texture": "#1"},
				"south": {"uv": [0, 0, 0, 1.25], "texture": "#1"},
				"west": {"uv": [1.25, 5, 2.5, 6.25], "texture": "#1"},
				"up": {"uv": [0, 1.25, 0, 0], "texture": "#1"},
				"down": {"uv": [0, 0, 0, 1.25], "texture": "#1"}
			}
		},
		{
			"from": [7.5, 1.5, 7],
			"to": [8.5, 2.5, 21],
			"rotation": {"angle": 0, "axis": "y", "origin": [8.5, 0.5, 14]},
			"faces": {
				"north": {"uv": [3.25, 6.75, 3.5, 7], "texture": "#1"},
				"east": {"uv": [0, 6.25, 3.5, 6.5], "texture": "#1"},
				"south": {"uv": [2.25, 7, 2.5, 7.25], "texture": "#1"},
				"west": {"uv": [6.25, 0, 9.75, 0.25], "texture": "#1"},
				"up": {"uv": [3.75, 9.75, 3.5, 6.25], "texture": "#1"},
				"down": {"uv": [4, 6.25, 3.75, 9.75], "texture": "#1"}
			}
		},
		{
			"from": [5.5, -0.5, 2],
			"to": [10.5, 4.5, 7],
			"rotation": {"angle": 0, "axis": "y", "origin": [8.5, -1.5, 14]},
			"faces": {
				"north": {"uv": [2.5, 5, 3.75, 6.25], "texture": "#1"},
				"east": {"uv": [3.75, 5, 5, 6.25], "texture": "#1"},
				"south": {"uv": [5, 5, 6.25, 6.25], "texture": "#1"},
				"west": {"uv": [5.25, 3.75, 6.5, 5], "texture": "#1"},
				"up": {"uv": [6.75, 3.75, 5.5, 2.5], "texture": "#1"},
				"down": {"uv": [7.25, 1.25, 6, 2.5], "texture": "#1"}
			}
		},
		{
			"from": [8.5, -0.7, 4.5],
			"to": [15.5, 4.3, 4.5],
			"rotation": {"angle": 22.5, "axis": "z", "origin": [9.5, -1.7, 14.5]},
			"faces": {
				"north": {"uv": [2.5, 1.25, 4.25, 2.5], "texture": "#1"},
				"east": {"uv": [0, 0, 0, 1.25], "texture": "#1"},
				"south": {"uv": [4.25, 1.25, 2.5, 2.5], "texture": "#1"},
				"west": {"uv": [0, 0, 0, 1.25], "texture": "#1"},
				"up": {"uv": [1.75, 0, 0, 0], "texture": "#1"},
				"down": {"uv": [1.75, 0, 0, 0], "texture": "#1"}
			}
		},
		{
			"from": [6, 1.4, 14],
			"to": [20, 1.6, 15],
			"rotation": {"angle": 22.5, "axis": "y", "origin": [20, 0, 14]},
			"faces": {
				"north": {"uv": [9.75, 5, 6.25, 5.25], "texture": "#1"},
				"east": {"uv": [3.5, 7.25, 3.25, 7.5], "texture": "#1"},
				"south": {"uv": [9.75, 0.5, 6.25, 0.75], "texture": "#1"},
				"west": {"uv": [3.5, 7, 3.25, 7.25], "texture": "#1"},
				"up": {"uv": [6.25, 1, 9.75, 0.75], "texture": "#1"},
				"down": {"uv": [6.25, 5, 9.75, 5.25], "texture": "#1"}
			}
		},
		{
			"from": [-4, 1.4, 14],
			"to": [10, 1.6, 15],
			"rotation": {"angle": -22.5, "axis": "y", "origin": [-4, 0, 14]},
			"faces": {
				"north": {"uv": [6.25, 5, 9.75, 5.25], "texture": "#1"},
				"east": {"uv": [3.25, 7, 3.5, 7.25], "texture": "#1"},
				"south": {"uv": [6.25, 0.5, 9.75, 0.75], "texture": "#1"},
				"west": {"uv": [3.25, 7.25, 3.5, 7.5], "texture": "#1"},
				"up": {"uv": [9.75, 1, 6.25, 0.75], "texture": "#1"},
				"down": {"uv": [9.75, 5, 6.25, 5.25], "texture": "#1"}
			}
		},
		{
			"from": [-5, 1.4, 5],
			"to": [5, 1.6, 10],
			"rotation": {"angle": 22.5, "axis": "y", "origin": [3, -1.5, 6]},
			"faces": {
				"north": {"uv": [5.5, 7.25, 8, 7.5], "texture": "#1"},
				"east": {"uv": [6.5, 4.75, 7.75, 5], "texture": "#1"},
				"south": {"uv": [6.25, 5.75, 8.75, 6], "texture": "#1"},
				"west": {"uv": [6.75, 3.25, 8, 3.5], "texture": "#1"},
				"up": {"uv": [2.5, 1.25, 0, 0], "texture": "#1"},
				"down": {"uv": [2.5, 0, 0, 1.25], "texture": "#1"}
			}
		},
		{
			"from": [-7.23463, 1.5, 6.35224],
			"to": [-0.23463, 1.5, 11.35224],
			"rotation": {"angle": 45, "axis": "y", "origin": [0, 1.5, 9.2]},
			"faces": {
				"north": {"uv": [1.75, 0, 0, 0], "texture": "#1"},
				"east": {"uv": [1.25, 0, 0, 0], "texture": "#1"},
				"south": {"uv": [1.75, 0, 0, 0], "texture": "#1"},
				"west": {"uv": [1.25, 0, 0, 0], "texture": "#1"},
				"up": {"uv": [1.75, 5, 0, 3.75], "texture": "#1"},
				"down": {"uv": [1.75, 3.75, 0, 5], "texture": "#1"}
			}
		},
		{
			"from": [11, 1.4, 5],
			"to": [21, 1.6, 10],
			"rotation": {"angle": -22.5, "axis": "y", "origin": [13, -1.5, 6]},
			"faces": {
				"north": {"uv": [0, 7.5, 2.5, 7.75], "texture": "#1"},
				"east": {"uv": [6.75, 3.25, 8, 3.5], "texture": "#1"},
				"south": {"uv": [5, 7.5, 7.5, 7.75], "texture": "#1"},
				"west": {"uv": [7.25, 2, 8.5, 2.25], "texture": "#1"},
				"up": {"uv": [0, 1.25, 2.5, 0], "texture": "#1"},
				"down": {"uv": [0, 0, 2.5, 1.25], "texture": "#1"}
			}
		},
		{
			"from": [16.23463, 1.5, 6.35224],
			"to": [23.23463, 1.5, 11.35224],
			"rotation": {"angle": -45, "axis": "y", "origin": [16, 1.5, 9.2]},
			"faces": {
				"north": {"uv": [0, 0, 1.75, 0], "texture": "#1"},
				"east": {"uv": [0, 0, 1.25, 0], "texture": "#1"},
				"south": {"uv": [0, 0, 1.75, 0], "texture": "#1"},
				"west": {"uv": [0, 0, 1.25, 0], "texture": "#1"},
				"up": {"uv": [0, 5, 1.75, 3.75], "texture": "#1"},
				"down": {"uv": [0, 3.75, 1.75, 5], "texture": "#1"}
			}
		},
		{
			"from": [3, 0, 6],
			"to": [6, 3, 9],
			"rotation": {"angle": 0, "axis": "y", "origin": [3, -1, 6]},
			"faces": {
				"north": {"uv": [2.5, 6.5, 3.25, 7.25], "texture": "#1"},
				"east": {"uv": [4, 6.5, 4.75, 7.25], "texture": "#1"},
				"south": {"uv": [6.5, 4, 7.25, 4.75], "texture": "#1"},
				"west": {"uv": [4.75, 6.5, 5.5, 7.25], "texture": "#1"},
				"up": {"uv": [6.25, 7.25, 5.5, 6.5], "texture": "#1"},
				"down": {"uv": [7, 6.5, 6.25, 7.25], "texture": "#1"}
			}
		},
		{
			"from": [6, 1, 7],
			"to": [10, 2, 8],
			"rotation": {"angle": 0, "axis": "y", "origin": [7, 0, 7]},
			"faces": {
				"north": {"uv": [2.25, 7.25, 3.25, 7.5], "texture": "#1"},
				"east": {"uv": [3.25, 6.5, 3.5, 6.75], "texture": "#1"},
				"south": {"uv": [7.25, 2.25, 8.25, 2.5], "texture": "#1"},
				"west": {"uv": [2.25, 6.75, 2.5, 7], "texture": "#1"},
				"up": {"uv": [5, 7.5, 4, 7.25], "texture": "#1"},
				"down": {"uv": [8.25, 4, 7.25, 4.25], "texture": "#1"}
			}
		},
		{
			"from": [10, 0, 6],
			"to": [13, 3, 9],
			"rotation": {"angle": 0, "axis": "y", "origin": [13, -1, 6]},
			"faces": {
				"north": {"uv": [0, 6.75, 0.75, 7.5], "texture": "#1"},
				"east": {"uv": [0.75, 6.75, 1.5, 7.5], "texture": "#1"},
				"south": {"uv": [1.5, 6.75, 2.25, 7.5], "texture": "#1"},
				"west": {"uv": [6.75, 2.5, 7.5, 3.25], "texture": "#1"},
				"up": {"uv": [7.75, 7.25, 7, 6.5], "texture": "#1"},
				"down": {"uv": [8, 1.25, 7.25, 2], "texture": "#1"}
			}
		}
	],
	"display": {
		"thirdperson_righthand": {
			"rotation": [7.95, -25.18, 106.22],
			"translation": [-5.25, -2.25, -2.75]
		},
		"thirdperson_lefthand": {
			"rotation": [-7.95, -25.18, -106.22],
			"translation": [5.25, -2.25, 2.75]
		},
		"firstperson_righthand": {
			"rotation": [0, -5.25, 97],
			"translation": [-4.75, 3.5, 0],
			"scale": [0.8, 0.8, 0.8]
		},
		"firstperson_lefthand": {
			"rotation": [0, -5.25, -97],
			"translation": [4.75, 3.5, 0],
			"scale": [0.8, 0.8, 0.8]
		},
		"ground": {
			"translation": [0, 6.75, 0]
		},
		"gui": {
			"rotation": [-180, 41.75, -128.5],
			"translation": [2.25, 2.75, 0],
			"scale": [0.65, 0.65, 0.65]
		}
	},
	"groups": [
		{
			"name": "group",
			"origin": [8, 8, 8],
			"color": 0,
			"children": [
				{
					"name": "group",
					"origin": [8, 8, 8],
					"color": 0,
					"children": [
						{
							"name": "group",
							"origin": [9.5, -1.7, 7.5],
							"color": 0,
							"children": [0, 1, 2, 3, 4]
						},
						{
							"name": "group",
							"origin": [5, 0, 13],
							"color": 0,
							"children": [5, 6]
						},
						{
							"name": "group",
							"origin": [0, 1.5, 9.2],
							"color": 0,
							"children": [
								{
									"name": "group",
									"origin": [0, 1.5, 9.2],
									"color": 0,
									"children": [7, 8]
								},
								{
									"name": "group",
									"origin": [16, 1.5, 9.2],
									"color": 0,
									"children": [9, 10]
								}
							]
						},
						{
							"name": "group",
							"origin": [13, -1, 6],
							"color": 0,
							"children": [11, 12, 13]
						}
					]
				}
			]
		}
	]
}