{"credit":"Made with Blockbench","texture_size":[32,32],"textures":{"1":"zenavia:bow/greek_bow"},"elements":[{"from":[9.87203,7.28698,6.999],"to":[11.37403,10.78898,8.501],"rotation":{"angle":22.5,"axis":"z","origin":[10.58592,7.53837,7.8755]},"faces":{"north":{"uv":[0,2,1,4],"texture":"#1"},"east":{"uv":[1,2,2,4],"texture":"#1"},"south":{"uv":[2,2,3,4],"texture":"#1"},"west":{"uv":[3,2,4,4],"texture":"#1"},"up":{"uv":[6,8,5,7],"texture":"#1"},"down":{"uv":[8,6,7,7],"texture":"#1"}}},{"from":[10.12203,12.68698,6.999],"to":[11.62403,14.93898,8.501],"rotation":{"angle":22.5,"axis":"z","origin":[10.83592,12.93837,7.8755]},"faces":{"north":{"uv":[7,7,8,8],"texture":"#1"},"east":{"uv":[2,8,3,9],"texture":"#1"},"south":{"uv":[3,8,4,9],"texture":"#1"},"west":{"uv":[4,8,5,9],"texture":"#1"},"up":{"uv":[6,9,5,8],"texture":"#1"},"down":{"uv":[7,8,6,9],"texture":"#1"}}},{"from":[6.34606,14.0749,6.998],"to":[10.59806,15.5769,8.5],"rotation":{"angle":-22.5,"axis":"z","origin":[9.47206,14.8259,7.874]},"faces":{"north":{"uv":[0,4,2,5],"texture":"#1"},"east":{"uv":[8,6,9,7],"texture":"#1"},"south":{"uv":[2,4,4,5],"texture":"#1"},"west":{"uv":[7,8,8,9],"texture":"#1"},"up":{"uv":[6,3,4,2],"texture":"#1"},"down":{"uv":[6,3,4,4],"texture":"#1"}}},{"from":[5.91773,15.45207,6.748],"to":[6.66973,17.45407,8.75],"rotation":{"angle":-22.5,"axis":"z","origin":[5.54373,16.45307,7.874]},"faces":{"north":{"uv":[9.5,2,10,3],"texture":"#1"},"east":{"uv":[8,7,9,8],"texture":"#1"},"south":{"uv":[9.5,3,10,4],"texture":"#1"},"west":{"uv":[8,8,9,9],"texture":"#1"},"up":{"uv":[10,5,9.5,4],"texture":"#1"},"down":{"uv":[10,5,9.5,6],"texture":"#1"}}},{"from":[6.01497,2.98108,6.748],"to":[6.76697,4.98308,8.75],"rotation":{"angle":22.5,"axis":"z","origin":[6.39097,3.98208,7.749]},"faces":{"north":{"uv":[0,10,0.5,11],"texture":"#1"},"east":{"uv":[8.5,0,9.5,1],"texture":"#1"},"south":{"uv":[0.5,10,1,11],"texture":"#1"},"west":{"uv":[8.5,1,9.5,2],"texture":"#1"},"up":{"uv":[1.5,11,1,10],"texture":"#1"},"down":{"uv":[2,10,1.5,11],"texture":"#1"}}},{"from":[6.42318,4.20859,6.999],"to":[10.67318,5.70859,8.499],"rotation":{"angle":22.5,"axis":"z","origin":[8.54818,4.95859,7.874]},"faces":{"north":{"uv":[4,4,6,5],"texture":"#1"},"east":{"uv":[8.5,2,9.5,3],"texture":"#1"},"south":{"uv":[0,5,2,6],"texture":"#1"},"west":{"uv":[8.5,3,9.5,4],"texture":"#1"},"up":{"uv":[7,1,5,0],"texture":"#1"},"down":{"uv":[7,1,5,2],"texture":"#1"}}},{"from":[9.37303,5.43798,7],"to":[10.87303,7.68798,8.5],"rotation":{"angle":-22.5,"axis":"z","origin":[10.08592,5.68837,7.8755]},"faces":{"north":{"uv":[8.5,4,9.5,5],"texture":"#1"},"east":{"uv":[8.5,5,9.5,6],"texture":"#1"},"south":{"uv":[0,9,1,10],"texture":"#1"},"west":{"uv":[1,9,2,10],"texture":"#1"},"up":{"uv":[3,10,2,9],"texture":"#1"},"down":{"uv":[4,9,3,10],"texture":"#1"}}},{"from":[9.76898,9.63701,6.99],"to":[11.28898,13.15701,8.51],"rotation":{"angle":-22.5,"axis":"z","origin":[10.52898,12.79801,7.875]},"faces":{"north":{"uv":[2,5,3,7],"texture":"#1"},"east":{"uv":[3,5,4,7],"texture":"#1"},"south":{"uv":[4,5,5,7],"texture":"#1"},"west":{"uv":[5,5,6,7],"texture":"#1"},"up":{"uv":[5,10,4,9],"texture":"#1"},"down":{"uv":[6,9,5,10],"texture":"#1"}}},{"from":[9.27798,12.89801,6.749],"to":[11.27998,13.50001,8.751],"rotation":{"angle":-22.5,"axis":"z","origin":[10.27898,12.04801,7.875]},"faces":{"north":{"uv":[2,10,3,10.5],"texture":"#1"},"east":{"uv":[10,2,11,2.5],"texture":"#1"},"south":{"uv":[10,2.5,11,3],"texture":"#1"},"west":{"uv":[3,10,4,10.5],"texture":"#1"},"up":{"uv":[7,10,6,9],"texture":"#1"},"down":{"uv":[10,6,9,7],"texture":"#1"}}},{"from":[9.29781,6.86276,6.75],"to":[11.29981,7.46476,8.752],"rotation":{"angle":22.5,"axis":"z","origin":[10.33592,8.28837,7.8755]},"faces":{"north":{"uv":[10,3,11,3.5],"texture":"#1"},"east":{"uv":[10,3.5,11,4],"texture":"#1"},"south":{"uv":[4,10,5,10.5],"texture":"#1"},"west":{"uv":[10,4,11,4.5],"texture":"#1"},"up":{"uv":[8,10,7,9],"texture":"#1"},"down":{"uv":[10,7,9,8],"texture":"#1"}}},{"from":[5.25,9.5,7.5],"to":[5.75,15.75,8],"rotation":{"angle":0,"axis":"y","origin":[5.375,12.75,7.625]},"faces":{"north":{"uv":[0,6,0.5,9],"texture":"#1"},"east":{"uv":[0.5,6,1,9],"texture":"#1"},"south":{"uv":[1,6,1.5,9],"texture":"#1"},"west":{"uv":[1.5,6,2,9],"texture":"#1"},"up":{"uv":[10.5,8.5,10,8],"texture":"#1"},"down":{"uv":[9,10,8.5,10.5],"texture":"#1"}}},{"from":[5.25,3.25,7.5],"to":[5.75,9.5,8],"rotation":{"angle":0,"axis":"y","origin":[5.375,6.5,7.625]},"faces":{"north":{"uv":[6,2,6.5,5],"texture":"#1"},"east":{"uv":[6,5,6.5,8],"texture":"#1"},"south":{"uv":[6.5,2,7,5],"texture":"#1"},"west":{"uv":[6.5,5,7,8],"texture":"#1"},"up":{"uv":[10.5,9,10,8.5],"texture":"#1"},"down":{"uv":[9.5,10,9,10.5],"texture":"#1"}}},{"from":[3.75,15.5,7.15],"to":[6,17.75,8.4],"rotation":{"angle":22.5,"axis":"z","origin":[4.875,16.75,7.775]},"faces":{"north":{"uv":[8,9,9,10],"texture":"#1"},"east":{"uv":[10,4.5,10.5,5.5],"texture":"#1"},"south":{"uv":[9,8,10,9],"texture":"#1"},"west":{"uv":[5,10,5.5,11],"texture":"#1"},"up":{"uv":[6.5,10.5,5.5,10],"texture":"#1"},"down":{"uv":[11,5.5,10,6],"texture":"#1"}}},{"from":[4.04784,2.00952,7.15],"to":[6.29784,4.25952,8.4],"rotation":{"angle":0,"axis":"y","origin":[5.17284,3.13452,7.775]},"faces":{"north":{"uv":[9,9,10,10],"texture":"#1"},"east":{"uv":[10,6,10.5,7],"texture":"#1"},"south":{"uv":[9.5,0,10.5,1],"texture":"#1"},"west":{"uv":[6.5,10,7,11],"texture":"#1"},"up":{"uv":[8,10.5,7,10],"texture":"#1"},"down":{"uv":[11,7,10,7.5],"texture":"#1"}}}],"display":{"thirdperson_righthand":{"rotation":[0,90,0],"translation":[0,-4.25,3],"scale":[1.01,1.01,1.01]},"thirdperson_lefthand":{"rotation":[0,-90,0],"translation":[0,-4,3],"scale":[1.01,1.01,1.01]},"firstperson_righthand":{"rotation":[0,83,8],"translation":[2,3,0],"scale":[0.8,0.8,0.8]},"firstperson_lefthand":{"rotation":[0,-83,-8],"translation":[2,3,0],"scale":[0.8,0.8,0.8]},"ground":{"translation":[0,3.5,0]},"gui":{"rotation":[0,-167,0],"translation":[-0.5,-2.25,0],"scale":[1.09,1.09,1.09]},"fixed":{"translation":[0,-2,0],"scale":[1.13,1.13,1.13]}}}