{
	"credit": "Made with Blockbench",
	"texture_size": [32, 32],
	"textures": {
		"0": "zenavia:bow/hearthbow",
		"particle": "zenavia:bow/hearthbow"
	},
	"elements": [
		{
			"from": [6, 0, 5],
			"to": [10, 1, 6],
			"rotation": {"angle": 0, "axis": "y", "origin": [7, 0, 5]},
			"faces": {
				"north": {"uv": [7.5, 0, 9.5, 0.5], "texture": "#0"},
				"east": {"uv": [1, 9.5, 1.5, 10], "texture": "#0"},
				"south": {"uv": [7.5, 0.5, 9.5, 1], "texture": "#0"},
				"west": {"uv": [9.5, 1, 10, 1.5], "texture": "#0"},
				"up": {"uv": [9.5, 1.5, 7.5, 1], "texture": "#0"},
				"down": {"uv": [9.5, 1.5, 7.5, 2], "texture": "#0"}
			}
		},
		{
			"from": [7, 0.35, 1.6],
			"to": [17.8, 0.6, 1.85],
			"rotation": {"angle": -22.5, "axis": "y", "origin": [17.8, 0.35, 1.6]},
			"faces": {
				"north": {"uv": [0, 15.5, 14.5, 16], "texture": "#0"},
				"east": {"uv": [1, 9.5, 1.5, 10], "texture": "#0"},
				"south": {"uv": [0, 15.5, 14.5, 16], "texture": "#0"},
				"west": {"uv": [9.5, 1, 10, 1.5], "texture": "#0"},
				"up": {"uv": [14.5, 16, 0, 15.5], "texture": "#0"},
				"down": {"uv": [14.5, 15.5, 0, 16], "texture": "#0"}
			}
		},
		{
			"from": [-1.9, 0.35, 1.8],
			"to": [8.9, 0.6, 2.05],
			"rotation": {"angle": 22.5, "axis": "y", "origin": [-2.3, 0.35, 1.8]},
			"faces": {
				"north": {"uv": [0, 15.5, 14.5, 16], "texture": "#0"},
				"east": {"uv": [1, 9.5, 1.5, 10], "texture": "#0"},
				"south": {"uv": [0, 15.5, 14.5, 16], "texture": "#0"},
				"west": {"uv": [9.5, 1, 10, 1.5], "texture": "#0"},
				"up": {"uv": [14.5, 16, 0, 15.5], "texture": "#0"},
				"down": {"uv": [14.5, 15.5, 0, 16], "texture": "#0"}
			}
		},
		{
			"from": [10, -0.5, 4.5],
			"to": [11, 1.5, 6.5],
			"rotation": {"angle": 0, "axis": "y", "origin": [10, -0.5, 4.5]},
			"faces": {
				"north": {"uv": [3.5, 9, 4, 10], "texture": "#0"},
				"east": {"uv": [7.5, 2, 8.5, 3], "texture": "#0"},
				"south": {"uv": [4, 9, 4.5, 10], "texture": "#0"},
				"west": {"uv": [3, 7.5, 4, 8.5], "texture": "#0"},
				"up": {"uv": [5, 10, 4.5, 9], "texture": "#0"},
				"down": {"uv": [5.5, 9, 5, 10], "texture": "#0"}
			}
		},
		{
			"from": [5, -0.5, 4.5],
			"to": [6, 1.5, 6.5],
			"rotation": {"angle": 0, "axis": "y", "origin": [6, -0.5, 4.5]},
			"faces": {
				"north": {"uv": [5.5, 9, 6, 10], "texture": "#0"},
				"east": {"uv": [4, 7.5, 5, 8.5], "texture": "#0"},
				"south": {"uv": [6, 9, 6.5, 10], "texture": "#0"},
				"west": {"uv": [5, 7.5, 6, 8.5], "texture": "#0"},
				"up": {"uv": [7, 10, 6.5, 9], "texture": "#0"},
				"down": {"uv": [7.5, 9, 7, 10], "texture": "#0"}
			}
		},
		{
			"from": [10, 0.5, 1],
			"to": [16, 0.5, 5],
			"rotation": {"angle": 22.5, "axis": "y", "origin": [11, 0.5, 5]},
			"faces": {
				"north": {"uv": [0, 0, 3, 0], "texture": "#0"},
				"east": {"uv": [0, 0, 2, 0], "texture": "#0"},
				"south": {"uv": [0, 0, 3, 0], "texture": "#0"},
				"west": {"uv": [0, 0, 2, 0], "texture": "#0"},
				"up": {"uv": [3, 2, 0, 0], "texture": "#0"},
				"down": {"uv": [3, 0, 0, 2], "texture": "#0"}
			}
		},
		{
			"from": [10, 0, 5],
			"to": [16, 1, 6],
			"rotation": {"angle": 22.5, "axis": "y", "origin": [11, 0, 5]},
			"faces": {
				"north": {"uv": [3, 7, 6, 7.5], "texture": "#0"},
				"east": {"uv": [1.5, 9.5, 2, 10], "texture": "#0"},
				"south": {"uv": [7, 4, 10, 4.5], "texture": "#0"},
				"west": {"uv": [9.5, 1.5, 10, 2], "texture": "#0"},
				"up": {"uv": [10, 5, 7, 4.5], "texture": "#0"},
				"down": {"uv": [10, 5, 7, 5.5], "texture": "#0"}
			}
		},
		{
			"from": [15, -0.5, 2.5],
			"to": [16, 1.5, 4.5],
			"rotation": {"angle": 22.5, "axis": "y", "origin": [15, -0.5, 2.5]},
			"faces": {
				"north": {"uv": [7.5, 9, 8, 10], "texture": "#0"},
				"east": {"uv": [7, 7.5, 8, 8.5], "texture": "#0"},
				"south": {"uv": [9, 7.5, 9.5, 8.5], "texture": "#0"},
				"west": {"uv": [8, 7.5, 9, 8.5], "texture": "#0"},
				"up": {"uv": [8.5, 10, 8, 9], "texture": "#0"},
				"down": {"uv": [9, 9, 8.5, 10], "texture": "#0"}
			}
		},
		{
			"from": [15, 0, 2.55],
			"to": [18, 1, 3.55],
			"rotation": {"angle": 45, "axis": "y", "origin": [16, 0, 2.3]},
			"faces": {
				"north": {"uv": [2, 8.5, 3.5, 9], "texture": "#0"},
				"east": {"uv": [2, 9.5, 2.5, 10], "texture": "#0"},
				"south": {"uv": [8.5, 2, 10, 2.5], "texture": "#0"},
				"west": {"uv": [2.5, 9.5, 3, 10], "texture": "#0"},
				"up": {"uv": [10, 3, 8.5, 2.5], "texture": "#0"},
				"down": {"uv": [5, 8.5, 3.5, 9], "texture": "#0"}
			}
		},
		{
			"from": [16, 0.5, -0.7],
			"to": [19, 0.5, 2.3],
			"rotation": {"angle": 22.5, "axis": "y", "origin": [17, 0, 2.3]},
			"faces": {
				"north": {"uv": [0, 0, 1.5, 0], "texture": "#0"},
				"east": {"uv": [0, 0, 1.5, 0], "texture": "#0"},
				"south": {"uv": [0, 0, 1.5, 0], "texture": "#0"},
				"west": {"uv": [0, 0, 1.5, 0], "texture": "#0"},
				"up": {"uv": [3, 7, 4.5, 5.5], "texture": "#0"},
				"down": {"uv": [3, 5.5, 4.5, 7], "texture": "#0"}
			}
		},
		{
			"from": [0, 0.5, 1],
			"to": [6, 0.5, 5],
			"rotation": {"angle": -22.5, "axis": "y", "origin": [5, 0.5, 5]},
			"faces": {
				"north": {"uv": [0, 0, 3, 0], "texture": "#0"},
				"east": {"uv": [0, 0, 2, 0], "texture": "#0"},
				"south": {"uv": [0, 0, 3, 0], "texture": "#0"},
				"west": {"uv": [0, 0, 2, 0], "texture": "#0"},
				"up": {"uv": [6, 2, 3, 0], "texture": "#0"},
				"down": {"uv": [6, 0, 3, 2], "texture": "#0"}
			}
		},
		{
			"from": [0, 0, 5],
			"to": [6, 1, 6],
			"rotation": {"angle": -22.5, "axis": "y", "origin": [5, 0, 5]},
			"faces": {
				"north": {"uv": [7, 5.5, 10, 6], "texture": "#0"},
				"east": {"uv": [3, 9.5, 3.5, 10], "texture": "#0"},
				"south": {"uv": [7, 6, 10, 6.5], "texture": "#0"},
				"west": {"uv": [9.5, 7.5, 10, 8], "texture": "#0"},
				"up": {"uv": [10, 7, 7, 6.5], "texture": "#0"},
				"down": {"uv": [10, 7, 7, 7.5], "texture": "#0"}
			}
		},
		{
			"from": [-2, 0, 2.55],
			"to": [1, 1, 3.55],
			"rotation": {"angle": -45, "axis": "y", "origin": [0, 0, 2.55]},
			"faces": {
				"north": {"uv": [5, 8.5, 6.5, 9], "texture": "#0"},
				"east": {"uv": [9.5, 8, 10, 8.5], "texture": "#0"},
				"south": {"uv": [6.5, 8.5, 8, 9], "texture": "#0"},
				"west": {"uv": [9.5, 8.5, 10, 9], "texture": "#0"},
				"up": {"uv": [9.5, 9, 8, 8.5], "texture": "#0"},
				"down": {"uv": [3.5, 9, 2, 9.5], "texture": "#0"}
			}
		},
		{
			"from": [-3, 0.5, -0.7],
			"to": [0, 0.5, 2.3],
			"rotation": {"angle": -22.5, "axis": "y", "origin": [-1, 0, 2.3]},
			"faces": {
				"north": {"uv": [0, 0, 1.5, 0], "texture": "#0"},
				"east": {"uv": [0, 0, 1.5, 0], "texture": "#0"},
				"south": {"uv": [0, 0, 1.5, 0], "texture": "#0"},
				"west": {"uv": [0, 0, 1.5, 0], "texture": "#0"},
				"up": {"uv": [6, 1.5, 7.5, 0], "texture": "#0"},
				"down": {"uv": [6, 0, 7.5, 1.5], "texture": "#0"}
			}
		},
		{
			"from": [0, -0.5, 2.5],
			"to": [1, 1.5, 4.5],
			"rotation": {"angle": -22.5, "axis": "y", "origin": [1, -0.5, 2.5]},
			"faces": {
				"north": {"uv": [9, 9, 9.5, 10], "texture": "#0"},
				"east": {"uv": [0, 8.5, 1, 9.5], "texture": "#0"},
				"south": {"uv": [0, 9.5, 0.5, 10.5], "texture": "#0"},
				"west": {"uv": [1, 8.5, 2, 9.5], "texture": "#0"},
				"up": {"uv": [10, 1, 9.5, 0], "texture": "#0"},
				"down": {"uv": [1, 9.5, 0.5, 10.5], "texture": "#0"}
			}
		},
		{
			"from": [6.75, 0.1, 7.95],
			"to": [8.4, 1, 8.95],
			"rotation": {"angle": 45, "axis": "y", "origin": [8, 0, 8.45]},
			"faces": {
				"north": {"uv": [9.5, 9, 10, 9.5], "texture": "#0"},
				"east": {"uv": [9.5, 9.5, 10, 10], "texture": "#0"},
				"south": {"uv": [10, 0, 10.5, 0.5], "texture": "#0"},
				"west": {"uv": [10, 0.5, 10.5, 1], "texture": "#0"},
				"up": {"uv": [1.5, 10.5, 1, 10], "texture": "#0"},
				"down": {"uv": [10.5, 1, 10, 1.5], "texture": "#0"}
			}
		},
		{
			"from": [7.5, 0, 8.05],
			"to": [8.5, 0.9, 9.7],
			"rotation": {"angle": 45, "axis": "y", "origin": [8, 0, 8.45]},
			"faces": {
				"north": {"uv": [1.5, 10, 2, 10.5], "texture": "#0"},
				"east": {"uv": [10, 1.5, 10.5, 2], "texture": "#0"},
				"south": {"uv": [2, 10, 2.5, 10.5], "texture": "#0"},
				"west": {"uv": [10, 2, 10.5, 2.5], "texture": "#0"},
				"up": {"uv": [3, 10.5, 2.5, 10], "texture": "#0"},
				"down": {"uv": [10.5, 2.5, 10, 3], "texture": "#0"}
			}
		},
		{
			"from": [8, -0.75, -2.3],
			"to": [8, 1.75, 3.7],
			"rotation": {"angle": 0, "axis": "y", "origin": [7.5, 0.25, 3.7]},
			"faces": {
				"north": {"uv": [0, 0, 0, 1.5], "texture": "#0"},
				"east": {"uv": [0, 8.5, 1.5, 5.5], "rotation": 90, "texture": "#0"},
				"south": {"uv": [0, 0, 0, 1.5], "texture": "#0"},
				"west": {"uv": [0, 5.5, 1.5, 8.5], "rotation": 90, "texture": "#0"},
				"up": {"uv": [0, 3, 0, 0], "texture": "#0"},
				"down": {"uv": [0, 0, 0, 3], "texture": "#0"}
			}
		},
		{
			"from": [6.75, 0.5, -2.3],
			"to": [9.25, 0.5, 3.7],
			"rotation": {"angle": 0, "axis": "y", "origin": [7.75, 0.5, 3.7]},
			"faces": {
				"north": {"uv": [0, 0, 1.5, 0], "texture": "#0"},
				"east": {"uv": [0, 0, 3, 0], "texture": "#0"},
				"south": {"uv": [0, 0, 1.5, 0], "texture": "#0"},
				"west": {"uv": [0, 0, 3, 0], "texture": "#0"},
				"up": {"uv": [1.5, 8.5, 0, 5.5], "texture": "#0"},
				"down": {"uv": [1.5, 5.5, 0, 8.5], "texture": "#0"}
			}
		},
		{
			"from": [7.75, 0.25, -0.3],
			"to": [8.25, 0.75, 8.7],
			"rotation": {"angle": 0, "axis": "y", "origin": [7.75, 0.25, 3.7]},
			"faces": {
				"north": {"uv": [3, 10, 3.5, 10.5], "texture": "#0"},
				"east": {"uv": [6, 3, 10.5, 3.5], "texture": "#0"},
				"south": {"uv": [3.5, 10, 4, 10.5], "texture": "#0"},
				"west": {"uv": [6, 3.5, 10.5, 4], "texture": "#0"},
				"up": {"uv": [6.5, 8.5, 6, 4], "texture": "#0"},
				"down": {"uv": [7, 4, 6.5, 8.5], "texture": "#0"}
			}
		}
	],
	"display": {
		"thirdperson_righthand": {
			"rotation": [-180, 10, 90],
			"translation": [-10.25, -2, -5],
			"scale": [1.3, 1.3, 1.3]
		},
		"thirdperson_lefthand": {
			"rotation": [-180, 10, 90],
			"translation": [-10.25, -2, -5],
			"scale": [1.3, 1.3, 1.3]
		},
		"firstperson_righthand": {
			"rotation": [-169.5, 6, 89.25],
			"translation": [-6.25, 6.75, -3.25]
		},
		"firstperson_lefthand": {
			"rotation": [-169.5, 6, 89.25],
			"translation": [-6.25, 6.75, -3.25]
		},
		"ground": {
			"translation": [0, 4.25, 7]
		},
		"gui": {
			"rotation": [-100, 45, 160],
			"translation": [2.25, 6.75, 0],
			"scale": [0.9, 0.9, 0.9]
		},
		"fixed": {
			"rotation": [-90, -45, 0],
			"translation": [-5, 4.25, -6.5]
		}
	},
	"groups": [
		{
			"name": "group",
			"origin": [8, 8, 8],
			"color": 0,
			"children": [
				0,
				1,
				2,
				3,
				4,
				{
					"name": "group",
					"origin": [8, 8, 8],
					"color": 0,
					"children": [
						{
							"name": "group",
							"origin": [17, 0, 2.3],
							"color": 0,
							"children": [5, 6]
						},
						7,
						{
							"name": "group",
							"origin": [17, 0, 2.3],
							"color": 0,
							"children": [8, 9]
						}
					]
				},
				{
					"name": "group",
					"origin": [8, 8, 8],
					"color": 0,
					"children": [
						{
							"name": "group",
							"origin": [-1, 0, 2.3],
							"color": 0,
							"children": [10, 11]
						},
						{
							"name": "group",
							"origin": [8, 8, 8],
							"color": 0,
							"children": [
								{
									"name": "group",
									"origin": [-1, 0, 2.3],
									"color": 0,
									"children": [12, 13]
								},
								14
							]
						}
					]
				},
				{
					"name": "group",
					"origin": [8, 8, 8],
					"color": 0,
					"children": [15, 16, 17, 18, 19]
				}
			]
		}
	]
}