{"credit":"Made with Blockbench","texture_size":[32,32],"textures":{"0":"zenavia:bow/wardenbow","particle":"zenavia:bow/wardenbow"},"elements":[{"from":[4.75,10.75,4],"to":[6.25,16,5.25],"rotation":{"angle":0,"axis":"y","origin":[4.25,11.25,4]},"faces":{"north":{"uv":[0,6,0.75,8.75],"texture":"#0"},"east":{"uv":[1,6,1.75,8.75],"texture":"#0"},"south":{"uv":[2,6,2.75,8.75],"texture":"#0"},"west":{"uv":[3,6,3.75,8.75],"texture":"#0"},"up":{"uv":[11.75,11.75,11,11],"texture":"#0"},"down":{"uv":[12.25,0,11.5,0.75],"texture":"#0"}}},{"from":[4.12186,15.8737,4],"to":[5.62186,18.3737,5.25],"rotation":{"angle":22.5,"axis":"z","origin":[4.87186,17.7487,4.625]},"faces":{"north":{"uv":[4,11,4.75,12.25],"texture":"#0"},"east":{"uv":[5,11,5.75,12.25],"texture":"#0"},"south":{"uv":[8,11,8.75,12.25],"texture":"#0"},"west":{"uv":[9,11,9.75,12.25],"texture":"#0"},"up":{"uv":[12.25,1.75,11.5,1],"texture":"#0"},"down":{"uv":[12.25,2,11.5,2.75],"texture":"#0"}}},{"from":[3.29302,18.43026,4.5],"to":[3.79502,19.18226,4.752],"rotation":{"angle":45,"axis":"z","origin":[4.04402,19.18126,4.626]},"faces":{"north":{"uv":[10,12,10.25,12.5],"texture":"#0"},"east":{"uv":[12,10,12.25,10.5],"texture":"#0"},"south":{"uv":[10.5,12,10.75,12.5],"texture":"#0"},"west":{"uv":[12,10.5,12.25,11],"texture":"#0"},"up":{"uv":[12.75,0.75,12.5,0.5],"texture":"#0"},"down":{"uv":[12.75,1,12.5,1.25],"texture":"#0"}}},{"from":[4.29302,19.18026,4.5],"to":[4.79502,19.93226,4.752],"rotation":{"angle":45,"axis":"z","origin":[5.04402,19.93126,4.626]},"faces":{"north":{"uv":[11,12,11.25,12.5],"texture":"#0"},"east":{"uv":[12,11,12.25,11.5],"texture":"#0"},"south":{"uv":[11.5,12,11.75,12.5],"texture":"#0"},"west":{"uv":[12,11.5,12.25,12],"texture":"#0"},"up":{"uv":[12.75,1.75,12.5,1.5],"texture":"#0"},"down":{"uv":[2.25,12.5,2,12.75],"texture":"#0"}}},{"from":[3.89658,17.93382,3.9],"to":[8.39858,19.53582,5.252],"rotation":{"angle":45,"axis":"z","origin":[5.64758,18.78482,4.626]},"faces":{"north":{"uv":[8.5,3,10.75,3.75],"texture":"#0"},"east":{"uv":[11.5,5,12.25,5.75],"texture":"#0"},"south":{"uv":[8.5,4,10.75,4.75],"texture":"#0"},"west":{"uv":[6,11.5,6.75,12.25],"texture":"#0"},"up":{"uv":[2.25,9.75,0,9],"texture":"#0"},"down":{"uv":[10.25,9,8,9.75],"texture":"#0"}}},{"from":[7.05191,19.86592,3.75],"to":[8.80391,21.61792,5.502],"rotation":{"angle":-22.5,"axis":"z","origin":[7.92791,20.74192,4.626]},"faces":{"north":{"uv":[2.5,9,3.5,10],"texture":"#0"},"east":{"uv":[8,10,9,11],"texture":"#0"},"south":{"uv":[10,8,11,9],"texture":"#0"},"west":{"uv":[9,10,10,11],"texture":"#0"},"up":{"uv":[11,11,10,10],"texture":"#0"},"down":{"uv":[11.5,0,10.5,1],"texture":"#0"}}},{"from":[7.30191,5.11592,3.75],"to":[9.05391,6.86792,5.502],"rotation":{"angle":-22.5,"axis":"z","origin":[8.17791,5.99192,4.626]},"faces":{"north":{"uv":[10.5,1,11.5,2],"texture":"#0"},"east":{"uv":[10.5,2,11.5,3],"texture":"#0"},"south":{"uv":[6,10.5,7,11.5],"texture":"#0"},"west":{"uv":[7,10.5,8,11.5],"texture":"#0"},"up":{"uv":[11.5,10,10.5,9],"texture":"#0"},"down":{"uv":[1,11,0,12],"texture":"#0"}}},{"from":[8.79302,16.43026,4.65],"to":[17.79502,22.18226,4.652],"rotation":{"angle":45,"axis":"z","origin":[8.79402,18.43126,4.776]},"faces":{"north":{"uv":[0,0,4.5,3],"texture":"#0"},"east":{"uv":[0,0,0,3],"texture":"#0"},"south":{"uv":[0,3,4.5,6],"texture":"#0"},"west":{"uv":[0,0,0,3],"texture":"#0"},"up":{"uv":[4.5,0,0,0],"texture":"#0"},"down":{"uv":[4.5,0,0,0],"texture":"#0"}}},{"from":[6.84112,2.43547,4.65],"to":[14.34312,7.43747,4.652],"rotation":{"angle":-45,"axis":"z","origin":[10.59212,4.93647,4.651]},"faces":{"north":{"uv":[4.5,0,8.25,2.5],"texture":"#0"},"east":{"uv":[0,0,0,3],"texture":"#0"},"south":{"uv":[4.5,2.5,8.25,5],"texture":"#0"},"west":{"uv":[0,0,0,3],"texture":"#0"},"up":{"uv":[4.5,0,0,0],"texture":"#0"},"down":{"uv":[4.5,0,0,0],"texture":"#0"}}},{"from":[4.4194,6.95982,3.9991],"to":[8.4214,8.66182,5.2511],"rotation":{"angle":-45,"axis":"z","origin":[6.1704,7.81082,4.6251]},"faces":{"north":{"uv":[9.5,5,11.5,5.75],"texture":"#0"},"east":{"uv":[7,11.5,7.75,12.25],"texture":"#0"},"south":{"uv":[6,9.5,8,10.25],"texture":"#0"},"west":{"uv":[11.5,9,12.25,9.75],"texture":"#0"},"up":{"uv":[2,10.75,0,10],"texture":"#0"},"down":{"uv":[4,10,2,10.75],"texture":"#0"}}},{"from":[4.2499,8.2499,3.9999],"to":[5.7501,10.2501,5.2501],"rotation":{"angle":-22.5,"axis":"z","origin":[5,8.25,4.625]},"faces":{"north":{"uv":[11,4,11.75,5],"texture":"#0"},"east":{"uv":[11,8,11.75,9],"texture":"#0"},"south":{"uv":[10,11,10.75,12],"texture":"#0"},"west":{"uv":[11,10,11.75,11],"texture":"#0"},"up":{"uv":[0.75,12.75,0,12],"texture":"#0"},"down":{"uv":[1.75,12,1,12.75],"texture":"#0"}}},{"from":[4.4,15.5,3.5],"to":[6.6,16.5,5.7],"rotation":{"angle":0,"axis":"y","origin":[4.5,14.75,3.6]},"faces":{"north":{"uv":[2,12,3,12.5],"texture":"#0"},"east":{"uv":[3,12,4,12.5],"texture":"#0"},"south":{"uv":[12,3,13,3.5],"texture":"#0"},"west":{"uv":[12,3.5,13,4],"texture":"#0"},"up":{"uv":[2,12,1,11],"texture":"#0"},"down":{"uv":[3,11,2,12],"texture":"#0"}}},{"from":[4.4,9.75,3.5],"to":[6.6,10.75,5.7],"rotation":{"angle":0,"axis":"y","origin":[4.5,9,3.6]},"faces":{"north":{"uv":[12,4,13,4.5],"texture":"#0"},"east":{"uv":[12,4.5,13,5],"texture":"#0"},"south":{"uv":[12,6,13,6.5],"texture":"#0"},"west":{"uv":[12,6.5,13,7],"texture":"#0"},"up":{"uv":[4,12,3,11],"texture":"#0"},"down":{"uv":[12,3,11,4],"texture":"#0"}}},{"from":[7.9999,5.4999,4.2499],"to":[8.7501,13.5001,5.0001],"rotation":{"angle":0,"axis":"y","origin":[7.75,10,4]},"faces":{"north":{"uv":[4,6,4.5,10],"texture":"#0"},"east":{"uv":[4.5,6,5,10],"texture":"#0"},"south":{"uv":[5,6,5.5,10],"texture":"#0"},"west":{"uv":[5.5,6,6,10],"texture":"#0"},"up":{"uv":[4,9.5,3.5,9],"texture":"#0"},"down":{"uv":[4,9.5,3.5,10],"texture":"#0"}}},{"from":[8,13.5,4.25],"to":[8.75,20.25,5],"rotation":{"angle":0,"axis":"y","origin":[7.75,21,4]},"faces":{"north":{"uv":[6,6,6.5,9.5],"texture":"#0"},"east":{"uv":[6.5,6,7,9.5],"texture":"#0"},"south":{"uv":[7,6,7.5,9.5],"texture":"#0"},"west":{"uv":[7.5,6,8,9.5],"texture":"#0"},"up":{"uv":[12.5,8.5,12,8],"texture":"#0"},"down":{"uv":[12.5,8.5,12,9],"texture":"#0"}}}],"display":{"thirdperson_righthand":{"rotation":[0,-93,-4],"translation":[-3.25,-7.25,2.75]},"thirdperson_lefthand":{"rotation":[0,93,-4],"translation":[3.5,-7,3.5]},"firstperson_righthand":{"rotation":[0,-101,-9],"translation":[0,-0.5,0],"scale":[0.74,0.74,0.74]},"firstperson_lefthand":{"rotation":[0,78,22],"translation":[6,-1,0],"scale":[0.74,0.74,0.74]},"ground":{"scale":[0.76,0.76,0.76]},"gui":{"rotation":[0,0,-28],"translation":[-1.5,-5.5,0]},"fixed":{"translation":[0,-6,3.5]}}}