{"credit":"Made with Blockbench","texture_size":[32,32],"textures":{"1":"zenavia:bow/wardenbow"},"elements":[{"from":[4.75,10.75,4],"to":[6.25,16,5.25],"rotation":{"angle":0,"axis":"y","origin":[4.25,11.25,4]},"faces":{"north":{"uv":[0,6,0.75,8.75],"texture":"#1"},"east":{"uv":[1,6,1.75,8.75],"texture":"#1"},"south":{"uv":[2,6,2.75,8.75],"texture":"#1"},"west":{"uv":[3,6,3.75,8.75],"texture":"#1"},"up":{"uv":[11.75,11.75,11,11],"texture":"#1"},"down":{"uv":[12.25,0,11.5,0.75],"texture":"#1"}}},{"from":[4.37186,15.6237,4],"to":[5.87186,18.1237,5.25],"rotation":{"angle":22.5,"axis":"z","origin":[5.12186,17.4987,4.625]},"faces":{"north":{"uv":[4,11,4.75,12.25],"texture":"#1"},"east":{"uv":[5,11,5.75,12.25],"texture":"#1"},"south":{"uv":[8,11,8.75,12.25],"texture":"#1"},"west":{"uv":[9,11,9.75,12.25],"texture":"#1"},"up":{"uv":[12.25,1.75,11.5,1],"texture":"#1"},"down":{"uv":[12.25,2,11.5,2.75],"texture":"#1"}}},{"from":[3.29302,18.43026,4.5],"to":[3.79502,19.18226,4.752],"rotation":{"angle":45,"axis":"z","origin":[4.04402,19.18126,4.626]},"faces":{"north":{"uv":[10,12,10.25,12.5],"texture":"#1"},"east":{"uv":[12,10,12.25,10.5],"texture":"#1"},"south":{"uv":[10.5,12,10.75,12.5],"texture":"#1"},"west":{"uv":[12,10.5,12.25,11],"texture":"#1"},"up":{"uv":[12.75,0.75,12.5,0.5],"texture":"#1"},"down":{"uv":[12.75,1,12.5,1.25],"texture":"#1"}}},{"from":[4.29302,19.18026,4.5],"to":[4.79502,19.93226,4.752],"rotation":{"angle":45,"axis":"z","origin":[5.04402,19.93126,4.626]},"faces":{"north":{"uv":[11,12,11.25,12.5],"texture":"#1"},"east":{"uv":[12,11,12.25,11.5],"texture":"#1"},"south":{"uv":[11.5,12,11.75,12.5],"texture":"#1"},"west":{"uv":[12,11.5,12.25,12],"texture":"#1"},"up":{"uv":[12.75,1.75,12.5,1.5],"texture":"#1"},"down":{"uv":[2.25,12.5,2,12.75],"texture":"#1"}}},{"from":[4.39658,17.68382,3.9],"to":[8.89858,19.28582,5.252],"rotation":{"angle":45,"axis":"z","origin":[6.14758,18.53482,4.626]},"faces":{"north":{"uv":[8.5,3,10.75,3.75],"texture":"#1"},"east":{"uv":[11.5,5,12.25,5.75],"texture":"#1"},"south":{"uv":[8.5,4,10.75,4.75],"texture":"#1"},"west":{"uv":[6,11.5,6.75,12.25],"texture":"#1"},"up":{"uv":[2.25,9.75,0,9],"texture":"#1"},"down":{"uv":[10.25,9,8,9.75],"texture":"#1"}}},{"from":[7.30191,19.36592,3.75],"to":[9.05391,21.11792,5.502],"rotation":{"angle":-22.5,"axis":"z","origin":[8.17791,20.24192,4.626]},"faces":{"north":{"uv":[2.5,9,3.5,10],"texture":"#1"},"east":{"uv":[8,10,9,11],"texture":"#1"},"south":{"uv":[10,8,11,9],"texture":"#1"},"west":{"uv":[9,10,10,11],"texture":"#1"},"up":{"uv":[11,11,10,10],"texture":"#1"},"down":{"uv":[11.5,0,10.5,1],"texture":"#1"}}},{"from":[7.30191,5.61592,3.75],"to":[9.05391,7.36792,5.502],"rotation":{"angle":-22.5,"axis":"z","origin":[8.17791,6.49192,4.626]},"faces":{"north":{"uv":[10.5,1,11.5,2],"texture":"#1"},"east":{"uv":[10.5,2,11.5,3],"texture":"#1"},"south":{"uv":[6,10.5,7,11.5],"texture":"#1"},"west":{"uv":[7,10.5,8,11.5],"texture":"#1"},"up":{"uv":[11.5,10,10.5,9],"texture":"#1"},"down":{"uv":[1,11,0,12],"texture":"#1"}}},{"from":[7.35628,18.85596,4.65],"to":[16.35828,24.60796,4.652],"rotation":{"angle":45,"axis":"z","origin":[11.85728,21.73196,4.651]},"faces":{"north":{"uv":[0,0,4.5,3],"texture":"#1"},"east":{"uv":[0,0,0,3],"texture":"#1"},"south":{"uv":[0,3,4.5,6],"texture":"#1"},"west":{"uv":[0,0,0,3],"texture":"#1"},"up":{"uv":[4.5,0,0,0],"texture":"#1"},"down":{"uv":[4.5,0,0,0],"texture":"#1"}}},{"from":[6.84112,2.93547,4.65],"to":[14.34312,7.93747,4.652],"rotation":{"angle":-45,"axis":"z","origin":[10.59212,5.43647,4.651]},"faces":{"north":{"uv":[4.5,0,8.25,2.5],"texture":"#1"},"east":{"uv":[0,0,0,3],"texture":"#1"},"south":{"uv":[4.5,2.5,8.25,5],"texture":"#1"},"west":{"uv":[0,0,0,3],"texture":"#1"},"up":{"uv":[4.5,0,0,0],"texture":"#1"},"down":{"uv":[4.5,0,0,0],"texture":"#1"}}},{"from":[4.4194,7.20982,3.9991],"to":[8.4214,8.91182,5.2511],"rotation":{"angle":-45,"axis":"z","origin":[6.1704,8.06082,4.6251]},"faces":{"north":{"uv":[9.5,5,11.5,5.75],"texture":"#1"},"east":{"uv":[7,11.5,7.75,12.25],"texture":"#1"},"south":{"uv":[6,9.5,8,10.25],"texture":"#1"},"west":{"uv":[11.5,9,12.25,9.75],"texture":"#1"},"up":{"uv":[2,10.75,0,10],"texture":"#1"},"down":{"uv":[4,10,2,10.75],"texture":"#1"}}},{"from":[4.2499,8.4999,3.9999],"to":[5.7501,10.5001,5.2501],"rotation":{"angle":-22.5,"axis":"z","origin":[5,8.5,4.625]},"faces":{"north":{"uv":[11,4,11.75,5],"texture":"#1"},"east":{"uv":[11,8,11.75,9],"texture":"#1"},"south":{"uv":[10,11,10.75,12],"texture":"#1"},"west":{"uv":[11,10,11.75,11],"texture":"#1"},"up":{"uv":[0.75,12.75,0,12],"texture":"#1"},"down":{"uv":[1.75,12,1,12.75],"texture":"#1"}}},{"from":[4.4,15.5,3.5],"to":[6.6,16.5,5.7],"rotation":{"angle":0,"axis":"y","origin":[4.5,14.75,3.6]},"faces":{"north":{"uv":[2,12,3,12.5],"texture":"#1"},"east":{"uv":[3,12,4,12.5],"texture":"#1"},"south":{"uv":[12,3,13,3.5],"texture":"#1"},"west":{"uv":[12,3.5,13,4],"texture":"#1"},"up":{"uv":[2,12,1,11],"texture":"#1"},"down":{"uv":[3,11,2,12],"texture":"#1"}}},{"from":[4.4,9.75,3.5],"to":[6.6,10.75,5.7],"rotation":{"angle":0,"axis":"y","origin":[4.5,9,3.6]},"faces":{"north":{"uv":[12,4,13,4.5],"texture":"#1"},"east":{"uv":[12,4.5,13,5],"texture":"#1"},"south":{"uv":[12,6,13,6.5],"texture":"#1"},"west":{"uv":[12,6.5,13,7],"texture":"#1"},"up":{"uv":[4,12,3,11],"texture":"#1"},"down":{"uv":[12,3,11,4],"texture":"#1"}}},{"from":[11.4999,5.4999,4.2499],"to":[12.2501,14.5001,5.0001],"rotation":{"angle":-45,"axis":"z","origin":[11.875,9.5,4.625]},"faces":{"north":{"uv":[4,6,4.5,10],"texture":"#1"},"east":{"uv":[4.5,6,5,10],"texture":"#1"},"south":{"uv":[5,6,5.5,10],"texture":"#1"},"west":{"uv":[5.5,6,6,10],"texture":"#1"},"up":{"uv":[4,9.5,3.5,9],"texture":"#1"},"down":{"uv":[4,9.5,3.5,10],"texture":"#1"}}},{"from":[10.75,11,4.25],"to":[11.5,21.25,5],"rotation":{"angle":45,"axis":"z","origin":[11.125,17.375,4.625]},"faces":{"north":{"uv":[6,6,6.5,9.5],"texture":"#1"},"east":{"uv":[6.5,6,7,9.5],"texture":"#1"},"south":{"uv":[7,6,7.5,9.5],"texture":"#1"},"west":{"uv":[7.5,6,8,9.5],"texture":"#1"},"up":{"uv":[12.5,8.5,12,8],"texture":"#1"},"down":{"uv":[12.5,8.5,12,9],"texture":"#1"}}},{"from":[2.25,13.25,3.6],"to":[5.5,13.25,5.6],"rotation":{"angle":0,"axis":"y","origin":[3.875,13.25,4.6]},"faces":{"north":{"uv":[0,0,1.75,0],"texture":"#1"},"east":{"uv":[0,0,1,0],"texture":"#1"},"south":{"uv":[0,0,1.75,0],"texture":"#1"},"west":{"uv":[0,0,1,0],"texture":"#1"},"up":{"uv":[9.75,7,8,6],"texture":"#1"},"down":{"uv":[9.75,7,8,8],"texture":"#1"}}},{"from":[4.5,12.75,4.3],"to":[14,13.5,4.95],"rotation":{"angle":0,"axis":"y","origin":[5.5,12,3.75]},"faces":{"north":{"uv":[4.5,5,9.25,5.5],"texture":"#1"},"east":{"uv":[12,12,12.25,12.5],"texture":"#1"},"south":{"uv":[4.5,5.5,9.25,6],"texture":"#1"},"west":{"uv":[12.5,0,12.75,0.5],"texture":"#1"},"up":{"uv":[14.75,7.25,10,7],"texture":"#1"},"down":{"uv":[14.75,7.5,10,7.75],"texture":"#1"}}},{"from":[14,12.5,4.45],"to":[17.25,14,4.45],"rotation":{"angle":-45,"axis":"x","origin":[15.625,13.25,4.45]},"faces":{"north":{"uv":[4,10,5.75,10.75],"texture":"#1"},"east":{"uv":[0,0,0,0.75],"texture":"#1"},"south":{"uv":[10,6,11.75,6.75],"texture":"#1"},"west":{"uv":[0,0,0,0.75],"texture":"#1"},"up":{"uv":[1.75,0,0,0],"texture":"#1"},"down":{"uv":[1.75,0,0,0],"texture":"#1"}}},{"from":[14,12.25,4.45],"to":[17.25,14.25,4.45],"rotation":{"angle":45,"axis":"x","origin":[15.625,13.25,4.45]},"faces":{"north":{"uv":[8,8,9.75,9],"texture":"#1"},"east":{"uv":[0,0,0,1],"texture":"#1"},"south":{"uv":[8.5,0,10.25,1],"texture":"#1"},"west":{"uv":[0,0,0,1],"texture":"#1"},"up":{"uv":[1.75,0,0,0],"texture":"#1"},"down":{"uv":[1.75,0,0,0],"texture":"#1"}}},{"from":[1.75,12.25,4.6],"to":[5,14.25,4.6],"rotation":{"angle":0,"axis":"y","origin":[3.375,13.25,4.6]},"faces":{"north":{"uv":[8.5,1,10.25,2],"texture":"#1"},"east":{"uv":[0,0,0,1],"texture":"#1"},"south":{"uv":[8.5,2,10.25,3],"texture":"#1"},"west":{"uv":[0,0,0,1],"texture":"#1"},"up":{"uv":[1.75,0,0,0],"texture":"#1"},"down":{"uv":[1.75,0,0,0],"texture":"#1"}}}],"display":{"thirdperson_righthand":{"rotation":[0,-93,-4],"translation":[-3.25,-7.25,2.75]},"thirdperson_lefthand":{"rotation":[0,93,-4],"translation":[3.5,-7,3.5]},"firstperson_righthand":{"rotation":[0,-101,-9],"translation":[0,-0.5,0],"scale":[0.74,0.74,0.74]},"firstperson_lefthand":{"rotation":[0,78,22],"translation":[6,-1,0],"scale":[0.74,0.74,0.74]},"ground":{"scale":[0.76,0.76,0.76]},"gui":{"rotation":[0,0,-28],"translation":[-1.5,-5.5,0]},"fixed":{"translation":[0,-6,3.5]}},"groups":[{"name":"group","origin":[4.5,9,3.6],"color":0,"children":[0,1,2,3,4,5,6,7,8,9,10,11,12,13,14,{"name":"group","origin":[-0.375,13.25,4.7],"color":0,"children":[15,16,17,18,19]}]}]}
