{
	"credit": "Made with Blockbench",
	"texture_size": [64, 64],
	"textures": {
		"1": "zenavia:bow/winter_bow"
	},
	"elements": [
		{
			"from": [5, 0, 6],
			"to": [11, 1, 7],
			"rotation": {"angle": 0, "axis": "y", "origin": [7, 0, 6]},
			"faces": {
				"north": {"uv": [5.75, 1.5, 7.25, 1.75], "texture": "#1"},
				"east": {"uv": [7, 3.75, 7.25, 4], "texture": "#1"},
				"south": {"uv": [5.75, 1.75, 7.25, 2], "texture": "#1"},
				"west": {"uv": [7, 6.25, 7.25, 6.5], "texture": "#1"},
				"up": {"uv": [7, 6, 5.5, 5.75], "texture": "#1"},
				"down": {"uv": [1.5, 6, 0, 6.25], "texture": "#1"}
			}
		},
		{
			"from": [4.5, -0.25, 5.5],
			"to": [5.5, 1.25, 7.25],
			"rotation": {"angle": 0, "axis": "y", "origin": [5.5, 0, 6]},
			"faces": {
				"north": {"uv": [4, 7, 4.25, 7.5], "texture": "#1"},
				"east": {"uv": [2.5, 6.5, 3, 7], "texture": "#1"},
				"south": {"uv": [4.25, 7, 4.5, 7.5], "texture": "#1"},
				"west": {"uv": [3, 6.5, 3.5, 7], "texture": "#1"},
				"up": {"uv": [4.75, 7.5, 4.5, 7], "texture": "#1"},
				"down": {"uv": [5, 7, 4.75, 7.5], "texture": "#1"}
			}
		},
		{
			"from": [10.5, -0.25, 5.5],
			"to": [11.5, 1.25, 7.25],
			"rotation": {"angle": 0, "axis": "y", "origin": [10.5, 0, 6]},
			"faces": {
				"north": {"uv": [5.5, 7, 5.75, 7.5], "texture": "#1"},
				"east": {"uv": [3.5, 6.5, 4, 7], "texture": "#1"},
				"south": {"uv": [5.75, 7, 6, 7.5], "texture": "#1"},
				"west": {"uv": [4, 6.5, 4.5, 7], "texture": "#1"},
				"up": {"uv": [7.25, 6.25, 7, 5.75], "texture": "#1"},
				"down": {"uv": [6.25, 7, 6, 7.5], "texture": "#1"}
			}
		},
		{
			"from": [10.53849, 0, 3.72016],
			"to": [14.53849, 1, 4.72016],
			"rotation": {"angle": 22.5, "axis": "y", "origin": [16.5, 0, 4.7]},
			"faces": {
				"north": {"uv": [5.5, 6.5, 6.5, 6.75], "texture": "#1"},
				"east": {"uv": [1, 7.25, 1.25, 7.5], "texture": "#1"},
				"south": {"uv": [6.5, 6.5, 7.5, 6.75], "texture": "#1"},
				"west": {"uv": [1.25, 7.25, 1.5, 7.5], "texture": "#1"},
				"up": {"uv": [1, 7, 0, 6.75], "texture": "#1"},
				"down": {"uv": [6.5, 6.75, 5.5, 7], "texture": "#1"}
			}
		},
		{
			"from": [13.6, 0, 5.2],
			"to": [14.6, 1, 11.2],
			"rotation": {"angle": 22.5, "axis": "y", "origin": [13.6, 0, 5.2]},
			"faces": {
				"north": {"uv": [3.25, 7.25, 3, 7.5], "texture": "#1"},
				"east": {"uv": [1.5, 6.5, 0, 6.75], "texture": "#1"},
				"south": {"uv": [3.5, 7.25, 3.25, 7.5], "texture": "#1"},
				"west": {"uv": [7, 6.25, 5.5, 6.5], "texture": "#1"},
				"up": {"uv": [2, 8, 2.25, 6.5], "texture": "#1"},
				"down": {"uv": [2.25, 6.5, 2.5, 8], "texture": "#1"}
			}
		},
		{
			"from": [13.75, -0.25, 4.5],
			"to": [14.75, 1.25, 6.25],
			"rotation": {"angle": 0, "axis": "y", "origin": [13.75, 0, 5]},
			"faces": {
				"north": {"uv": [6.25, 7, 6.5, 7.5], "texture": "#1"},
				"east": {"uv": [4.5, 6.5, 5, 7], "texture": "#1"},
				"south": {"uv": [6.5, 7, 6.75, 7.5], "texture": "#1"},
				"west": {"uv": [1, 6.75, 1.5, 7.25], "texture": "#1"},
				"up": {"uv": [7, 7.5, 6.75, 7], "texture": "#1"},
				"down": {"uv": [7.25, 7, 7, 7.5], "texture": "#1"}
			}
		},
		{
			"from": [12.6, 0.5, 5.2],
			"to": [18.6, 0.5, 14.2],
			"rotation": {"angle": 22.5, "axis": "y", "origin": [13.6, 0.5, 5.2]},
			"faces": {
				"north": {"uv": [1.5, 0, 0, 0], "texture": "#1"},
				"east": {"uv": [2.25, 0, 0, 0], "texture": "#1"},
				"south": {"uv": [1.5, 0, 0, 0], "texture": "#1"},
				"west": {"uv": [2.25, 0, 0, 0], "texture": "#1"},
				"up": {"uv": [2, 6.5, 3.5, 4.25], "texture": "#1"},
				"down": {"uv": [2, 4.25, 3.5, 6.5], "texture": "#1"}
			}
		},
		{
			"from": [10.53849, 0.4, 1.72016],
			"to": [18.53849, 0.6, 5.72016],
			"rotation": {"angle": 22.5, "axis": "y", "origin": [16.5, 0.5, 4.7]},
			"faces": {
				"north": {"uv": [0, 5.75, 2, 6], "texture": "#1"},
				"east": {"uv": [6.5, 6.75, 7.5, 7], "texture": "#1"},
				"south": {"uv": [5.75, 0.75, 7.75, 1], "texture": "#1"},
				"west": {"uv": [0, 7, 1, 7.25], "texture": "#1"},
				"up": {"uv": [5.75, 1, 3.75, 0], "texture": "#1"},
				"down": {"uv": [5.75, 0, 3.75, 1], "texture": "#1"}
			}
		},
		{
			"from": [1.25, -0.25, 4.5],
			"to": [2.25, 1.25, 6.25],
			"rotation": {"angle": 0, "axis": "y", "origin": [2.25, 0, 5]},
			"faces": {
				"north": {"uv": [0, 7.25, 0.25, 7.75], "texture": "#1"},
				"east": {"uv": [7, 2, 7.5, 2.5], "texture": "#1"},
				"south": {"uv": [0.25, 7.25, 0.5, 7.75], "texture": "#1"},
				"west": {"uv": [2.5, 7, 3, 7.5], "texture": "#1"},
				"up": {"uv": [0.75, 7.75, 0.5, 7.25], "texture": "#1"},
				"down": {"uv": [1, 7.25, 0.75, 7.75], "texture": "#1"}
			}
		},
		{
			"from": [1.4, 0, 5.2],
			"to": [2.4, 1, 11.2],
			"rotation": {"angle": -22.5, "axis": "y", "origin": [2.4, 0, 5.2]},
			"faces": {
				"north": {"uv": [3, 7.25, 3.25, 7.5], "texture": "#1"},
				"east": {"uv": [5.5, 6.25, 7, 6.5], "texture": "#1"},
				"south": {"uv": [3.25, 7.25, 3.5, 7.5], "texture": "#1"},
				"west": {"uv": [0, 6.5, 1.5, 6.75], "texture": "#1"},
				"up": {"uv": [2.25, 8, 2, 6.5], "texture": "#1"},
				"down": {"uv": [2.5, 6.5, 2.25, 8], "texture": "#1"}
			}
		},
		{
			"from": [-2.6, 0.5, 5.2],
			"to": [3.4, 0.5, 14.2],
			"rotation": {"angle": -22.5, "axis": "y", "origin": [2.4, 0.5, 5.2]},
			"faces": {
				"north": {"uv": [0, 0, 1.5, 0], "texture": "#1"},
				"east": {"uv": [0, 0, 2.25, 0], "texture": "#1"},
				"south": {"uv": [0, 0, 1.5, 0], "texture": "#1"},
				"west": {"uv": [0, 0, 2.25, 0], "texture": "#1"},
				"up": {"uv": [3.5, 6.5, 2, 4.25], "texture": "#1"},
				"down": {"uv": [3.5, 4.25, 2, 6.5], "texture": "#1"}
			}
		},
		{
			"from": [1.46151, 0, 3.72016],
			"to": [5.46151, 1, 4.72016],
			"rotation": {"angle": -22.5, "axis": "y", "origin": [-0.5, 0, 4.7]},
			"faces": {
				"north": {"uv": [7, 2.5, 8, 2.75], "texture": "#1"},
				"east": {"uv": [3.5, 7.25, 3.75, 7.5], "texture": "#1"},
				"south": {"uv": [7, 2.75, 8, 3], "texture": "#1"},
				"west": {"uv": [3.75, 7.25, 4, 7.5], "texture": "#1"},
				"up": {"uv": [4, 7.25, 3, 7], "texture": "#1"},
				"down": {"uv": [8, 3, 7, 3.25], "texture": "#1"}
			}
		},
		{
			"from": [-2.53849, 0.4, 1.72016],
			"to": [5.46151, 0.6, 5.72016],
			"rotation": {"angle": -22.5, "axis": "y", "origin": [-0.5, 0.5, 4.7]},
			"faces": {
				"north": {"uv": [5.75, 1, 7.75, 1.25], "texture": "#1"},
				"east": {"uv": [7, 3.25, 8, 3.5], "texture": "#1"},
				"south": {"uv": [5.75, 1.25, 7.75, 1.5], "texture": "#1"},
				"west": {"uv": [7, 3.5, 8, 3.75], "texture": "#1"},
				"up": {"uv": [7, 3, 5, 2], "texture": "#1"},
				"down": {"uv": [3.75, 0, 5.75, 1], "texture": "#1"}
			}
		},
		{
			"from": [-0.35, 0.35, 11],
			"to": [8.65, 0.55, 11.2],
			"rotation": {"angle": -22.5, "axis": "y", "origin": [1.65, 0.35, 11]},
			"faces": {
				"north": {"uv": [8, 5.5, 5.5, 5.75], "texture": "#1"},
				"east": {"uv": [7.5, 5.75, 7.25, 6], "texture": "#1"},
				"south": {"uv": [8.25, 0, 5.75, 0.25], "texture": "#1"},
				"west": {"uv": [5.5, 7.25, 5.25, 7.5], "texture": "#1"},
				"up": {"uv": [5.75, 0.5, 8.25, 0.25], "texture": "#1"},
				"down": {"uv": [5.75, 0.5, 8.25, 0.75], "texture": "#1"}
			}
		},
		{
			"from": [7.35, 0.35, 11],
			"to": [16.35, 0.55, 11.2],
			"rotation": {"angle": 22.5, "axis": "y", "origin": [14.35, 0.35, 11]},
			"faces": {
				"north": {"uv": [5.5, 5.5, 8, 5.75], "texture": "#1"},
				"east": {"uv": [5.25, 7.25, 5.5, 7.5], "texture": "#1"},
				"south": {"uv": [5.75, 0, 8.25, 0.25], "texture": "#1"},
				"west": {"uv": [7.25, 5.75, 7.5, 6], "texture": "#1"},
				"up": {"uv": [8.25, 0.5, 5.75, 0.25], "texture": "#1"},
				"down": {"uv": [8.25, 0.5, 5.75, 0.75], "texture": "#1"}
			}
		},
		{
			"from": [8, 0.25, 1.5],
			"to": [8.5, 0.75, 12.5],
			"rotation": {"angle": 0, "axis": "y", "origin": [7, 0.25, 11.5]},
			"faces": {
				"north": {"uv": [7.25, 6, 7.5, 6.25], "texture": "#1"},
				"east": {"uv": [5, 4, 7.75, 4.25], "texture": "#1"},
				"south": {"uv": [7.25, 6.25, 7.5, 6.5], "texture": "#1"},
				"west": {"uv": [5, 4.25, 7.75, 4.5], "texture": "#1"},
				"up": {"uv": [5.25, 7.25, 5, 4.5], "texture": "#1"},
				"down": {"uv": [5.5, 4.5, 5.25, 7.25], "texture": "#1"}
			}
		},
		{
			"from": [8.25, -1.5, -0.5],
			"to": [8.25, 2.5, 14.5],
			"rotation": {"angle": 0, "axis": "y", "origin": [7.25, 0.5, 11.5]},
			"faces": {
				"north": {"uv": [0, 0, 0, 1], "texture": "#1"},
				"east": {"uv": [0, 0, 3.75, 1], "texture": "#1"},
				"south": {"uv": [0, 0, 0, 1], "texture": "#1"},
				"west": {"uv": [3.75, 0, 0, 1], "texture": "#1"},
				"up": {"uv": [0, 3.75, 0, 0], "texture": "#1"},
				"down": {"uv": [0, 0, 0, 3.75], "texture": "#1"}
			}
		},
		{
			"from": [6.25, 0.5, -0.5],
			"to": [10.25, 0.5, 14.5],
			"rotation": {"angle": 0, "axis": "y", "origin": [6.25, 1.5, 11.5]},
			"faces": {
				"north": {"uv": [0, 0, 1, 0], "texture": "#1"},
				"east": {"uv": [0, 0, 3.75, 0], "texture": "#1"},
				"south": {"uv": [0, 0, 1, 0], "texture": "#1"},
				"west": {"uv": [0, 0, 3.75, 0], "texture": "#1"},
				"up": {"uv": [3.75, 1, 0, 0], "rotation": 90, "texture": "#1"},
				"down": {"uv": [0, 1, 3.75, 0], "rotation": 90, "texture": "#1"}
			}
		}
	],
	"display": {
		"thirdperson_righthand": {
			"rotation": [0, -14, 101],
			"translation": [-7.5, -3.25, -0.5]
		},
		"thirdperson_lefthand": {
			"rotation": [0, -14, 101],
			"translation": [-7.5, -3.25, -0.5]
		},
		"firstperson_righthand": {
			"rotation": [0, -14, -80],
			"translation": [6.5, 7, 4],
			"scale": [0.8, 0.8, 0.8]
		},
		"firstperson_lefthand": {
			"rotation": [0, 14, 80],
			"translation": [-6.25, 7, 4],
			"scale": [0.8, 0.8, 0.8]
		},
		"ground": {
			"translation": [0, 4.75, 0]
		},
		"gui": {
			"rotation": [126.2, 32.36, -67.25],
			"translation": [4.5, 1, 0],
			"scale": [0.7, 0.7, 0.7]
		}
	},
	"groups": [
		{
			"name": "group",
			"origin": [8, 8, 8],
			"color": 0,
			"children": [
				{
					"name": "group",
					"origin": [8, 8, 8],
					"color": 0,
					"children": [
						{
							"name": "middle",
							"origin": [10.5, 0, 6],
							"color": 0,
							"children": [0, 1, 2]
						},
						{
							"name": "left",
							"origin": [8, 8, 8],
							"color": 0,
							"children": [3, 4, 5, 6, 7]
						},
						{
							"name": "right",
							"origin": [8, 8, 8],
							"color": 0,
							"children": [8, 9, 10, 11, 12]
						},
						13,
						14,
						{
							"name": "arrow",
							"origin": [8, 8, 8],
							"color": 0,
							"children": [15, 16, 17]
						}
					]
				}
			]
		}
	]
}