{"credit":"Made with corail","texture_size":[64,64],"textures":{"0":"zenavia:hat/axolotl_mask","particle":"zenavia:hat/axolotl_mask"},"elements":[{"from":[3,0,0],"to":[13,10,2],"rotation":{"angle":0,"axis":"y","origin":[-3,0,0]},"faces":{"north":{"uv":[0,3.25,2.5,5.75],"texture":"#0"},"east":{"uv":[7.5,2.5,8,5],"texture":"#0"},"south":{"uv":[0,3.25,2.5,5.75],"texture":"#0"},"west":{"uv":[5,7.5,5.5,10],"texture":"#0"},"up":{"uv":[10,5.5,7.5,5],"texture":"#0"},"down":{"uv":[8,7.5,5.5,8],"texture":"#0"}}},{"from":[3,0,2],"to":[13,10,12],"rotation":{"angle":0,"axis":"y","origin":[3,0,2]},"faces":{"north":{"uv":[4,0,6.5,2.5],"texture":"#0"},"east":{"uv":[0,5.75,2.5,8.25],"texture":"#0"},"south":{"uv":[0,5.75,2.5,8.25],"texture":"#0"},"west":{"uv":[0,5.75,2.5,8.25],"texture":"#0"},"up":{"uv":[5,8.25,2.5,5.75],"texture":"#0"},"down":{"uv":[9,0,6.5,2.5],"texture":"#0"}}},{"from":[0,0,1],"to":[16,13,1],"faces":{"north":{"uv":[0,0,4,3.25],"texture":"#0"},"east":{"uv":[0,0,0,3.25],"texture":"#0"},"south":{"uv":[0,0,4,3.25],"texture":"#0"},"west":{"uv":[0,0,0,3.25],"texture":"#0"},"up":{"uv":[4,0,0,0],"texture":"#0"},"down":{"uv":[4,0,0,0],"texture":"#0"}}}],"display":{"head":{"translation":[0,5.5,1.75],"scale":[1.53125,1.53125,1.375]}}}