{"credit":"Made with Blockbench","texture_size":[32,32],"textures":{"0":"zenavia:hat/beret","particle":"zenavia:hat/beret"},"elements":[{"from":[3,3,4],"to":[11,5,12],"rotation":{"angle":0,"axis":"y","origin":[3,-3,4]},"faces":{"north":{"uv":[9,4.5,13,5.5],"texture":"#0"},"east":{"uv":[9,5.5,13,6.5],"texture":"#0"},"south":{"uv":[9,6.5,13,7.5],"texture":"#0"},"west":{"uv":[5,9.5,9,10.5],"texture":"#0"},"up":{"uv":[9,4,5,0],"texture":"#0"},"down":{"uv":[9,4,5,8],"texture":"#0"}}},{"from":[10,4,8],"to":[11,9,8],"rotation":{"angle":22.5,"axis":"z","origin":[5.2,-2,3.5]},"faces":{"north":{"uv":[9,9.5,9.5,12],"texture":"#0"},"east":{"uv":[0,0,0,2.5],"texture":"#0"},"south":{"uv":[9.5,9.5,10,12],"texture":"#0"},"west":{"uv":[0,0,0,2.5],"texture":"#0"},"up":{"uv":[0.5,0,0,0],"texture":"#0"},"down":{"uv":[0.5,0,0,0],"texture":"#0"}}},{"from":[2,5,3],"to":[12,8,13],"rotation":{"angle":0,"axis":"y","origin":[3,-1,4]},"faces":{"north":{"uv":[5,8,10,9.5],"texture":"#0"},"east":{"uv":[9,0,14,1.5],"texture":"#0"},"south":{"uv":[9,1.5,14,3],"texture":"#0"},"west":{"uv":[9,3,14,4.5],"texture":"#0"},"up":{"uv":[5,5,0,0],"texture":"#0"},"down":{"uv":[5,5,0,10],"texture":"#0"}}}],"display":{"gui":{"rotation":[16,35.25,0],"translation":[0.75,1.5,0]},"head":{"rotation":[2.16,-5.71,-7.45],"translation":[3.05,13.75,0.75],"scale":[2.0307,2.0307,2.0307]}}}