{"credit":"Made with Blockbench","texture_size":[32,32],"textures":{"0":"zenavia:hat/gas_mask","particle":"zenavia:hat/gas_mask"},"elements":[{"from":[5,3.5,1],"to":[8,6.5,2],"rotation":{"angle":22.5,"axis":"z","origin":[6,2.5,0]},"faces":{"north":{"uv":[0,11,1.5,12.5],"texture":"#0"},"east":{"uv":[6,14,6.5,15.5],"texture":"#0"},"south":{"uv":[11,0,12.5,1.5],"texture":"#0"},"west":{"uv":[14,6,14.5,7.5],"texture":"#0"},"up":{"uv":[15.5,5.5,14,5],"texture":"#0"},"down":{"uv":[15.5,7.5,14,8],"texture":"#0"}}},{"from":[4.5,1,2.6],"to":[11.5,4,4.6],"rotation":{"angle":-22.5,"axis":"x","origin":[4.6,0,2.6]},"faces":{"north":{"uv":[4.5,6,8,7.5],"texture":"#0"},"east":{"uv":[12.5,10.5,13.5,12],"texture":"#0"},"south":{"uv":[4.5,7.5,8,9],"texture":"#0"},"west":{"uv":[11,12.5,12,14],"texture":"#0"},"up":{"uv":[11.5,11,8,10],"texture":"#0"},"down":{"uv":[13.5,8,10,9],"texture":"#0"}}},{"from":[4,-0.5,3],"to":[7,2.5,6],"rotation":{"angle":45,"axis":"y","origin":[2.1,-1.5,5]},"faces":{"north":{"uv":[1.5,11,3,12.5],"texture":"#0"},"east":{"uv":[11,1.5,12.5,3],"texture":"#0"},"south":{"uv":[3,11,4.5,12.5],"texture":"#0"},"west":{"uv":[4.5,11,6,12.5],"texture":"#0"},"up":{"uv":[9.5,12.5,8,11],"texture":"#0"},"down":{"uv":[11,11,9.5,12.5],"texture":"#0"}}},{"from":[3.5,-1,2],"to":[7.5,3,3],"rotation":{"angle":45,"axis":"y","origin":[2.1,-1.5,5]},"faces":{"north":{"uv":[8,7,10,9],"texture":"#0"},"east":{"uv":[13.5,8,14,10],"texture":"#0"},"south":{"uv":[0,9,2,11],"texture":"#0"},"west":{"uv":[13.5,10,14,12],"texture":"#0"},"up":{"uv":[15,6,13,5.5],"texture":"#0"},"down":{"uv":[15.5,12,13.5,12.5],"texture":"#0"}}},{"from":[6.5,1,0.6],"to":[9.5,4,2.6],"rotation":{"angle":-22.5,"axis":"x","origin":[4.6,0,2.6]},"faces":{"north":{"uv":[11,11,12.5,12.5],"texture":"#0"},"east":{"uv":[12,12.5,13,14],"texture":"#0"},"south":{"uv":[12,9,13.5,10.5],"texture":"#0"},"west":{"uv":[13,4,14,5.5],"texture":"#0"},"up":{"uv":[14,7,12.5,6],"texture":"#0"},"down":{"uv":[7.5,13,6,14],"texture":"#0"}}},{"from":[6,0.5,-0.4],"to":[10,4.5,0.6],"rotation":{"angle":-22.5,"axis":"x","origin":[4.5,0,2.6]},"faces":{"north":{"uv":[9,0,11,2],"texture":"#0"},"east":{"uv":[13.5,12.5,14,14.5],"texture":"#0"},"south":{"uv":[2,9,4,11],"texture":"#0"},"west":{"uv":[0,14,0.5,16],"texture":"#0"},"up":{"uv":[16,0.5,14,0],"texture":"#0"},"down":{"uv":[2.5,14,0.5,14.5],"texture":"#0"}}},{"from":[8.5,-1,2],"to":[12.5,3,3],"rotation":{"angle":-45,"axis":"y","origin":[13.9,-1.5,5]},"faces":{"north":{"uv":[9,2,11,4],"texture":"#0"},"east":{"uv":[14,0.5,14.5,2.5],"texture":"#0"},"south":{"uv":[4,9,6,11],"texture":"#0"},"west":{"uv":[2.5,14,3,16],"texture":"#0"},"up":{"uv":[16,3,14,2.5],"texture":"#0"},"down":{"uv":[5,14,3,14.5],"texture":"#0"}}},{"from":[9,-0.5,3],"to":[12,2.5,6],"rotation":{"angle":-45,"axis":"y","origin":[13.9,-1.5,5]},"faces":{"north":{"uv":[0,12.5,1.5,14],"texture":"#0"},"east":{"uv":[12.5,0,14,1.5],"texture":"#0"},"south":{"uv":[1.5,12.5,3,14],"texture":"#0"},"west":{"uv":[12.5,1.5,14,3],"texture":"#0"},"up":{"uv":[4.5,14,3,12.5],"texture":"#0"},"down":{"uv":[6,12.5,4.5,14],"texture":"#0"}}},{"from":[3.5,2,2],"to":[12.5,8,3],"rotation":{"angle":0,"axis":"y","origin":[11.5,4,1]},"faces":{"north":{"uv":[4.5,0,9,3],"texture":"#0"},"east":{"uv":[7.5,13,8,16],"texture":"#0"},"south":{"uv":[4.5,3,9,6],"texture":"#0"},"west":{"uv":[13,12,13.5,15],"texture":"#0"},"up":{"uv":[15.5,3.5,11,3],"texture":"#0"},"down":{"uv":[15.5,3.5,11,4],"texture":"#0"}}},{"from":[7,6,3],"to":[9,8,11],"rotation":{"angle":0,"axis":"z","origin":[7,4,2]},"faces":{"north":{"uv":[14,4,15,5],"texture":"#0"},"east":{"uv":[9,4,13,5],"texture":"#0"},"south":{"uv":[5,14,6,15],"texture":"#0"},"west":{"uv":[9,5,13,6],"texture":"#0"},"up":{"uv":[7,13,6,9],"texture":"#0"},"down":{"uv":[8,9,7,13],"texture":"#0"}}},{"from":[3.5,4,3],"to":[12.5,6,11],"rotation":{"angle":0,"axis":"y","origin":[11.5,4,2]},"faces":{"north":{"uv":[0,8,4.5,9],"texture":"#0"},"east":{"uv":[8,9,12,10],"texture":"#0"},"south":{"uv":[8,6,12.5,7],"texture":"#0"},"west":{"uv":[10,7,14,8],"texture":"#0"},"up":{"uv":[4.5,4,0,0],"texture":"#0"},"down":{"uv":[4.5,4,0,8],"texture":"#0"}}},{"from":[8,3.5,1],"to":[11,6.5,2],"rotation":{"angle":-22.5,"axis":"z","origin":[10,2.5,0]},"faces":{"north":{"uv":[8,12.5,9.5,14],"texture":"#0"},"east":{"uv":[6.5,14,7,15.5],"texture":"#0"},"south":{"uv":[9.5,12.5,11,14],"texture":"#0"},"west":{"uv":[7,14,7.5,15.5],"texture":"#0"},"up":{"uv":[9.5,14.5,8,14],"texture":"#0"},"down":{"uv":[15.5,8,14,8.5],"texture":"#0"}}}],"display":{"gui":{"rotation":[-150,30,-180],"translation":[2,4.5,0]},"head":{"translation":[0,7.25,2.25],"scale":[1.7,1.7,1.7]}}}