{"credit":"Made with Blockbench","textures":{"1":"zenavia:hat/mouserosehat"},"elements":[{"from":[7.35,5.25,7.35],"to":[8.25,8,8.25],"rotation":{"angle":0,"axis":"y","origin":[7.1,6,7]},"faces":{"north":{"uv":[8,9,9,12],"texture":"#1"},"east":{"uv":[9,9,10,12],"texture":"#1"},"south":{"uv":[10,3,11,6],"texture":"#1"},"west":{"uv":[10,6,11,9],"texture":"#1"},"up":{"uv":[13,12,12,11],"texture":"#1"},"down":{"uv":[14,2,13,3],"texture":"#1"}}},{"from":[6.85806,0.02687,7.35],"to":[7.75806,2.77687,8.25],"rotation":{"angle":-22.5,"axis":"z","origin":[7.30806,1.40187,7.8]},"faces":{"north":{"uv":[10,9,11,12],"texture":"#1"},"east":{"uv":[11,3,12,6],"texture":"#1"},"south":{"uv":[11,6,12,9],"texture":"#1"},"west":{"uv":[11,9,12,12],"texture":"#1"},"up":{"uv":[15,5,14,4],"texture":"#1"},"down":{"uv":[6,14,5,15],"texture":"#1"}}},{"from":[7.35,2.5,7.35],"to":[8.25,5.25,8.25],"rotation":{"angle":0,"axis":"y","origin":[7.1,3.25,7]},"faces":{"north":{"uv":[0,12,1,15],"texture":"#1"},"east":{"uv":[12,0,13,3],"texture":"#1"},"south":{"uv":[1,12,2,15],"texture":"#1"},"west":{"uv":[2,12,3,15],"texture":"#1"},"up":{"uv":[15,6,14,5],"texture":"#1"},"down":{"uv":[7,14,6,15],"texture":"#1"}}},{"from":[7,8,6.85],"to":[8.5,9.5,8.6],"rotation":{"angle":0,"axis":"y","origin":[7,13.5,6.85]},"faces":{"north":{"uv":[14,2,15.5,3.5],"texture":"#1"},"east":{"uv":[3,12,5,13.5],"texture":"#1"},"south":{"uv":[3,14,4.5,15.5],"texture":"#1"},"west":{"uv":[12,3,14,4.5],"texture":"#1"},"up":{"uv":[6.5,14,5,12],"texture":"#1"},"down":{"uv":[13.5,5,12,7],"texture":"#1"}}},{"from":[6.52165,7.90485,6.75],"to":[6.52165,10.15485,8.75],"rotation":{"angle":22.5,"axis":"z","origin":[6.52165,9.15485,7.625]},"faces":{"north":{"uv":[0,0,0,2.5],"texture":"#1"},"east":{"uv":[6,3,8,5.5],"texture":"#1"},"south":{"uv":[0,0,0,2.5],"texture":"#1"},"west":{"uv":[6,6,8,8.5],"texture":"#1"},"up":{"uv":[0,2,0,0],"texture":"#1"},"down":{"uv":[0,0,0,2.5],"texture":"#1"}}},{"from":[6.9,7.90447,6.37072],"to":[8.55,10.15447,6.62072],"rotation":{"angle":-22.5,"axis":"x","origin":[7.775,9.15447,6.37072]},"faces":{"north":{"uv":[0,9,1.5,11.5],"texture":"#1"},"east":{"uv":[0,0,0,2.5],"texture":"#1"},"south":{"uv":[2,9,3.5,11.5],"texture":"#1"},"west":{"uv":[0,0,0,2.5],"texture":"#1"},"up":{"uv":[8.5,14.5,7,14],"texture":"#1"},"down":{"uv":[8.5,14,7,14.5],"texture":"#1"}}},{"from":[6.95,7.90523,8.82743],"to":[8.55,10.15523,9.07743],"rotation":{"angle":22.5,"axis":"x","origin":[7.875,9.15523,8.82743]},"faces":{"north":{"uv":[4,9,5.5,11.5],"texture":"#1"},"east":{"uv":[0,0,0,2.5],"texture":"#1"},"south":{"uv":[6,9,7.5,11.5],"texture":"#1"},"west":{"uv":[0,0,0,2.5],"texture":"#1"},"up":{"uv":[8.5,14.5,7,14],"texture":"#1"},"down":{"uv":[8.5,14,7,14.5],"texture":"#1"}}},{"from":[8.73825,7.95281,6.75],"to":[8.73825,10.20281,8.75],"rotation":{"angle":-22.5,"axis":"z","origin":[8.73825,8.57781,7.5]},"faces":{"north":{"uv":[0,0,0,2.5],"texture":"#1"},"east":{"uv":[8,3,10,5.5],"texture":"#1"},"south":{"uv":[0,0,0,2.5],"texture":"#1"},"west":{"uv":[8,6,10,8.5],"texture":"#1"},"up":{"uv":[0,2,0,0],"texture":"#1"},"down":{"uv":[0,0,0,2.5],"texture":"#1"}}},{"from":[8.98825,7.95281,6.75],"to":[8.98825,9.20281,8.75],"rotation":{"angle":-45,"axis":"z","origin":[8.98825,8.57781,7.5]},"faces":{"north":{"uv":[0,0,0,1.5],"texture":"#1"},"east":{"uv":[7,12,9,13.5],"texture":"#1"},"south":{"uv":[0,0,0,1.5],"texture":"#1"},"west":{"uv":[12,7,14,8.5],"texture":"#1"},"up":{"uv":[0,2,0,0],"texture":"#1"},"down":{"uv":[0,0,0,2.5],"texture":"#1"}}},{"from":[6.48825,7.95281,6.75],"to":[6.48825,9.20281,8.75],"rotation":{"angle":45,"axis":"z","origin":[6.48825,8.57781,7.5]},"faces":{"north":{"uv":[0,0,0,1.5],"texture":"#1"},"east":{"uv":[9,12,11,13.5],"texture":"#1"},"south":{"uv":[0,0,0,1.5],"texture":"#1"},"west":{"uv":[12,9,14,10.5],"texture":"#1"},"up":{"uv":[0,2,0,0],"texture":"#1"},"down":{"uv":[0,0,0,2.5],"texture":"#1"}}},{"from":[6.88825,7.95281,6.35],"to":[8.63825,9.20281,6.6],"rotation":{"angle":-45,"axis":"x","origin":[7.88825,8.57781,6.35]},"faces":{"north":{"uv":[11,12,13,13.5],"texture":"#1"},"east":{"uv":[0,0,0,1.5],"texture":"#1"},"south":{"uv":[13,0,15,1.5],"texture":"#1"},"west":{"uv":[0,0,0,1.5],"texture":"#1"},"up":{"uv":[16,6.5,14,6],"texture":"#1"},"down":{"uv":[16,6,14,6.5],"texture":"#1"}}},{"from":[6.88825,8.32781,8.225],"to":[8.63825,8.57781,9.475],"rotation":{"angle":-45,"axis":"x","origin":[7.88825,8.57781,8.85]},"faces":{"north":{"uv":[14,6,16,6.5],"texture":"#1"},"east":{"uv":[0,0,0,1.5],"texture":"#1"},"south":{"uv":[14,6,16,6.5],"texture":"#1"},"west":{"uv":[0,0,0,1.5],"texture":"#1"},"up":{"uv":[15,12.5,13,11],"texture":"#1"},"down":{"uv":[15,13,13,14.5],"texture":"#1"}}},{"from":[7.75,5.25,5.25],"to":[7.75,7.75,10.5],"rotation":{"angle":0,"axis":"y","origin":[7,5,7]},"faces":{"north":{"uv":[0,0,0,2.5],"texture":"#1"},"east":{"uv":[0,0,5.5,2.5],"texture":"#1"},"south":{"uv":[0,0,0,2.5],"texture":"#1"},"west":{"uv":[0,3,5.5,5.5],"texture":"#1"},"up":{"uv":[0,5.5,0,0],"texture":"#1"},"down":{"uv":[0,0,0,5.5],"texture":"#1"}}},{"from":[5.125,5.25,7.875],"to":[10.375,7.75,7.875],"rotation":{"angle":0,"axis":"y","origin":[7.75,6.625,7.875]},"faces":{"north":{"uv":[0,6,5.5,8.5],"texture":"#1"},"east":{"uv":[0,0,0,2.5],"texture":"#1"},"south":{"uv":[6,0,11.5,2.5],"texture":"#1"},"west":{"uv":[0,0,0,2.5],"texture":"#1"},"up":{"uv":[5.5,0,0,0],"texture":"#1"},"down":{"uv":[5.5,0,0,0],"texture":"#1"}}}],"display":{"thirdperson_righthand":{"translation":[0,3,0.75]},"thirdperson_lefthand":{"translation":[0,3,0.75]},"firstperson_righthand":{"translation":[1.5,4,0]},"firstperson_lefthand":{"translation":[1.5,4,0]},"gui":{"rotation":[60,23,-5],"translation":[0,1.75,0],"scale":[2,2,2]},"head":{"rotation":[56,0,90],"translation":[-3.25,-5.25,-6.5],"scale":[1.04,1.04,1.04]}}}