{"credit":"Made with corail","texture_size":[64,64],"textures":{"0":"zenavia:sign/graff_zlastreet","particle":"zenavia:sign/graff_zlastreet"},"elements":[{"from":[0,0,0],"to":[32,32,0],"faces":{"north":{"uv":[0,0.0625,16,16],"texture":"#0"},"east":{"uv":[4,0,4.0625,4],"texture":"#missing"},"south":{"uv":[0,0.125,16,16],"texture":"#0"},"west":{"uv":[4,4,4.0625,8],"texture":"#missing"},"up":{"uv":[8.25,0.0625,4.25,0],"texture":"#missing"},"down":{"uv":[8.25,0.25,4.25,0.3125],"texture":"#missing"}}}],"display":{"thirdperson_righthand":{"scale":[0,0,0]},"thirdperson_lefthand":{"scale":[0,0,0]},"firstperson_righthand":{"scale":[0.11523,0.11523,0.11523]},"firstperson_lefthand":{"scale":[0.11523,0.11523,0.11523]},"ground":{"rotation":[90.75,0,0],"translation":[-2.25,-3,0.25],"scale":[0.35352,0.35352,0.35352]},"gui":{"translation":[-3.75,-3.75,0],"scale":[0.45117,0.45117,0.45117]},"head":{"translation":[-3.75,-3.75,-3.75],"scale":[0.47656,0.47656,0.47656]},"fixed":{"translation":[-16,15.75,31.75],"scale":[4,4,4]}}}