{"parent":"item/wynn/template/weapon","textures":{"0":"skins/frostbound/frostbound_wand","particle":"skins/frostbound/frostbound_wand"},"elements":[{"from":[7,-8,7],"to":[9,8,9],"rotation":{"angle":0,"axis":"y","origin":[8,-4,8]},"faces":{"north":{"uv":[0,0,1,8],"texture":"#0"},"east":{"uv":[0,0,1,8],"texture":"#0"},"south":{"uv":[0,0,1,8],"texture":"#0"},"west":{"uv":[0,0,1,8],"texture":"#0"},"up":{"uv":[3.5,3.5,4.5,4.5],"texture":"#0"},"down":{"uv":[3.5,11.5,4.5,12.5],"texture":"#0"}}},{"from":[4,8,7],"to":[12,10,9],"rotation":{"angle":0,"axis":"y","origin":[8,-4,8]},"faces":{"north":{"uv":[1,6,5,7],"texture":"#0"},"east":{"uv":[5,6,6,7],"texture":"#0"},"south":{"uv":[1,6,5,7],"texture":"#0"},"west":{"uv":[5,6,6,7],"texture":"#0"},"up":{"uv":[1,6,5,7],"texture":"#0"},"down":{"uv":[1,6,5,7],"texture":"#0"}}},{"from":[6,9,6],"to":[10,17,10],"rotation":{"angle":0,"axis":"y","origin":[0,-1,0]},"faces":{"north":{"uv":[1,0,3,4],"texture":"#0"},"east":{"uv":[1,0,3,4],"texture":"#0"},"south":{"uv":[1,0,3,4],"texture":"#0"},"west":{"uv":[1,0,3,4],"texture":"#0"},"down":{"uv":[1,4,3,6],"texture":"#0"}}},{"from":[6,19,6],"to":[10,24,10],"rotation":{"angle":22.5,"axis":"x","origin":[8,19,6]},"faces":{"north":{"uv":[9,0,11,2.5],"texture":"#0"},"east":{"uv":[11,0,9,2.5],"texture":"#0"},"south":{"uv":[9,0,11,2.5],"texture":"#0"},"west":{"uv":[11,0,9,2.5],"texture":"#0"}}},{"from":[4,17,4],"to":[12,19,12],"rotation":{"angle":0,"axis":"y","origin":[0,-1,0]},"faces":{"north":{"uv":[0,12,4,13],"texture":"#0"},"east":{"uv":[0,12,4,13],"texture":"#0"},"south":{"uv":[0,12,4,13],"texture":"#0"},"west":{"uv":[0,12,4,13],"texture":"#0"},"up":{"uv":[0,8,4,12],"texture":"#0"},"down":{"uv":[0,8,4,12],"texture":"#0"}}},{"from":[5,21,7],"to":[11,27,13],"rotation":{"angle":45,"axis":"x","origin":[8,25,9]},"faces":{"north":{"uv":[6,3,9,6],"texture":"#0"},"east":{"uv":[3,0,6,3],"texture":"#0"},"south":{"uv":[6,0,9,3],"texture":"#0"},"west":{"uv":[6,0,3,3],"texture":"#0"},"up":{"uv":[3,3,6,6],"texture":"#0"},"down":{"uv":[6,3,9,6],"texture":"#0"}}},{"from":[7,19,8],"to":[9,26,15],"rotation":{"angle":-22.5,"axis":"x","origin":[8,25,9]},"faces":{"east":{"uv":[7.5,7,4,10.5],"texture":"#0"},"south":{"uv":[7.5,6,8.5,9.5],"texture":"#0"},"west":{"uv":[4,7,7.5,10.5],"texture":"#0"},"up":{"uv":[8.5,6,9.5,9.5],"texture":"#0"},"down":{"uv":[9.5,6,10.5,9.5],"texture":"#0"}}},{"from":[6,22,1],"to":[10,26,8],"rotation":{"angle":22.5,"axis":"x","origin":[8,25,9]},"faces":{"north":{"uv":[1,13,3,15],"texture":"#0"},"east":{"uv":[7.5,10.5,4,12.5],"texture":"#0"},"west":{"uv":[4,10.5,7.5,12.5],"texture":"#0"},"up":{"uv":[6,12.5,8,16],"texture":"#0"},"down":{"uv":[4,12.5,6,16],"texture":"#0"}}},{"from":[5,19,10],"to":[5.01,32,18],"rotation":{"angle":-22.5,"axis":"y","origin":[5,19,10]},"faces":{"east":{"uv":[12,9.5,8,16],"texture":"#0"},"west":{"uv":[8,9.5,12,16],"texture":"#0"}}},{"from":[11,19,10],"to":[11.01,32,18],"rotation":{"angle":22.5,"axis":"y","origin":[11,19,10]},"faces":{"east":{"uv":[12,9.5,8,16],"texture":"#0"},"west":{"uv":[8,9.5,12,16],"texture":"#0"}}},{"from":[8,-15,4],"to":[8.01,17,12],"rotation":{"angle":0,"axis":"y","origin":[0,-1,0]},"faces":{"east":{"uv":[12,0,16,16],"texture":"#0"},"west":{"uv":[12,0,16,16],"texture":"#0"}}},{"from":[4,-15,8],"to":[12,17,8.01],"rotation":{"angle":0,"axis":"y","origin":[0,-1,0]},"faces":{"north":{"uv":[12,0,16,16],"texture":"#0"},"south":{"uv":[12,0,16,16],"texture":"#0"}}},{"from":[4,-16,7],"to":[12,-14,9],"rotation":{"angle":0,"axis":"y","origin":[8,-13,8]},"faces":{"north":{"uv":[1,6,5,7],"texture":"#0"},"east":{"uv":[5,6,6,7],"texture":"#0"},"south":{"uv":[1,6,5,7],"texture":"#0"},"west":{"uv":[5,6,6,7],"texture":"#0"},"up":{"uv":[1,6,5,7],"texture":"#0"},"down":{"uv":[1,6,5,7],"texture":"#0"}}},{"from":[6,-14,7],"to":[10,-8,9],"rotation":{"angle":0,"axis":"y","origin":[8,-13,8]},"faces":{"north":{"uv":[9,2.5,11,5.5],"texture":"#0"},"east":{"uv":[0,13,1,16],"texture":"#0"},"south":{"uv":[9,2.5,11,5.5],"texture":"#0"},"west":{"uv":[0,13,1,16],"texture":"#0"},"up":{"uv":[11,2.5,9,3.5],"texture":"#0"},"down":{"uv":[3,11.5,5,12.5],"texture":"#0"}}}],"display":{"thirdperson_righthand":{"rotation":[0,10,5],"translation":[-0.5,3,2]},"thirdperson_lefthand":{"rotation":[0,10,5],"translation":[-0.5,3,2]},"firstperson_righthand":{"rotation":[8,5,0],"translation":[9,-5,-10],"scale":[1,1,1.4]},"firstperson_lefthand":{"rotation":[8,5,0],"translation":[9,-5,-10],"scale":[1,1,1.4]}}}