{"textures":{"0":"wynn/jigsaw/crow","particle":"wynn/jigsaw/crow"},"elements":[{"from":[8.5,4.5,7.5],"to":[9.5,5.5,9.5],"rotation":{"angle":0,"axis":"x","origin":[8,5.5,9]},"faces":{"north":{"uv":[3,0.5,2.5,1],"texture":"#0"},"east":{"uv":[2,0.5,3,1],"texture":"#0"},"south":{"uv":[2.5,0.5,2,1],"texture":"#0"},"west":{"uv":[3,0.5,2,1],"texture":"#0"},"down":{"uv":[2,0.5,3,1],"rotation":90,"texture":"#0"}}},{"from":[7,6.5,0],"to":[9,9.5,4],"rotation":{"angle":0,"axis":"y","origin":[8,8,3]},"faces":{"north":{"uv":[6,1,7,2.5],"texture":"#0"},"east":{"uv":[8,2.5,10,4],"texture":"#0"},"south":{"uv":[0,2,1,3.5],"texture":"#0"},"west":{"uv":[10,2.5,8,4],"texture":"#0"},"up":{"uv":[2,5,1,7],"texture":"#0"},"down":{"uv":[6,4.5,7,2.5],"texture":"#0"}}},{"from":[6.5,6.5,1.5],"to":[9.5,8.5,4.5],"rotation":{"angle":-45,"axis":"x","origin":[8,8,3]},"faces":{"north":{"uv":[0,1.5,1.5,2.5],"texture":"#0"},"east":{"uv":[0,1.5,1.5,2.5],"texture":"#0"},"south":{"uv":[0,1.5,1.5,2.5],"texture":"#0"},"west":{"uv":[0,1.5,1.5,2.5],"texture":"#0"},"up":{"uv":[1.5,3,0,1.5],"texture":"#0"}}},{"from":[6,5.5,3],"to":[10,8.5,11],"rotation":{"angle":0,"axis":"y","origin":[8,8,3]},"faces":{"north":{"uv":[3.5,5,5.5,6.5],"texture":"#0"},"east":{"uv":[8,8,4,9.5],"texture":"#0"},"south":{"uv":[3.5,6.5,5.5,8],"texture":"#0"},"west":{"uv":[4,8,8,9.5],"texture":"#0"},"up":{"uv":[2,4,0,0],"texture":"#0"},"down":{"uv":[10,4,8,8],"texture":"#0"}}},{"from":[6.5,5.5,11],"to":[9.5,8.5,14],"rotation":{"angle":0,"axis":"y","origin":[8,8,3]},"faces":{"east":{"uv":[3.5,6.5,2,8],"texture":"#0"},"south":{"uv":[3.5,1.5,5,0],"texture":"#0"},"west":{"uv":[2,6.5,3.5,8],"texture":"#0"},"up":{"uv":[3.5,9.5,2,8],"texture":"#0"},"down":{"uv":[3.5,5,2,6.5],"texture":"#0"}}},{"from":[6.5,6.5,14],"to":[9.5,8.5,16],"rotation":{"angle":0,"axis":"y","origin":[8,8,3.5]},"faces":{"east":{"uv":[6,2.5,7,3.5],"texture":"#0"},"south":{"uv":[2,9,3.5,8],"texture":"#0"},"west":{"uv":[6,2.5,7,3.5],"texture":"#0"},"up":{"uv":[2,5,0.5,4],"texture":"#0"},"down":{"uv":[3.5,8,2,9],"texture":"#0"}}},{"from":[7.49,6.69,-1.01],"to":[8.51,8.71,1.01],"rotation":{"angle":-22.5,"axis":"x","origin":[8,7.6,-0.6]},"faces":{"north":{"uv":[5.5,5.5,6,6],"texture":"#0"},"east":{"uv":[9,8,8,9],"texture":"#0"},"west":{"uv":[8,8,9,9],"texture":"#0"},"up":{"uv":[5.5,5.5,6,6],"texture":"#0"}}},{"from":[7.5,6.57359,-1.68187],"to":[8.5,8.07359,-0.18187],"rotation":{"angle":22.5,"axis":"x","origin":[8.015,7.57154,-0.54977]},"faces":{"north":{"uv":[5.5,5.5,6,6],"texture":"#0"},"east":{"uv":[5.5,5.5,6,6],"texture":"#0"},"west":{"uv":[5.5,5.5,6,6],"texture":"#0"},"down":{"uv":[5.5,5.5,6,6],"texture":"#0"}}},{"from":[7.49,6.49,-0.61],"to":[8.51,7.51,0.41],"rotation":{"angle":0,"axis":"y","origin":[8,7.6,-0.6]},"faces":{"north":{"uv":[5.5,5,6,5.5],"texture":"#0"},"east":{"uv":[5.5,5,6,5.5],"texture":"#0"},"west":{"uv":[5.5,5,6,5.5],"texture":"#0"},"up":{"uv":[5.5,5,6,5.5],"texture":"#0"},"down":{"uv":[5.5,5,6,5.5],"texture":"#0"}}},{"from":[8.25,6.95,14.75],"to":[10.25,7.95,19.75],"rotation":{"angle":22.5,"axis":"y","origin":[9,7.825,16.5]},"faces":{"east":{"uv":[8,7,5.5,7.5],"texture":"#0"},"south":{"uv":[4.5,2.5,3.5,3],"texture":"#0"},"west":{"uv":[5.5,7.5,8,8],"texture":"#0"},"up":{"uv":[8,2.5,9,0],"texture":"#0"},"down":{"uv":[8,0,9,2.5],"texture":"#0"}}},{"from":[7,7,15.5],"to":[9,8,20.5],"rotation":{"angle":0,"axis":"y","origin":[8.57507,7.65,17.38425]},"faces":{"east":{"uv":[8,7.5,5.5,8],"texture":"#0"},"south":{"uv":[8.5,4,9.5,4.5],"texture":"#0"},"west":{"uv":[5.5,7.5,8,8],"texture":"#0"},"up":{"uv":[10,2.5,9,0],"texture":"#0"},"down":{"uv":[10,0,9,2.5],"texture":"#0"}}},{"from":[10,7,13.5],"to":[12,8,18.5],"rotation":{"angle":45,"axis":"y","origin":[10.67283,7.65,16.61888]},"faces":{"east":{"uv":[8,7.5,5.5,8],"texture":"#0"},"south":{"uv":[3.5,2.5,4.5,3],"texture":"#0"},"west":{"uv":[5.5,7,8,7.5],"texture":"#0"},"up":{"uv":[9,2.5,8,0],"texture":"#0"},"down":{"uv":[9,0,8,2.5],"texture":"#0"}}},{"from":[5.75,6.95,14.75],"to":[7.75,7.95,19.75],"rotation":{"angle":-22.5,"axis":"y","origin":[7,7.825,16.5]},"faces":{"east":{"uv":[8,7.5,5.5,8],"texture":"#0"},"south":{"uv":[3.5,2.5,4.5,3],"texture":"#0"},"west":{"uv":[5.5,7,8,7.5],"texture":"#0"},"up":{"uv":[9,2.5,8,0],"texture":"#0"},"down":{"uv":[9,0,8,2.5],"texture":"#0"}}},{"from":[4,7,13.5],"to":[6,8,18.5],"rotation":{"angle":-45,"axis":"y","origin":[5.32717,7.65,16.61888]},"faces":{"east":{"uv":[8,7,5.5,7.5],"texture":"#0"},"south":{"uv":[4.5,2.5,3.5,3],"texture":"#0"},"west":{"uv":[5.5,7.5,8,8],"texture":"#0"},"up":{"uv":[8,2.5,9,0],"texture":"#0"},"down":{"uv":[8,0,9,2.5],"texture":"#0"}}},{"from":[6.5,4.5,7.5],"to":[7.5,5.5,9.5],"rotation":{"angle":0,"axis":"x","origin":[8,5.5,9]},"faces":{"north":{"uv":[3,0.5,2.5,1],"texture":"#0"},"east":{"uv":[2,0.5,3,1],"texture":"#0"},"south":{"uv":[2.5,0.5,2,1],"texture":"#0"},"west":{"uv":[3,0.5,2,1],"texture":"#0"},"down":{"uv":[2,0.5,3,1],"rotation":90,"texture":"#0"}}}],"display":{"head":{"translation":[0,-3.5,3],"scale":[1.6,1.6,1.6]}}}