{"credit":"Made with Blockbench","texture_size":[128,128],"textures":{"4":"zenavia:vehicles/bmw_e30_1985"},"elements":[{"from":[-1,2.25,25.075],"to":[17,2.75,31.075],"rotation":{"angle":0,"axis":"y","origin":[-2,0,0]},"faces":{"north":{"uv":[13.25,10,15.5,10.0625],"texture":"#4"},"east":{"uv":[14.25,3.875,15,3.9375],"texture":"#4"},"south":{"uv":[13.625,9.875,15.875,9.9375],"texture":"#4"},"west":{"uv":[14.25,4,15,4.0625],"texture":"#4"},"up":{"uv":[12.125,0.75,9.875,0],"texture":"#4"},"down":{"uv":[12.125,0.75,9.875,1.5],"texture":"#4"}}},{"from":[-1,1.75,-4.25],"to":[17,3.25,17.25],"rotation":{"angle":0,"axis":"y","origin":[-2,0,0]},"faces":{"north":{"uv":[12.5,4.75,14.75,4.9375],"texture":"#4"},"east":{"uv":[5.25,12.125,7.9375,12.3125],"texture":"#4"},"south":{"uv":[12.5,11.375,14.75,11.5625],"texture":"#4"},"west":{"uv":[8,12.125,10.6875,12.3125],"texture":"#4"},"up":{"uv":[5.75,2.6875,3.5,0],"texture":"#4"},"down":{"uv":[5.75,2.75,3.5,5.4375],"texture":"#4"}}},{"from":[-1,1.75,-14.425],"to":[17,2.75,-11.925],"rotation":{"angle":0,"axis":"y","origin":[-2,0,0]},"faces":{"north":{"uv":[11.875,8,14.125,8.125],"texture":"#4"},"east":{"uv":[2.5,8.625,2.8125,8.75],"texture":"#4"},"south":{"uv":[12.5,11.625,14.75,11.75],"texture":"#4"},"west":{"uv":[10.375,1.5,10.6875,1.625],"texture":"#4"},"up":{"uv":[10.75,12.0625,8.5,11.75],"texture":"#4"},"down":{"uv":[13,11.75,10.75,12.0625],"texture":"#4"}}},{"from":[-1,4,-15.25],"to":[17,5.5,-11.75],"rotation":{"angle":0,"axis":"y","origin":[-2,0,0]},"faces":{"north":{"uv":[0,12.625,2.25,12.8125],"texture":"#4"},"east":{"uv":[14.125,13.125,14.5625,13.3125],"texture":"#4"},"south":{"uv":[2.25,12.625,4.5,12.8125],"texture":"#4"},"west":{"uv":[0,14.25,0.4375,14.4375],"texture":"#4"},"up":{"uv":[5.75,11.1875,3.5,10.75],"texture":"#4"},"down":{"uv":[8,10.875,5.75,11.3125],"texture":"#4"}}},{"from":[-0.75,6.95,-14.425],"to":[16.75,7.95,-1.425],"rotation":{"angle":0,"axis":"y","origin":[-1.25,7.45,-7.925]},"faces":{"north":{"uv":[12.625,7.125,14.8125,7.25],"texture":"#4"},"east":{"uv":[13.25,1.875,14.875,2],"texture":"#4"},"south":{"uv":[12.75,12.875,14.9375,13],"texture":"#4"},"west":{"uv":[13.25,2,14.875,2.125],"texture":"#4"},"up":{"uv":[7.9375,3.375,5.75,1.75],"texture":"#4"},"down":{"uv":[7.9375,3.375,5.75,5],"texture":"#4"}}},{"from":[-0.75,4.45,-13.925],"to":[16.75,6.95,-1.425],"rotation":{"angle":0,"axis":"y","origin":[-1.25,0.45,-1.925]},"faces":{"east":{"uv":[2,8.25,3.5625,8.5625],"texture":"#4"},"south":{"uv":[11.875,7.25,14.0625,7.5625],"texture":"#4"},"west":{"uv":[4,9.75,5.5625,10.0625],"texture":"#4"},"up":{"uv":[8.0625,8.3125,5.875,6.75],"texture":"#4"}}},{"from":[-0.745,5.22246,-14.07538],"to":[16.745,7.21246,-13.08538],"rotation":{"angle":-22.5,"axis":"x","origin":[8,6.21746,-13.58038]},"faces":{"north":{"uv":[12,3.625,14.1875,3.875],"texture":"#4"},"east":{"uv":[5.75,5,5.875,5.25],"texture":"#4"},"south":{"uv":[12,3.875,14.1875,4.125],"texture":"#4"},"west":{"uv":[5.75,5.25,5.875,5.5],"texture":"#4"},"up":{"uv":[13.8125,13.125,11.625,13],"texture":"#4"},"down":{"uv":[15.1875,11.75,13,11.875],"texture":"#4"}}},{"from":[-0.745,2.56376,-4.4722],"to":[16.745,6.05376,-1.4822],"rotation":{"angle":-22.5,"axis":"x","origin":[8,4.30876,-2.9772]},"faces":{"north":{"uv":[11,9.125,13.1875,9.5625],"texture":"#4"},"east":{"uv":[1,13.625,1.375,14.0625],"texture":"#4"},"south":{"uv":[11,9.625,13.1875,10.0625],"texture":"#4"},"west":{"uv":[1.375,13.625,1.75,14.0625],"texture":"#4"},"up":{"uv":[12.5625,7.25,10.375,6.875],"texture":"#4"},"down":{"uv":[5.1875,11.25,3,11.625],"texture":"#4"}}},{"from":[-0.5,2.625,-14],"to":[16.5,4.125,-12],"rotation":{"angle":0,"axis":"y","origin":[-1.5,0,0]},"faces":{"north":{"uv":[6.75,12.625,8.875,12.8125],"texture":"#4"},"east":{"uv":[3.625,8.25,3.875,8.4375],"texture":"#4"},"south":{"uv":[12.625,6.875,14.75,7.0625],"texture":"#4"},"west":{"uv":[1.75,10.375,2,10.5625],"texture":"#4"},"up":{"uv":[14.25,0.75,12.125,0.5],"texture":"#4"},"down":{"uv":[14.25,0.75,12.125,1],"texture":"#4"}}},{"from":[-0.495,2.74522,-14.41574],"to":[16.495,4.73522,-13.42574],"rotation":{"angle":-22.5,"axis":"x","origin":[8,3.74022,-13.92074]},"faces":{"north":{"uv":[12.125,1,14.25,1.25],"texture":"#4"},"east":{"uv":[2,7.125,2.125,7.375],"texture":"#4"},"south":{"uv":[12.125,1.25,14.25,1.5],"texture":"#4"},"west":{"uv":[2,7.375,2.125,7.625],"texture":"#4"},"up":{"uv":[12.5,5,10.375,4.875],"texture":"#4"},"down":{"uv":[2.125,13.125,0,13.25],"texture":"#4"}}},{"from":[-1,4.175,24.25],"to":[17,5.675,31.75],"rotation":{"angle":0,"axis":"y","origin":[-2,0,0]},"faces":{"north":{"uv":[4.5,12.625,6.75,12.8125],"texture":"#4"},"east":{"uv":[13.25,13.5,14.1875,13.6875],"texture":"#4"},"south":{"uv":[12.625,5,14.875,5.1875],"texture":"#4"},"west":{"uv":[0,13.625,0.9375,13.8125],"texture":"#4"},"up":{"uv":[10.25,4.3125,8,3.375],"texture":"#4"},"down":{"uv":[10.375,6.25,8.125,7.1875],"texture":"#4"}}},{"from":[-0.745,2.54703,30.20738],"to":[16.745,4.53703,31.19738],"rotation":{"angle":22.5,"axis":"x","origin":[8,3.54203,30.70238]},"faces":{"north":{"uv":[12,10.875,14.1875,11.125],"texture":"#4"},"east":{"uv":[2,7.625,2.125,7.875],"texture":"#4"},"south":{"uv":[12,11.125,14.1875,11.375],"texture":"#4"},"west":{"uv":[2,7.875,2.125,8.125],"texture":"#4"},"up":{"uv":[15.1875,12,13,11.875],"texture":"#4"},"down":{"uv":[15.1875,12,13,12.125],"texture":"#4"}}},{"from":[-0.75,2.5,25.1],"to":[16.75,4.5,30.6],"rotation":{"angle":0,"axis":"y","origin":[-1.5,1,29]},"faces":{"north":{"uv":[12.125,0,14.3125,0.25],"texture":"#4"},"east":{"uv":[8.375,13.5,9.0625,13.75],"texture":"#4"},"south":{"uv":[12.125,0.25,14.3125,0.5],"texture":"#4"},"west":{"uv":[11.625,13.5,12.3125,13.75],"texture":"#4"}}},{"from":[-0.505,2.66784,11.63291],"to":[16.505,5.67784,13.14291],"rotation":{"angle":22.5,"axis":"x","origin":[8,4.17284,12.38791]},"faces":{"north":{"uv":[5.25,11.375,7.375,11.75],"texture":"#4"},"east":{"uv":[3.25,4.75,3.4375,5.125],"texture":"#4"},"west":{"uv":[3.25,5.125,3.4375,5.5],"texture":"#4"},"down":{"uv":[11,12.625,8.875,12.8125],"texture":"#4"}}},{"from":[-0.495,3.255,12.255],"to":[16.495,8.245,30.745],"rotation":{"angle":0,"axis":"y","origin":[8,5.75,21.5]},"faces":{"north":{"uv":[6.375,10.25,8.5,10.875],"texture":"#4"},"east":{"uv":[8,4.375,10.3125,5],"texture":"#4"},"south":{"uv":[8.5,10.25,10.625,10.875],"texture":"#4"},"west":{"uv":[4,10.125,6.3125,10.75],"texture":"#4"},"up":{"uv":[2.125,7.0625,0,4.75],"texture":"#4"}}},{"from":[-0.25,3.1,-1.5],"to":[16.25,8.1,12.5],"rotation":{"angle":0,"axis":"y","origin":[-2.25,0,0]},"faces":{"north":{"uv":[10.375,4.25,12.4375,4.875],"texture":"#4"},"east":{"uv":[0,10.375,1.75,11],"texture":"#4"},"south":{"uv":[10.375,6.25,12.4375,6.875],"texture":"#4"},"west":{"uv":[1.75,10.625,3.5,11.25],"texture":"#4"},"up":{"uv":[7.8125,1.75,5.75,0],"texture":"#4"}}},{"from":[0.005,6.77822,-13.93256],"to":[15.995,8.76822,-12.44256],"rotation":{"angle":-45,"axis":"x","origin":[8,7.77322,-13.18756]},"faces":{"north":{"uv":[10.75,12.125,12.75,12.375],"texture":"#4"},"east":{"uv":[1.5,11,1.6875,11.25],"texture":"#4"},"west":{"uv":[10.75,12.875,10.9375,13.125],"texture":"#4"},"up":{"uv":[14.75,12.3125,12.75,12.125],"texture":"#4"},"down":{"uv":[14.75,12.375,12.75,12.5625],"texture":"#4"}}},{"from":[0,7.01066,-13.36434],"to":[16,9.01066,-10.86434],"rotation":{"angle":0,"axis":"y","origin":[-1,8.01066,-12.36434]},"faces":{"north":{"uv":[0,12.375,2,12.625],"texture":"#4"},"east":{"uv":[14.25,0.5,14.5625,0.75],"texture":"#4"},"west":{"uv":[14.25,0.75,14.5625,1],"texture":"#4"},"up":{"uv":[7.25,12.0625,5.25,11.75],"texture":"#4"}}},{"from":[0,7.26066,-10.86434],"to":[16,9.26066,-8.36434],"rotation":{"angle":0,"axis":"y","origin":[-1,8.01066,-12.36434]},"faces":{"north":{"uv":[2,12.375,4,12.625],"texture":"#4"},"east":{"uv":[14.25,1,14.5625,1.25],"texture":"#4"},"west":{"uv":[14.25,1.25,14.5625,1.5],"texture":"#4"},"up":{"uv":[13.875,7.9375,11.875,7.625],"texture":"#4"}}},{"from":[0,7.51066,-8.36434],"to":[16,9.51066,-5.36434],"rotation":{"angle":0,"axis":"y","origin":[-1,8.01066,-12.36434]},"faces":{"north":{"uv":[12.375,2.125,14.375,2.375],"texture":"#4"},"east":{"uv":[11.25,8.125,11.625,8.375],"texture":"#4"},"west":{"uv":[1.125,12.125,1.5,12.375],"texture":"#4"},"up":{"uv":[10.5,11.75,8.5,11.375],"texture":"#4"}}},{"from":[0,7.76066,-5.36434],"to":[16,9.76066,-2.36434],"rotation":{"angle":0,"axis":"y","origin":[-1,8.01066,-12.36434]},"faces":{"north":{"uv":[12.375,2.375,14.375,2.625],"texture":"#4"},"east":{"uv":[11.125,14.125,11.5,14.375],"texture":"#4"},"west":{"uv":[13.125,14.125,13.5,14.375],"texture":"#4"},"up":{"uv":[12.5,11.75,10.5,11.375],"texture":"#4"}}},{"from":[0,7.76066,-1.61434],"to":[16,9.51066,12.38566],"rotation":{"angle":0,"axis":"y","origin":[-1,8.01066,-12.36434]},"faces":{"north":{"uv":[6,12.375,8,12.625],"texture":"#4"},"east":{"uv":[12.375,10.375,14.125,10.625],"texture":"#4"},"south":{"uv":[8,12.375,10,12.625],"texture":"#4"},"west":{"uv":[12.375,10.625,14.125,10.875],"texture":"#4"},"up":{"uv":[7.875,6.75,5.875,5],"texture":"#4"}}},{"from":[0,8.01066,12.38566],"to":[16,9.76066,30.88566],"rotation":{"angle":0,"axis":"y","origin":[-1,8.01066,-12.36434]},"faces":{"north":{"uv":[10,12.375,12,12.625],"texture":"#4"},"east":{"uv":[11.625,8.875,13.9375,9.125],"texture":"#4"},"south":{"uv":[12.375,10.125,14.375,10.375],"texture":"#4"},"west":{"uv":[12,3.375,14.3125,3.625],"texture":"#4"},"up":{"uv":[5.875,7.8125,3.875,5.5],"texture":"#4"}}},{"from":[0,9.76066,23.38566],"to":[16,10.26066,30.88566],"rotation":{"angle":0,"axis":"y","origin":[-1,8.01066,-12.36434]},"faces":{"north":{"uv":[13.625,13.75,15.625,13.8125],"texture":"#4"},"east":{"uv":[14,9,14.9375,9.0625],"texture":"#4"},"south":{"uv":[13.875,7.625,15.875,7.6875],"texture":"#4"},"west":{"uv":[14.125,8,15.0625,8.0625],"texture":"#4"},"up":{"uv":[7.75,10.0625,5.75,9.125],"texture":"#4"}}},{"from":[0.005,9.49768,22.04342],"to":[15.995,9.98768,23.53342],"rotation":{"angle":-22.5,"axis":"x","origin":[8,9.74268,22.78842]},"faces":{"north":{"uv":[13.875,7.75,15.875,7.8125],"texture":"#4"},"east":{"uv":[14.25,9.125,14.4375,9.1875],"texture":"#4"},"south":{"uv":[13.875,7.875,15.875,7.9375],"texture":"#4"},"west":{"uv":[14.25,9.25,14.4375,9.3125],"texture":"#4"},"up":{"uv":[14.75,12.8125,12.75,12.625],"texture":"#4"},"down":{"uv":[2,12.875,0,13.0625],"texture":"#4"}}},{"from":[0.005,7.94493,-2.70248],"to":[15.995,9.93493,-0.71248],"rotation":{"angle":-22.5,"axis":"x","origin":[8,8.93993,-1.70748]},"faces":{"north":{"uv":[12.375,2.625,14.375,2.875],"texture":"#4"},"east":{"uv":[7.875,6.25,8.125,6.5],"texture":"#4"},"south":{"uv":[12.375,2.875,14.375,3.125],"texture":"#4"},"west":{"uv":[7.875,6.5,8.125,6.75],"texture":"#4"},"up":{"uv":[14.375,3.375,12.375,3.125],"texture":"#4"}}},{"from":[0.25,9.96464,-2.3804],"to":[15.75,10.46464,4.6196],"rotation":{"angle":-45,"axis":"x","origin":[-0.5,10.21464,-0.3804]},"faces":{"north":{"uv":[3.75,14,5.6875,14.0625],"texture":"#4"},"east":{"uv":[14.125,10.75,15,10.8125],"texture":"#4"},"west":{"uv":[14.125,13.375,15,13.4375],"texture":"#4"},"up":{"uv":[1.9375,10.375,0,9.5],"texture":"#4"},"down":{"uv":[3.9375,9.75,2,10.625],"texture":"#4"}}},{"from":[0.25,14.575,5.75],"to":[15.75,15.075,18.25],"rotation":{"angle":0,"axis":"y","origin":[-1.5,0,-0.75]},"faces":{"north":{"uv":[13.875,13,15.8125,13.0625],"texture":"#4"},"east":{"uv":[7.625,14,9.1875,14.0625],"texture":"#4"},"west":{"uv":[14,8.875,15.5625,8.9375],"texture":"#4"},"up":{"uv":[1.9375,8.6875,0,7.125],"texture":"#4"},"down":{"uv":[9.8125,0,7.875,1.5625],"texture":"#4"}}},{"from":[0.25,17.9013,13.01389],"to":[15.75,18.9013,17.01389],"rotation":{"angle":22.5,"axis":"x","origin":[-1.5,3.8263,6.01389]},"faces":{"east":{"uv":[2,8.625,2.5,8.75],"texture":"#4"},"west":{"uv":[9.875,1.5,10.375,1.625],"texture":"#4"},"up":{"uv":[9.9375,11.375,8,10.875],"texture":"#4"},"down":{"uv":[11.9375,10.875,10,11.375],"texture":"#4"}}},{"from":[0.255,11.45451,17.50606],"to":[15.745,13.44451,25.74606],"rotation":{"angle":45,"axis":"x","origin":[8,12.44951,21.62606]},"faces":{"east":{"uv":[10.125,8.125,11.1875,8.375],"texture":"#4"},"west":{"uv":[0,12.125,1.0625,12.375],"texture":"#4"},"up":{"uv":[5.8125,8.9375,3.875,7.875],"texture":"#4"},"down":{"uv":[10.0625,7.25,8.125,8.3125],"texture":"#4"}}},{"from":[0.25,9.61991,21.58271],"to":[15.75,11.11991,23.08271],"rotation":{"angle":0,"axis":"y","origin":[-1.5,11.36991,3.50771]},"faces":{"north":{"uv":[2,12.875,3.9375,13.0625],"texture":"#4"},"east":{"uv":[14.25,8.125,14.4375,8.3125],"texture":"#4"},"west":{"uv":[14.25,8.375,14.4375,8.5625],"texture":"#4"},"down":{"uv":[5.9375,12.875,4,13.0625],"texture":"#4"}}},{"from":[0.25,12.68061,3.22627],"to":[15.75,13.18061,6.22627],"rotation":{"angle":-22.5,"axis":"x","origin":[-0.5,12.93061,1.22627]},"faces":{"east":{"uv":[12,4.125,12.375,4.1875],"texture":"#4"},"south":{"uv":[13.625,13.875,15.5625,13.9375],"texture":"#4"},"west":{"uv":[14.25,8.75,14.625,8.8125],"texture":"#4"},"up":{"uv":[13.5625,8.5,11.625,8.125],"texture":"#4"},"down":{"uv":[13.5625,8.5,11.625,8.875],"texture":"#4"}}},{"from":[14.75,10.25,28.75],"to":[15.25,11.75,30.75],"rotation":{"angle":0,"axis":"y","origin":[-2.75,0.25,-0.5]},"faces":{"north":{"uv":[2.875,13.875,2.9375,14.0625],"texture":"#4"},"east":{"uv":[5.75,13.125,6,13.3125],"texture":"#4"},"south":{"uv":[11.125,13.875,11.1875,14.0625],"texture":"#4"},"west":{"uv":[0.75,13.875,1,14.0625],"texture":"#4"},"up":{"uv":[2.8125,9.75,2.75,9.5],"texture":"#4"}}},{"from":[14.755,9.59079,27.15145],"to":[15.245,11.08079,29.64145],"rotation":{"angle":-45,"axis":"x","origin":[8,10.33579,28.39645]},"faces":{"north":{"uv":[5.625,14.125,5.6875,14.3125],"texture":"#4"},"east":{"uv":[1.875,14.25,2.1875,14.4375],"texture":"#4"},"south":{"uv":[9.125,14.125,9.1875,14.3125],"texture":"#4"},"west":{"uv":[2.25,14.25,2.5625,14.4375],"texture":"#4"},"up":{"uv":[5.6875,10.0625,5.625,9.75],"texture":"#4"},"down":{"uv":[7.3125,11.75,7.25,12.0625],"texture":"#4"}}},{"from":[0.755,9.59079,27.15145],"to":[1.245,11.08079,29.64145],"rotation":{"angle":-45,"axis":"x","origin":[8,10.33579,28.39645]},"faces":{"north":{"uv":[14.25,9.375,14.3125,9.5625],"texture":"#4"},"east":{"uv":[2.625,14.25,2.9375,14.4375],"texture":"#4"},"south":{"uv":[14.25,9.625,14.3125,9.8125],"texture":"#4"},"west":{"uv":[14.25,3.625,14.5625,3.8125],"texture":"#4"},"up":{"uv":[9.1875,13.8125,9.125,13.5],"texture":"#4"},"down":{"uv":[12.4375,13.5,12.375,13.8125],"texture":"#4"}}},{"from":[0.75,10.25,28.75],"to":[1.25,11.75,30.75],"rotation":{"angle":0,"axis":"y","origin":[18.75,0.25,-0.5]},"faces":{"north":{"uv":[11.5,14.125,11.5625,14.3125],"texture":"#4"},"east":{"uv":[0.5,14.25,0.75,14.4375],"texture":"#4"},"south":{"uv":[13.5,14.125,13.5625,14.3125],"texture":"#4"},"west":{"uv":[14.25,5.75,14.5,5.9375],"texture":"#4"},"up":{"uv":[11.1875,13.875,11.125,13.625],"texture":"#4"}}},{"from":[1.25,11.25,28.75],"to":[14.75,11.75,30.75],"rotation":{"angle":0,"axis":"y","origin":[19,0.25,-0.5]},"faces":{"north":{"uv":[14,4.5,15.6875,4.5625],"texture":"#4"},"east":{"uv":[9.625,13.125,9.875,13.1875],"texture":"#4"},"south":{"uv":[14,4.625,15.6875,4.6875],"texture":"#4"},"west":{"uv":[10.75,13.125,11,13.1875],"texture":"#4"},"up":{"uv":[14.3125,5.5,12.625,5.25],"texture":"#4"},"down":{"uv":[14.3125,5.5,12.625,5.75],"texture":"#4"}}},{"from":[-0.755,2.44011,-12.31041],"to":[16.755,7.95011,-3.80041],"rotation":{"angle":0,"axis":"y","origin":[8,5.19511,-8.05541]},"faces":{"east":{"uv":[3,11.625,4.0625,12.3125],"texture":"#4"},"west":{"uv":[4.125,11.625,5.1875,12.3125],"texture":"#4"}}},{"from":[-0.5,1.94511,16.44459],"to":[16.5,7.44511,25.44459],"rotation":{"angle":0,"axis":"y","origin":[3,2.69511,2.69459]},"faces":{"east":{"uv":[2.125,4.75,3.25,5.4375],"texture":"#4"},"west":{"uv":[7.375,11.375,8.5,12.0625],"texture":"#4"}}},{"name":"octagon","from":[-0.52,1.83381,-11.245],"to":[1.97,4.51619,-4.755],"rotation":{"angle":45,"axis":"x","origin":[0.725,3.175,-8]},"faces":{"north":{"uv":[0,13.875,0.3125,14.1875],"texture":"#4"},"east":{"uv":[2.875,8.625,3.6875,8.9375],"texture":"#4"},"south":{"uv":[0.375,13.875,0.6875,14.1875],"texture":"#4"},"west":{"uv":[9.875,12.875,10.6875,13.1875],"texture":"#4"}}},{"name":"octagon","from":[-0.525,1.82881,-11.25],"to":[1.975,4.52119,-4.75],"rotation":{"angle":0,"axis":"y","origin":[6.475,3.175,-8]},"faces":{"north":{"uv":[2.125,13.875,2.4375,14.1875],"texture":"#4"},"east":{"uv":[2.125,13.125,2.9375,13.4375],"texture":"#4"},"south":{"uv":[2.5,13.875,2.8125,14.1875],"texture":"#4"},"west":{"uv":[3,13.125,3.8125,13.4375],"texture":"#4"}}},{"name":"octagon","from":[-0.52,-0.07,-9.34119],"to":[1.97,6.42,-6.65881],"rotation":{"angle":45,"axis":"x","origin":[0.725,3.175,-8]},"faces":{"east":{"uv":[3.875,13.125,4.1875,13.9375],"texture":"#4"},"west":{"uv":[4.25,13.125,4.5625,13.9375],"texture":"#4"},"up":{"uv":[10.6875,14.1875,10.375,13.875],"texture":"#4"},"down":{"uv":[11.0625,13.875,10.75,14.1875],"texture":"#4"}}},{"name":"octagon","from":[-0.53,-0.08,-9.35119],"to":[1.98,6.43,-6.64881],"rotation":{"angle":0,"axis":"y","origin":[0.725,3.175,-8]},"faces":{"east":{"uv":[4.625,13.125,4.9375,13.9375],"texture":"#4"},"west":{"uv":[5,13.125,5.3125,13.9375],"texture":"#4"},"up":{"uv":[9.5625,14.3125,9.25,14],"texture":"#4"},"down":{"uv":[11.9375,14,11.625,14.3125],"texture":"#4"}}},{"name":"octagon","from":[14.03,1.83381,-11.245],"to":[16.52,4.51619,-4.755],"rotation":{"angle":45,"axis":"x","origin":[15.275,3.175,-8]},"faces":{"north":{"uv":[14.125,1.5,14.4375,1.8125],"texture":"#4"},"east":{"uv":[0,13.25,0.8125,13.5625],"texture":"#4"},"south":{"uv":[3.75,14.125,4.0625,14.4375],"texture":"#4"},"west":{"uv":[0.875,13.25,1.6875,13.5625],"texture":"#4"}}},{"name":"octagon","from":[14.025,1.82881,-11.25],"to":[16.525,4.52119,-4.75],"rotation":{"angle":0,"axis":"y","origin":[9.525,3.175,-8]},"faces":{"north":{"uv":[4.125,14.125,4.4375,14.4375],"texture":"#4"},"east":{"uv":[13.25,1.5,14.0625,1.8125],"texture":"#4"},"south":{"uv":[14.125,4.125,14.4375,4.4375],"texture":"#4"},"west":{"uv":[13.25,4.125,14.0625,4.4375],"texture":"#4"}}},{"name":"octagon","from":[14.03,-0.07,-9.34119],"to":[16.52,6.42,-6.65881],"rotation":{"angle":45,"axis":"x","origin":[15.275,3.175,-8]},"faces":{"east":{"uv":[1.75,13.25,2.0625,14.0625],"texture":"#4"},"west":{"uv":[13.25,9.125,13.5625,9.9375],"texture":"#4"},"up":{"uv":[4.8125,14.4375,4.5,14.125],"texture":"#4"},"down":{"uv":[5.1875,14.125,4.875,14.4375],"texture":"#4"}}},{"name":"octagon","from":[14.02,-0.08,-9.35119],"to":[16.53,6.43,-6.64881],"rotation":{"angle":0,"axis":"y","origin":[15.275,3.175,-8]},"faces":{"east":{"uv":[9.625,13.25,9.9375,14.0625],"texture":"#4"},"west":{"uv":[10,13.25,10.3125,14.0625],"texture":"#4"},"up":{"uv":[5.5625,14.4375,5.25,14.125],"texture":"#4"},"down":{"uv":[14.4375,6.25,14.125,6.5625],"texture":"#4"}}},{"name":"octagon","from":[-0.52,1.83381,18.005],"to":[1.97,4.51619,24.495],"rotation":{"angle":45,"axis":"x","origin":[0.725,3.175,21.25]},"faces":{"north":{"uv":[12,14,12.3125,14.3125],"texture":"#4"},"east":{"uv":[6.625,13.125,7.4375,13.4375],"texture":"#4"},"south":{"uv":[12.375,14,12.6875,14.3125],"texture":"#4"},"west":{"uv":[7.5,13.125,8.3125,13.4375],"texture":"#4"}}},{"name":"octagon","from":[-0.525,1.82881,18],"to":[1.975,4.52119,24.5],"rotation":{"angle":0,"axis":"y","origin":[6.475,3.175,21.25]},"faces":{"north":{"uv":[12.75,14,13.0625,14.3125],"texture":"#4"},"east":{"uv":[8.375,13.125,9.1875,13.4375],"texture":"#4"},"south":{"uv":[13.625,14,13.9375,14.3125],"texture":"#4"},"west":{"uv":[11.625,13.125,12.4375,13.4375],"texture":"#4"}}},{"name":"octagon","from":[-0.52,-0.07,19.90881],"to":[1.97,6.42,22.59119],"rotation":{"angle":45,"axis":"x","origin":[0.725,3.175,21.25]},"faces":{"east":{"uv":[5.375,13.125,5.6875,13.9375],"texture":"#4"},"west":{"uv":[9.25,13.125,9.5625,13.9375],"texture":"#4"},"up":{"uv":[14.3125,14.3125,14,14],"texture":"#4"},"down":{"uv":[1.0625,14.125,0.75,14.4375],"texture":"#4"}}},{"name":"octagon","from":[-0.53,-0.08,19.89881],"to":[1.98,6.43,22.60119],"rotation":{"angle":0,"axis":"y","origin":[0.725,3.175,21.25]},"faces":{"east":{"uv":[12.5,13.125,12.8125,13.9375],"texture":"#4"},"west":{"uv":[12.875,13.125,13.1875,13.9375],"texture":"#4"},"up":{"uv":[1.4375,14.4375,1.125,14.125],"texture":"#4"},"down":{"uv":[1.8125,14.125,1.5,14.4375],"texture":"#4"}}},{"name":"octagon","from":[14.03,1.83381,18.005],"to":[16.52,4.51619,24.495],"rotation":{"angle":45,"axis":"x","origin":[15.275,3.175,21.25]},"faces":{"north":{"uv":[14.125,7.25,14.4375,7.5625],"texture":"#4"},"east":{"uv":[13.25,6.25,14.0625,6.5625],"texture":"#4"},"south":{"uv":[7.625,14.125,7.9375,14.4375],"texture":"#4"},"west":{"uv":[10.375,13.25,11.1875,13.5625],"texture":"#4"}}},{"name":"octagon","from":[14.025,1.82881,18],"to":[16.525,4.52119,24.5],"rotation":{"angle":0,"axis":"y","origin":[9.525,3.175,21.25]},"faces":{"north":{"uv":[8,14.125,8.3125,14.4375],"texture":"#4"},"east":{"uv":[13.25,13.125,14.0625,13.4375],"texture":"#4"},"south":{"uv":[8.375,14.125,8.6875,14.4375],"texture":"#4"},"west":{"uv":[2.125,13.5,2.9375,13.8125],"texture":"#4"}}},{"name":"octagon","from":[14.03,-0.07,19.90881],"to":[16.52,6.42,22.59119],"rotation":{"angle":45,"axis":"x","origin":[15.275,3.175,21.25]},"faces":{"east":{"uv":[11.25,13.25,11.5625,14.0625],"texture":"#4"},"west":{"uv":[3,13.5,3.3125,14.3125],"texture":"#4"},"up":{"uv":[9.0625,14.4375,8.75,14.125],"texture":"#4"},"down":{"uv":[9.9375,14.125,9.625,14.4375],"texture":"#4"}}},{"name":"octagon","from":[14.02,-0.08,19.89881],"to":[16.53,6.43,22.60119],"rotation":{"angle":0,"axis":"y","origin":[15.275,3.175,21.25]},"faces":{"east":{"uv":[3.375,13.5,3.6875,14.3125],"texture":"#4"},"west":{"uv":[5.75,13.5,6.0625,14.3125],"texture":"#4"},"up":{"uv":[10.3125,14.4375,10,14.125],"texture":"#4"},"down":{"uv":[14.4375,10.375,14.125,10.6875],"texture":"#4"}}},{"from":[1,2,-12.25],"to":[15,7,25.75],"rotation":{"angle":0,"axis":"y","origin":[0,2,-12.25]},"faces":{"north":{"uv":[10.625,10.25,12.375,10.875],"texture":"#4"},"east":{"uv":[7.875,5,12.625,5.625],"texture":"#4"},"south":{"uv":[10.75,1.5,12.5,2.125],"texture":"#4"},"west":{"uv":[7.875,5.625,12.625,6.25],"texture":"#4"},"up":{"uv":[1.75,4.75,0,0],"texture":"#4"},"down":{"uv":[3.5,0,1.75,4.75],"texture":"#4"}}},{"from":[-4,9.2,0.5],"to":[0.5,13.7,0.5],"rotation":{"angle":22.5,"axis":"y","origin":[-1.75,11.75,0]},"faces":{"north":{"uv":[11,12.625,11.5625,13.1875],"texture":"#4"},"south":{"uv":[6,12.875,6.5625,13.4375],"texture":"#4"}}},{"from":[15.5,9.2,0.5],"to":[20,13.7,0.5],"rotation":{"angle":-22.5,"axis":"y","origin":[17.75,11.75,0]},"faces":{"north":{"uv":[11.5625,12.625,11,13.1875],"texture":"#4"},"south":{"uv":[6.5625,12.875,6,13.4375],"texture":"#4"}}},{"from":[0.5,9.25,-1],"to":[0.5,14.75,22],"rotation":{"angle":0,"axis":"y","origin":[-1.5,9.75,-1]},"faces":{"east":{"uv":[5.875,8.375,8.75,9.0625],"texture":"#4"},"west":{"uv":[0,8.75,2.875,9.4375],"texture":"#4"}}},{"from":[15.5,9.25,-1],"to":[15.5,14.75,22],"rotation":{"angle":0,"axis":"y","origin":[17.5,9.75,-1]},"faces":{"east":{"uv":[8.75,8.375,11.625,9.0625],"texture":"#4"},"west":{"uv":[2.875,9,5.75,9.6875],"texture":"#4"}}},{"from":[15,3.26066,-0.61434],"to":[1,9.76066,21.38566],"rotation":{"angle":0,"axis":"y","origin":[14,-2.48934,-1.61434]},"faces":{"north":{"uv":[10.125,7.25,11.875,8.0625],"texture":"#4"},"east":{"uv":[8,1.625,10.75,2.4375],"texture":"#4"},"south":{"uv":[10.25,3.375,12,4.1875],"texture":"#4"},"west":{"uv":[8,2.5,10.75,3.3125],"texture":"#4"},"down":{"uv":[3.875,5.5,2.125,8.25],"texture":"#4"}}},{"from":[4.25,8.47801,-4.26933],"to":[4.75,8.97801,-0.26933],"rotation":{"angle":-22.5,"axis":"x","origin":[2,12.22801,-2.51933]},"faces":{"north":{"uv":[7.875,1.625,7.9375,1.6875],"texture":"#4"},"east":{"uv":[3.5,10.625,4,10.6875],"texture":"#4"},"west":{"uv":[5.25,11.25,5.75,11.3125],"texture":"#4"},"up":{"uv":[3.8125,9,3.75,8.5],"texture":"#4"},"down":{"uv":[3.8125,13.5,3.75,14],"texture":"#4"}}},{"from":[1.75,3,1.25],"to":[7.75,5,6.25],"rotation":{"angle":0,"axis":"y","origin":[0.75,-8,1.25]},"faces":{"north":{"uv":[2,9.5,2.75,9.75],"texture":"#4"},"east":{"uv":[13.625,8.125,14.25,8.375],"texture":"#4"},"south":{"uv":[13.25,4.5,14,4.75],"texture":"#4"},"west":{"uv":[13.625,8.375,14.25,8.625],"texture":"#4"},"up":{"uv":[12.75,13,12,12.375],"texture":"#4"},"down":{"uv":[13.25,1.5,12.5,2.125],"texture":"#4"}}},{"from":[1.755,1.13172,6.89574],"to":[7.745,10.12172,8.38574],"rotation":{"angle":22.5,"axis":"x","origin":[8,7.44447,12.02917]},"faces":{"north":{"uv":[0,11,0.75,12.125],"texture":"#4"},"east":{"uv":[6.125,13.5,6.3125,14.625],"texture":"#4"},"south":{"uv":[0.75,11,1.5,12.125],"texture":"#4"},"west":{"uv":[6.375,13.5,6.5625,14.625],"texture":"#4"},"up":{"uv":[11.125,13.8125,10.375,13.625],"texture":"#4"},"down":{"uv":[8.375,13.75,7.625,13.9375],"texture":"#4"}}},{"from":[8.25,3,1.25],"to":[14.25,5,6.25],"rotation":{"angle":0,"axis":"y","origin":[15.25,-8,1.25]},"faces":{"north":{"uv":[13.25,6.625,14,6.875],"texture":"#4"},"east":{"uv":[13.625,8.625,14.25,8.875],"texture":"#4"},"south":{"uv":[7.625,13.5,8.375,13.75],"texture":"#4"},"west":{"uv":[13.625,9.125,14.25,9.375],"texture":"#4"},"up":{"uv":[13.25,4.75,12.5,4.125],"texture":"#4"},"down":{"uv":[13.25,6.25,12.5,6.875],"texture":"#4"}}},{"from":[8.255,1.13172,6.89574],"to":[14.245,10.12172,8.38574],"rotation":{"angle":22.5,"axis":"x","origin":[8,7.44447,12.02917]},"faces":{"north":{"uv":[1.5,11.25,2.25,12.375],"texture":"#4"},"east":{"uv":[6.625,13.5,6.8125,14.625],"texture":"#4"},"south":{"uv":[2.25,11.25,3,12.375],"texture":"#4"},"west":{"uv":[6.875,13.5,7.0625,14.625],"texture":"#4"},"up":{"uv":[9.125,13.9375,8.375,13.75],"texture":"#4"},"down":{"uv":[12.375,13.75,11.625,13.9375],"texture":"#4"}}},{"from":[3,7.22801,-0.26933],"to":[6,10.22801,-0.26933],"rotation":{"angle":-22.5,"axis":"x","origin":[2,12.22801,-2.51933]},"faces":{"north":{"uv":[11.625,12.625,12,13],"texture":"#4"},"east":{"uv":[0,0,0,0.375],"texture":"#4"},"south":{"uv":[13.25,13.75,13.625,14.125],"texture":"#4"},"west":{"uv":[0,0,0,0.375],"texture":"#4"},"up":{"uv":[0.375,0,0,0],"texture":"#4"},"down":{"uv":[0.375,0,0,0],"texture":"#4"}}},{"from":[1.5,3,10.75],"to":[14.5,5,15.75],"rotation":{"angle":0,"axis":"y","origin":[15.5,-8,10.75]},"faces":{"north":{"uv":[12.625,5.75,14.25,6],"texture":"#4"},"east":{"uv":[13.625,9.375,14.25,9.625],"texture":"#4"},"south":{"uv":[12.625,6,14.25,6.25],"texture":"#4"},"west":{"uv":[13.625,9.625,14.25,9.875],"texture":"#4"},"up":{"uv":[12.375,2.75,10.75,2.125],"texture":"#4"},"down":{"uv":[12.375,2.75,10.75,3.375],"texture":"#4"}}},{"from":[1.505,4.76722,15.67259],"to":[14.495,13.75722,17.16259],"rotation":{"angle":22.5,"axis":"x","origin":[8,7.44447,12.02917]},"faces":{"north":{"uv":[7.75,9.125,9.375,10.25],"texture":"#4"},"east":{"uv":[7.125,13.5,7.3125,14.625],"texture":"#4"},"south":{"uv":[9.375,9.125,11,10.25],"texture":"#4"},"west":{"uv":[7.375,13.5,7.5625,14.625],"texture":"#4"},"up":{"uv":[8.25,13.0625,6.625,12.875],"texture":"#4"},"down":{"uv":[9.875,12.875,8.25,13.0625],"texture":"#4"}}},{"from":[14.75,12.68061,3.22627],"to":[1.25,13.18061,5.22627],"rotation":{"angle":-22.5,"axis":"x","origin":[13,12.93061,1.22627]},"faces":{"east":{"uv":[5.75,13.375,6,13.4375],"texture":"#4"},"south":{"uv":[14,6.625,15.6875,6.6875],"texture":"#4"},"west":{"uv":[1.875,14.125,2.125,14.1875],"texture":"#4"}}},{"from":[14.75,9.96464,-0.3804],"to":[1.25,10.46464,4.6196],"rotation":{"angle":-45,"axis":"x","origin":[13,10.21464,-0.3804]},"faces":{"north":{"uv":[14,6.75,15.6875,6.8125],"texture":"#4"},"east":{"uv":[5.75,10.75,6.375,10.8125],"texture":"#4"},"west":{"uv":[14.25,6,14.875,6.0625],"texture":"#4"}}},{"from":[12.75,14.575,7.75],"to":[3.25,15.075,12.25],"rotation":{"angle":0,"axis":"y","origin":[14.5,0,-0.75]},"faces":{"north":{"uv":[6.375,10.125,7.5625,10.1875],"texture":"#4"},"east":{"uv":[14.25,6.125,14.8125,6.1875],"texture":"#4"},"south":{"uv":[11,10.125,12.1875,10.1875],"texture":"#4"},"west":{"uv":[14.25,8.625,14.8125,8.6875],"texture":"#4"}}}],"display":{"thirdperson_righthand":{"rotation":[75,45,0],"translation":[0,2.5,0],"scale":[0.375,0.375,0.375]},"thirdperson_lefthand":{"rotation":[75,45,0],"translation":[0,2.5,0],"scale":[0.375,0.375,0.375]},"firstperson_righthand":{"rotation":[0,45,0],"scale":[0.4,0.4,0.4]},"firstperson_lefthand":{"rotation":[0,225,0],"scale":[0.4,0.4,0.4]},"ground":{"translation":[0,3,0],"scale":[0.25,0.25,0.25]},"gui":{"rotation":[30,225,0],"scale":[0.34,0.34,0.34]},"head":{"translation":[0,-14.5,16],"scale":[3.6,3.6,3.6]},"fixed":{"scale":[0.5,0.5,0.5]}}}