{"credit":"Made with Blockbench","texture_size":[128,128],"textures":{"3":"zenavia:vehicles/suzuki_baleno_esteem_1998"},"elements":[{"from":[-0.75,1.75,-2.6],"to":[16.75,2.75,18.4],"rotation":{"angle":0,"axis":"y","origin":[-2.25,0,0]},"faces":{"north":{"uv":[13.125,9.5,15.3125,9.625],"texture":"#3"},"east":{"uv":[12,10.875,14.625,11],"texture":"#3"},"south":{"uv":[13.125,9.625,15.3125,9.75],"texture":"#3"},"west":{"uv":[12.5,11.875,15.125,12],"texture":"#3"},"up":{"uv":[5.6875,2.625,3.5,0],"texture":"#3"},"down":{"uv":[5.6875,2.625,3.5,5.25],"texture":"#3"}}},{"from":[-0.505,4.745,25.245],"to":[16.505,6.755,31.755],"rotation":{"angle":0,"axis":"y","origin":[8,5.75,28.5]},"faces":{"east":{"uv":[9.875,7,10.6875,7.25],"texture":"#3"},"south":{"uv":[12,2.625,14.125,2.875],"texture":"#3"},"west":{"uv":[10.5,5.375,11.3125,5.625],"texture":"#3"},"up":{"uv":[6.75,8.5625,4.625,7.75],"texture":"#3"},"down":{"uv":[9.875,6.375,7.75,7.1875],"texture":"#3"}}},{"from":[-0.5,4.92335,25.1215],"to":[16.5,5.92335,26.1215],"rotation":{"angle":-22.5,"axis":"x","origin":[-1.5,7.67335,26.1215]},"faces":{"north":{"uv":[10,6.25,12.125,6.375],"texture":"#3"},"east":{"uv":[3.375,5.125,3.5,5.25],"texture":"#3"},"south":{"uv":[13.125,9.75,15.25,9.875],"texture":"#3"},"west":{"uv":[7.625,6.625,7.75,6.75],"texture":"#3"},"up":{"uv":[15.25,10,13.125,9.875],"texture":"#3"},"down":{"uv":[15.25,10,13.125,10.125],"texture":"#3"}}},{"from":[-0.5,5.25111,23.84665],"to":[16.5,6.83123,24.2472],"rotation":{"angle":-45,"axis":"x","origin":[-1.5,8.00111,24.84665]},"faces":{"north":{"uv":[12.375,10.125,14.5,10.3125],"texture":"#3"},"east":{"uv":[9.75,11.625,9.8125,11.8125],"texture":"#3"},"south":{"uv":[12.375,10.375,14.5,10.5625],"texture":"#3"},"west":{"uv":[5.25,11.875,5.3125,12.0625],"texture":"#3"},"up":{"uv":[15.875,5.6875,13.75,5.625],"texture":"#3"},"down":{"uv":[16,13.125,13.875,13.1875],"texture":"#3"}}},{"from":[-0.255,2.745,26.495],"to":[16.255,4.755,29.505],"rotation":{"angle":0,"axis":"y","origin":[8,3.75,28]},"faces":{"north":{"uv":[12.125,3.875,14.1875,4.125],"texture":"#3"},"east":{"uv":[11.375,5.375,11.75,5.625],"texture":"#3"},"south":{"uv":[4.125,12.125,6.1875,12.375],"texture":"#3"},"west":{"uv":[3.375,11.625,3.75,11.875],"texture":"#3"},"up":{"uv":[12.8125,8.375,10.75,8],"texture":"#3"},"down":{"uv":[12.8125,8.375,10.75,8.75],"texture":"#3"}}},{"from":[-0.25,3.2479,29.00314],"to":[16.25,5.2479,30.50314],"rotation":{"angle":-22.5,"axis":"x","origin":[-0.75,4.2479,30.50314]},"faces":{"north":{"uv":[12.125,4.125,14.1875,4.375],"texture":"#3"},"east":{"uv":[14.125,10.625,14.3125,10.875],"texture":"#3"},"south":{"uv":[12.125,6.25,14.1875,6.5],"texture":"#3"},"west":{"uv":[14.125,12.5,14.3125,12.75],"texture":"#3"},"up":{"uv":[14.6875,0.4375,12.625,0.25],"texture":"#3"},"down":{"uv":[14.6875,4.375,12.625,4.5625],"texture":"#3"}}},{"from":[-0.25,3.49665,29.81798],"to":[16.25,5.49665,31.31798],"rotation":{"angle":22.5,"axis":"x","origin":[-0.75,4.49665,30.66798]},"faces":{"north":{"uv":[12.125,6.5,14.1875,6.75],"texture":"#3"},"east":{"uv":[14.25,4.125,14.4375,4.375],"texture":"#3"},"south":{"uv":[12.125,6.75,14.1875,7],"texture":"#3"},"west":{"uv":[14.25,6.75,14.4375,7],"texture":"#3"},"up":{"uv":[14.6875,4.8125,12.625,4.625],"texture":"#3"},"down":{"uv":[14.6875,4.875,12.625,5.0625],"texture":"#3"}}},{"from":[-1,4,-15],"to":[17,6,-10.5],"rotation":{"angle":0,"axis":"y","origin":[-2,0,0]},"faces":{"north":{"uv":[11.375,2.375,13.625,2.625],"texture":"#3"},"east":{"uv":[0.75,12,1.3125,12.25],"texture":"#3"},"south":{"uv":[11.75,6,14,6.25],"texture":"#3"},"west":{"uv":[1.375,12,1.9375,12.25],"texture":"#3"},"up":{"uv":[12.125,4.4375,9.875,3.875],"texture":"#3"},"down":{"uv":[12.125,6.375,9.875,6.9375],"texture":"#3"}}},{"from":[-0.5,2.15,-14],"to":[16.5,4.15,-11],"rotation":{"angle":0,"axis":"y","origin":[-1.5,0.15,0]},"faces":{"north":{"uv":[12,2.875,14.125,3.125],"texture":"#3"},"east":{"uv":[4.875,11.875,5.25,12.125],"texture":"#3"},"south":{"uv":[12,3.125,14.125,3.375],"texture":"#3"},"west":{"uv":[14,12,14.375,12.25],"texture":"#3"},"up":{"uv":[12.625,5.375,10.5,5],"texture":"#3"},"down":{"uv":[2.875,10.625,0.75,11],"texture":"#3"}}},{"from":[-0.495,2.25119,-14.51141],"to":[16.495,4.74119,-13.52141],"rotation":{"angle":-22.5,"axis":"x","origin":[8,3.49619,-14.01641]},"faces":{"north":{"uv":[5.375,11.125,7.5,11.4375],"texture":"#3"},"east":{"uv":[2.875,8.375,3,8.6875],"texture":"#3"},"south":{"uv":[11.375,1.625,13.5,1.9375],"texture":"#3"},"west":{"uv":[8.625,7.25,8.75,7.5625],"texture":"#3"},"up":{"uv":[15.625,11.125,13.5,11],"texture":"#3"},"down":{"uv":[15.625,11.125,13.5,11.25],"texture":"#3"}}},{"from":[-0.492,5.508,-14.492],"to":[16.492,7.492,-12.508],"rotation":{"angle":0,"axis":"y","origin":[8,6.5,-13.5]},"faces":{"north":{"uv":[12,3.375,14.125,3.625],"texture":"#3"},"east":{"uv":[2,12,2.25,12.25],"texture":"#3"},"south":{"uv":[12,3.625,14.125,3.875],"texture":"#3"},"west":{"uv":[14,6,14.25,6.25],"texture":"#3"},"up":{"uv":[8.625,12.25,6.5,12],"texture":"#3"},"down":{"uv":[11.875,12,9.75,12.25],"texture":"#3"}}},{"from":[-0.495,7.005,-14.28789],"to":[16.495,7.995,-13.29789],"rotation":{"angle":-45,"axis":"x","origin":[8,7.5,-13.79289]},"faces":{"north":{"uv":[13.5,11.25,15.625,11.375],"texture":"#3"},"east":{"uv":[8.625,7.625,8.75,7.75],"texture":"#3"},"south":{"uv":[13.625,2.5,15.75,2.625],"texture":"#3"},"west":{"uv":[2.875,8.75,3,8.875],"texture":"#3"},"up":{"uv":[15.75,7.125,13.625,7],"texture":"#3"},"down":{"uv":[15.75,7.125,13.625,7.25],"texture":"#3"}}},{"from":[-0.5,5.66591,-13.48633],"to":[16.5,8.66591,-11.98633],"rotation":{"angle":-22.5,"axis":"x","origin":[-0.5,7.66591,-12.48633]},"faces":{"north":{"uv":[9.875,10.625,12,11],"texture":"#3"},"east":{"uv":[8.375,10.125,8.5625,10.5],"texture":"#3"},"south":{"uv":[10.75,0.5,12.875,0.875],"texture":"#3"},"west":{"uv":[14.25,6.375,14.4375,6.75],"texture":"#3"},"up":{"uv":[2.875,12.6875,0.75,12.5],"texture":"#3"},"down":{"uv":[7.75,12.5,5.625,12.6875],"texture":"#3"}}},{"from":[-0.5,4.91591,-11.98633],"to":[16.5,8.41591,-10.48633],"rotation":{"angle":-22.5,"axis":"x","origin":[-0.5,7.66591,-12.48633]},"faces":{"north":{"uv":[10.5,0,12.625,0.4375],"texture":"#3"},"east":{"uv":[3.75,9.75,3.9375,10.1875],"texture":"#3"},"south":{"uv":[10.5,4.5,12.625,4.9375],"texture":"#3"},"west":{"uv":[1.75,10,1.9375,10.4375],"texture":"#3"},"up":{"uv":[9.875,12.6875,7.75,12.5],"texture":"#3"},"down":{"uv":[12,12.5,9.875,12.6875],"texture":"#3"}}},{"from":[-0.5,5.16591,-10.48633],"to":[16.5,8.16591,-8.98633],"rotation":{"angle":-22.5,"axis":"x","origin":[-0.5,7.66591,-12.48633]},"faces":{"north":{"uv":[10.75,0.875,12.875,1.25],"texture":"#3"},"east":{"uv":[6.5,14.25,6.6875,14.625],"texture":"#3"},"south":{"uv":[10.75,1.25,12.875,1.625],"texture":"#3"},"west":{"uv":[6.75,14.25,6.9375,14.625],"texture":"#3"},"up":{"uv":[14.625,11.5625,12.5,11.375],"texture":"#3"},"down":{"uv":[14.625,11.625,12.5,11.8125],"texture":"#3"}}},{"from":[-0.495,7.12344,-8.92216],"to":[16.495,9.61344,-7.43216],"rotation":{"angle":-22.5,"axis":"x","origin":[8,8.36844,-8.17716]},"faces":{"north":{"uv":[11.375,2,13.5,2.3125],"texture":"#3"},"east":{"uv":[7,14.25,7.1875,14.5625],"texture":"#3"},"south":{"uv":[11.375,11,13.5,11.3125],"texture":"#3"},"west":{"uv":[7.25,14.25,7.4375,14.5625],"texture":"#3"},"up":{"uv":[14.125,12.6875,12,12.5],"texture":"#3"},"down":{"uv":[14.75,0,12.625,0.1875],"texture":"#3"}}},{"from":[-0.5,4.0603,-7.9626],"to":[16.5,9.8103,-1.9626],"rotation":{"angle":0,"axis":"y","origin":[-0.5,9.5603,-11.4626]},"faces":{"east":{"uv":[0,11.75,0.75,12.5],"texture":"#3"},"south":{"uv":[6.625,8.625,8.75,9.375],"texture":"#3"},"west":{"uv":[3.375,11.875,4.125,12.625],"texture":"#3"},"up":{"uv":[10.875,8,8.75,7.25],"texture":"#3"}}},{"from":[-0.495,7.74791,-2.36883],"to":[16.495,9.73791,-1.62883],"rotation":{"angle":22.5,"axis":"x","origin":[8,8.74291,-1.99883]},"faces":{"north":{"uv":[12,10.625,14.125,10.875],"texture":"#3"},"east":{"uv":[7.75,3.375,7.875,3.625],"texture":"#3"},"south":{"uv":[11.875,12,14,12.25],"texture":"#3"},"west":{"uv":[8.625,9.375,8.75,9.625],"texture":"#3"},"up":{"uv":[15.75,7.75,13.625,7.625],"texture":"#3"},"down":{"uv":[15.75,7.75,13.625,7.875],"texture":"#3"}}},{"from":[-0.495,1.6707,-2.5957],"to":[16.495,4.9107,-1.6057],"rotation":{"angle":-22.5,"axis":"x","origin":[8,3.2907,-2.1007]},"faces":{"east":{"uv":[3.375,4.75,3.5,5.125],"texture":"#3"},"south":{"uv":[5.375,10.75,7.5,11.125],"texture":"#3"},"west":{"uv":[7.75,3,7.875,3.375],"texture":"#3"},"down":{"uv":[15.75,7.25,13.625,7.375],"texture":"#3"}}},{"from":[-0.25,2.62817,18.0046],"to":[16.25,3.87817,18.5046],"rotation":{"angle":0,"axis":"y","origin":[-1.25,2.87817,18.7546]},"faces":{"north":{"uv":[5.625,12.75,7.6875,12.9375],"texture":"#3"},"east":{"uv":[3.25,12.25,3.3125,12.4375],"texture":"#3"},"south":{"uv":[12.75,7.375,14.8125,7.5625],"texture":"#3"},"west":{"uv":[4,12.625,4.0625,12.8125],"texture":"#3"},"up":{"uv":[15.9375,13.8125,13.875,13.75],"texture":"#3"},"down":{"uv":[15.9375,13.875,13.875,13.9375],"texture":"#3"}}},{"from":[-0.25,6.25,22.05],"to":[16.25,11.25,30.55],"rotation":{"angle":0,"axis":"y","origin":[-2.25,0,0]},"faces":{"north":{"uv":[9.875,2.625,11.9375,3.25],"texture":"#3"},"east":{"uv":[11.375,11.375,12.4375,12],"texture":"#3"},"south":{"uv":[9.875,3.25,11.9375,3.875],"texture":"#3"},"west":{"uv":[5.375,11.5,6.4375,12.125],"texture":"#3"},"up":{"uv":[7.8125,4.6875,5.75,3.625],"texture":"#3"}}},{"from":[-0.245,6.78271,21.68441],"to":[16.245,9.27271,23.17441],"rotation":{"angle":22.5,"axis":"x","origin":[8,8.02771,22.42941]},"faces":{"north":{"uv":[6.5,11.625,8.5625,11.9375],"texture":"#3"},"east":{"uv":[13.625,14.25,13.8125,14.5625],"texture":"#3"},"west":{"uv":[14.25,14,14.4375,14.3125],"texture":"#3"},"up":{"uv":[14.6875,5.3125,12.625,5.125],"texture":"#3"}}},{"from":[-0.25,6.72637,20.04152],"to":[16.25,7.22637,22.04152],"rotation":{"angle":-22.5,"axis":"x","origin":[-1.25,6.47637,21.04152]},"faces":{"north":{"uv":[13.875,13.25,15.9375,13.3125],"texture":"#3"},"east":{"uv":[10.5,0.5,10.75,0.5625],"texture":"#3"},"south":{"uv":[13.875,13.375,15.9375,13.4375],"texture":"#3"},"west":{"uv":[1.75,10.5,2,10.5625],"texture":"#3"},"up":{"uv":[2.8125,12.5,0.75,12.25],"texture":"#3"},"down":{"uv":[8.3125,12.25,6.25,12.5],"texture":"#3"}}},{"from":[-0.25,5.79915,19.15385],"to":[16.25,6.29915,20.65385],"rotation":{"angle":-45,"axis":"x","origin":[-1.25,5.54915,19.65385]},"faces":{"east":{"uv":[6.25,12.125,6.4375,12.1875],"texture":"#3"},"south":{"uv":[13.875,13.5,15.9375,13.5625],"texture":"#3"},"west":{"uv":[14.375,0.75,14.5625,0.8125],"texture":"#3"},"up":{"uv":[14.6875,12.4375,12.625,12.25],"texture":"#3"},"down":{"uv":[2.8125,12.75,0.75,12.9375],"texture":"#3"}}},{"from":[-0.25,3.51504,18.3302],"to":[16.25,5.51504,18.8302],"rotation":{"angle":22.5,"axis":"x","origin":[-1.25,4.51504,19.0802]},"faces":{"north":{"uv":[8.375,12.25,10.4375,12.5],"texture":"#3"},"east":{"uv":[9.75,2.625,9.8125,2.875],"texture":"#3"},"south":{"uv":[10.5,12.25,12.5625,12.5],"texture":"#3"},"west":{"uv":[10.75,7,10.8125,7.25],"texture":"#3"},"down":{"uv":[15.9375,13.625,13.875,13.6875],"texture":"#3"}}},{"from":[0.25,3.55992,12.6633],"to":[15.75,4.30992,16.6633],"rotation":{"angle":-45,"axis":"x","origin":[-2.25,-10.94008,-1.3367]},"faces":{"north":{"uv":[13.625,9.25,15.5625,9.375],"texture":"#3"},"east":{"uv":[6.5,5.75,7,5.875],"texture":"#3"},"west":{"uv":[9.875,10.5,10.375,10.625],"texture":"#3"},"up":{"uv":[12.3125,10.125,10.375,9.625],"texture":"#3"},"down":{"uv":[12.3125,10.125,10.375,10.625],"texture":"#3"}}},{"from":[0.25,14.5,7.075],"to":[15.75,15.25,18.575],"rotation":{"angle":0,"axis":"y","origin":[-2.25,0,-1.425]},"faces":{"north":{"uv":[13.625,8.875,15.5625,9],"texture":"#3"},"east":{"uv":[8.5,5.625,9.9375,5.75],"texture":"#3"},"south":{"uv":[13.625,9,15.5625,9.125],"texture":"#3"},"west":{"uv":[10.75,9.5,12.1875,9.625],"texture":"#3"},"up":{"uv":[7.6875,2.0625,5.75,0.625],"texture":"#3"},"down":{"uv":[7.6875,2.125,5.75,3.5625],"texture":"#3"}}},{"from":[0.25,12.23244,17.97477],"to":[15.75,12.98244,24.47477],"rotation":{"angle":22.5,"axis":"x","origin":[-1.25,12.60744,23.97477]},"faces":{"north":{"uv":[13.625,9.375,15.5625,9.5],"texture":"#3"},"east":{"uv":[6.5,11.5,7.3125,11.625],"texture":"#3"},"south":{"uv":[13.625,12.75,15.5625,12.875],"texture":"#3"},"west":{"uv":[14,2.375,14.8125,2.5],"texture":"#3"},"up":{"uv":[10.6875,8.8125,8.75,8],"texture":"#3"},"down":{"uv":[3.9375,8.875,2,9.6875],"texture":"#3"}}},{"from":[0.245,11.33078,19.48423],"to":[15.755,13.84078,26.49423],"rotation":{"angle":45,"axis":"x","origin":[8,12.58578,22.98923]},"faces":{"east":{"uv":[1.875,13,2.75,13.3125],"texture":"#3"},"south":{"uv":[11.625,7,13.5625,7.3125],"texture":"#3"},"west":{"uv":[5.625,13,6.5,13.3125],"texture":"#3"},"up":{"uv":[9.8125,4.75,7.875,3.875],"texture":"#3"},"down":{"uv":[1.9375,8.375,0,9.25],"texture":"#3"}}},{"from":[0.25,8.77254,7.28109],"to":[15.75,9.52254,14.28109],"rotation":{"angle":-22.5,"axis":"x","origin":[-2.25,-5.72746,-3.71891]},"faces":{"east":{"uv":[7.75,7.625,8.625,7.75],"texture":"#3"},"south":{"uv":[13.625,9.125,15.5625,9.25],"texture":"#3"},"west":{"uv":[2,8.75,2.875,8.875],"texture":"#3"},"up":{"uv":[8.6875,8.625,6.75,7.75],"texture":"#3"},"down":{"uv":[9.8125,3,7.875,3.875],"texture":"#3"}}},{"from":[0,2.5,-2.25],"to":[16,10,4.25],"rotation":{"angle":0,"axis":"y","origin":[-2,0,0]},"faces":{"north":{"uv":[5.75,6.75,7.75,7.6875],"texture":"#3"},"east":{"uv":[2.875,10.625,3.6875,11.5625],"texture":"#3"},"west":{"uv":[3.75,10.875,4.5625,11.8125],"texture":"#3"},"up":{"uv":[10.5,5.5625,8.5,4.75],"texture":"#3"},"down":{"uv":[6.625,8.625,4.625,9.4375],"texture":"#3"}}},{"from":[0,2.25,4.25],"to":[16,10.25,10.25],"rotation":{"angle":0,"axis":"y","origin":[-2,0,0]},"faces":{"north":{"uv":[6.5,4.75,8.5,5.75],"texture":"#3"},"east":{"uv":[4.625,10.875,5.375,11.875],"texture":"#3"},"west":{"uv":[10.875,7,11.625,8],"texture":"#3"},"up":{"uv":[10.75,9.625,8.75,8.875],"texture":"#3"},"down":{"uv":[2,9.25,0,10],"texture":"#3"}}},{"from":[0,2.5,10.25],"to":[16,10.5,16.25],"rotation":{"angle":0,"axis":"y","origin":[-2,0,0]},"faces":{"north":{"uv":[1.75,6.75,3.75,7.75],"texture":"#3"},"east":{"uv":[0.75,11,1.5,12],"texture":"#3"},"west":{"uv":[1.5,11,2.25,12],"texture":"#3"},"up":{"uv":[11.375,2.625,9.375,1.875],"texture":"#3"},"down":{"uv":[8.625,9.375,6.625,10.125],"texture":"#3"}}},{"from":[0,2.75,16.25],"to":[16,10.75,22.25],"rotation":{"angle":0,"axis":"y","origin":[-2,0,0]},"faces":{"north":{"uv":[3.75,6.75,5.75,7.75],"texture":"#3"},"east":{"uv":[9.875,11,10.625,12],"texture":"#3"},"west":{"uv":[10.625,11,11.375,12],"texture":"#3"},"up":{"uv":[6,10.25,4,9.5],"texture":"#3"}}},{"from":[0.005,10.21052,19.77744],"to":[15.995,11.20052,22.76744],"rotation":{"angle":-22.5,"axis":"x","origin":[8,10.70552,21.27244]},"faces":{"north":{"uv":[13.625,7.875,15.625,8],"texture":"#3"},"east":{"uv":[0,14.375,0.375,14.5],"texture":"#3"},"south":{"uv":[13.625,8.75,15.625,8.875],"texture":"#3"},"west":{"uv":[0.375,14.375,0.75,14.5],"texture":"#3"},"up":{"uv":[12.75,9.125,10.75,8.75],"texture":"#3"},"down":{"uv":[12.75,9.125,10.75,9.5],"texture":"#3"}}},{"name":"octagon","from":[-0.642,1.68325,-10.242],"to":[1.842,4.56675,-3.258],"rotation":{"angle":45,"axis":"x","origin":[6.35,3.125,-6.75]},"faces":{"north":{"uv":[1.375,13.875,1.6875,14.25],"texture":"#3"},"east":{"uv":[0,7.375,0.875,7.75],"texture":"#3"},"south":{"uv":[6.5,13.875,6.8125,14.25],"texture":"#3"},"west":{"uv":[0.875,7.375,1.75,7.75],"texture":"#3"},"up":{"uv":[6.8125,13.875,6.5,13],"texture":"#3"},"down":{"uv":[7.1875,13,6.875,13.875],"texture":"#3"}}},{"name":"octagon","from":[-0.65,1.67525,-10.25],"to":[1.85,4.57475,-3.25],"rotation":{"angle":0,"axis":"y","origin":[6.35,3.125,-6.75]},"faces":{"north":{"uv":[6.875,13.875,7.1875,14.25],"texture":"#3"},"east":{"uv":[7.75,7.25,8.625,7.625],"texture":"#3"},"south":{"uv":[7.25,13.875,7.5625,14.25],"texture":"#3"},"west":{"uv":[2,8.375,2.875,8.75],"texture":"#3"},"up":{"uv":[7.5625,13.875,7.25,13],"texture":"#3"},"down":{"uv":[0.3125,13.125,0,14],"texture":"#3"}}},{"name":"octagon","from":[-0.645,-0.37,-8.19475],"to":[1.845,6.62,-5.30525],"rotation":{"angle":45,"axis":"x","origin":[6.35,3.125,-6.75]},"faces":{"north":{"uv":[0.375,13.125,0.6875,14],"texture":"#3"},"east":{"uv":[2.875,12.25,3.25,13.125],"texture":"#3"},"south":{"uv":[2.75,13.125,3.0625,14],"texture":"#3"},"west":{"uv":[3.25,12.625,3.625,13.5],"texture":"#3"},"up":{"uv":[0.3125,14.375,0,14],"texture":"#3"},"down":{"uv":[0.6875,14,0.375,14.375],"texture":"#3"}}},{"name":"octagon","from":[-0.655,-0.38,-8.20475],"to":[1.855,6.63,-5.29525],"rotation":{"angle":0,"axis":"y","origin":[6.35,3.125,-6.75]},"faces":{"north":{"uv":[8.125,13.125,8.4375,14],"texture":"#3"},"east":{"uv":[3.625,12.625,4,13.5],"texture":"#3"},"south":{"uv":[8.5,13.125,8.8125,14],"texture":"#3"},"west":{"uv":[7.75,12.75,8.125,13.625],"texture":"#3"},"up":{"uv":[14.3125,0.875,14,0.5],"texture":"#3"},"down":{"uv":[14.3125,0.875,14,1.25],"texture":"#3"}}},{"name":"octagon","from":[-0.642,1.68325,19.183],"to":[1.842,4.56675,26.167],"rotation":{"angle":45,"axis":"x","origin":[6.35,3.125,22.675]},"faces":{"north":{"uv":[4.625,14.125,4.9375,14.5],"texture":"#3"},"east":{"uv":[12.875,0.5,13.75,0.875],"texture":"#3"},"south":{"uv":[5,14.125,5.3125,14.5],"texture":"#3"},"west":{"uv":[12.875,0.875,13.75,1.25],"texture":"#3"},"up":{"uv":[7.9375,14.5,7.625,13.625],"texture":"#3"},"down":{"uv":[9.1875,13.625,8.875,14.5],"texture":"#3"}}},{"name":"octagon","from":[-0.65,1.67525,19.175],"to":[1.85,4.57475,26.175],"rotation":{"angle":0,"axis":"y","origin":[6.35,3.125,22.675]},"faces":{"north":{"uv":[3.875,14.125,4.1875,14.5],"texture":"#3"},"east":{"uv":[12.75,9.125,13.625,9.5],"texture":"#3"},"south":{"uv":[4.25,14.125,4.5625,14.5],"texture":"#3"},"west":{"uv":[12,12.75,12.875,13.125],"texture":"#3"},"up":{"uv":[3.8125,14.375,3.5,13.5],"texture":"#3"},"down":{"uv":[13.9375,1.625,13.625,2.5],"texture":"#3"}}},{"name":"octagon","from":[-0.645,-0.37,21.23025],"to":[1.845,6.62,24.11975],"rotation":{"angle":45,"axis":"x","origin":[6.35,3.125,22.675]},"faces":{"north":{"uv":[5.875,13.375,6.1875,14.25],"texture":"#3"},"east":{"uv":[11.25,12.75,11.625,13.625],"texture":"#3"},"south":{"uv":[3.125,13.5,3.4375,14.375],"texture":"#3"},"west":{"uv":[11.625,12.75,12,13.625],"texture":"#3"},"up":{"uv":[14.4375,3.375,14.125,3],"texture":"#3"},"down":{"uv":[14.4375,3.375,14.125,3.75],"texture":"#3"}}},{"name":"octagon","from":[-0.655,-0.38,21.22025],"to":[1.855,6.63,24.12975],"rotation":{"angle":0,"axis":"y","origin":[6.35,3.125,22.675]},"faces":{"north":{"uv":[2.25,13.375,2.5625,14.25],"texture":"#3"},"east":{"uv":[10.5,12.75,10.875,13.625],"texture":"#3"},"south":{"uv":[5.5,13.375,5.8125,14.25],"texture":"#3"},"west":{"uv":[10.875,12.75,11.25,13.625],"texture":"#3"},"up":{"uv":[14.1875,14.375,13.875,14],"texture":"#3"},"down":{"uv":[14.4375,2.625,14.125,3],"texture":"#3"}}},{"name":"octagon","from":[14.158,1.68325,-10.242],"to":[16.642,4.56675,-3.258],"rotation":{"angle":45,"axis":"x","origin":[9.65,3.125,-6.75]},"faces":{"north":{"uv":[14,1.25,14.3125,1.625],"texture":"#3"},"east":{"uv":[7.5,11.25,8.375,11.625],"texture":"#3"},"south":{"uv":[14,1.625,14.3125,2],"texture":"#3"},"west":{"uv":[12.75,7.625,13.625,8],"texture":"#3"},"up":{"uv":[12.3125,14,12,13.125],"texture":"#3"},"down":{"uv":[12.6875,13.125,12.375,14],"texture":"#3"}}},{"name":"octagon","from":[14.15,1.67525,-10.25],"to":[16.65,4.57475,-3.25],"rotation":{"angle":0,"axis":"y","origin":[9.65,3.125,-6.75]},"faces":{"north":{"uv":[14,2,14.3125,2.375],"texture":"#3"},"east":{"uv":[8.125,12.75,9,13.125],"texture":"#3"},"south":{"uv":[2.625,14,2.9375,14.375],"texture":"#3"},"west":{"uv":[12.75,8.75,13.625,9.125],"texture":"#3"},"up":{"uv":[4.3125,14.125,4,13.25],"texture":"#3"},"down":{"uv":[4.6875,13.25,4.375,14.125],"texture":"#3"}}},{"name":"octagon","from":[14.155,-0.37,-8.19475],"to":[16.645,6.62,-5.30525],"rotation":{"angle":45,"axis":"x","origin":[9.65,3.125,-6.75]},"faces":{"north":{"uv":[4.75,13.25,5.0625,14.125],"texture":"#3"},"east":{"uv":[9,12.75,9.375,13.625],"texture":"#3"},"south":{"uv":[5.125,13.25,5.4375,14.125],"texture":"#3"},"west":{"uv":[9.375,12.75,9.75,13.625],"texture":"#3"},"up":{"uv":[8.3125,14.375,8,14],"texture":"#3"},"down":{"uv":[8.6875,14,8.375,14.375],"texture":"#3"}}},{"name":"octagon","from":[14.145,-0.38,-8.20475],"to":[16.655,6.63,-5.29525],"rotation":{"angle":0,"axis":"y","origin":[9.65,3.125,-6.75]},"faces":{"north":{"uv":[13.25,12.75,13.5625,13.625],"texture":"#3"},"east":{"uv":[9.75,12.75,10.125,13.625],"texture":"#3"},"south":{"uv":[1.875,13.375,2.1875,14.25],"texture":"#3"},"west":{"uv":[10.125,12.75,10.5,13.625],"texture":"#3"},"up":{"uv":[12.1875,14.375,11.875,14],"texture":"#3"},"down":{"uv":[12.5625,14,12.25,14.375],"texture":"#3"}}},{"name":"octagon","from":[14.158,1.68325,19.183],"to":[16.642,4.56675,26.167],"rotation":{"angle":45,"axis":"x","origin":[9.65,3.125,22.675]},"faces":{"north":{"uv":[5.75,14.25,6.0625,14.625],"texture":"#3"},"east":{"uv":[12.875,8,13.75,8.375],"texture":"#3"},"south":{"uv":[14.25,6,14.5625,6.375],"texture":"#3"},"west":{"uv":[12.875,8.375,13.75,8.75],"texture":"#3"},"up":{"uv":[11.8125,14.5,11.5,13.625],"texture":"#3"},"down":{"uv":[13.0625,13.625,12.75,14.5],"texture":"#3"}}},{"name":"octagon","from":[14.15,1.67525,19.175],"to":[16.65,4.57475,26.175],"rotation":{"angle":0,"axis":"y","origin":[9.65,3.125,22.675]},"faces":{"north":{"uv":[14.25,3.75,14.5625,4.125],"texture":"#3"},"east":{"uv":[12.875,1.25,13.75,1.625],"texture":"#3"},"south":{"uv":[5.375,14.25,5.6875,14.625],"texture":"#3"},"west":{"uv":[12.875,5.375,13.75,5.75],"texture":"#3"},"up":{"uv":[11.0625,14.5,10.75,13.625],"texture":"#3"},"down":{"uv":[11.4375,13.625,11.125,14.5],"texture":"#3"}}},{"name":"octagon","from":[14.155,-0.37,21.23025],"to":[16.645,6.62,24.11975],"rotation":{"angle":45,"axis":"x","origin":[9.65,3.125,22.675]},"faces":{"north":{"uv":[10,13.625,10.3125,14.5],"texture":"#3"},"east":{"uv":[1.125,13,1.5,13.875],"texture":"#3"},"south":{"uv":[10.375,13.625,10.6875,14.5],"texture":"#3"},"west":{"uv":[1.5,13,1.875,13.875],"texture":"#3"},"up":{"uv":[2.0625,14.625,1.75,14.25],"texture":"#3"},"down":{"uv":[2.4375,14.25,2.125,14.625],"texture":"#3"}}},{"name":"octagon","from":[14.145,-0.38,21.22025],"to":[16.655,6.63,24.12975],"rotation":{"angle":0,"axis":"y","origin":[9.65,3.125,22.675]},"faces":{"north":{"uv":[9.25,13.625,9.5625,14.5],"texture":"#3"},"east":{"uv":[12.875,12.75,13.25,13.625],"texture":"#3"},"south":{"uv":[9.625,13.625,9.9375,14.5],"texture":"#3"},"west":{"uv":[0.75,13,1.125,13.875],"texture":"#3"},"up":{"uv":[1.3125,14.625,1,14.25],"texture":"#3"},"down":{"uv":[1.6875,14.25,1.375,14.625],"texture":"#3"}}},{"from":[1,2.375,-11.25],"to":[15,7.375,26.75],"rotation":{"angle":0,"axis":"y","origin":[0,2.375,-11.25]},"faces":{"north":{"uv":[0,10,1.75,10.625],"texture":"#3"},"east":{"uv":[1.75,5.25,6.5,5.875],"texture":"#3"},"south":{"uv":[10,5.625,11.75,6.25],"texture":"#3"},"west":{"uv":[5.75,0,10.5,0.625],"texture":"#3"},"up":{"uv":[1.75,4.75,0,0],"texture":"#3"},"down":{"uv":[3.5,0,1.75,4.75],"texture":"#3"}}},{"from":[14.75,8.77254,7.28109],"to":[1.25,9.52254,12.28109],"rotation":{"angle":-22.5,"axis":"x","origin":[11.25,-5.72746,-3.71891]},"faces":{"east":{"uv":[7,6.625,7.625,6.75],"texture":"#3"},"south":{"uv":[13.625,13,15.3125,13.125],"texture":"#3"},"west":{"uv":[2.25,11.5,2.875,11.625],"texture":"#3"}}},{"from":[14.75,3.55992,13.1633],"to":[1.25,4.30992,16.6633],"rotation":{"angle":-45,"axis":"x","origin":[11.25,-10.94008,-1.3367]},"faces":{"north":{"uv":[13.625,12.875,15.3125,13],"texture":"#3"},"east":{"uv":[12.125,4.375,12.5625,4.5],"texture":"#3"},"west":{"uv":[5.625,12.375,6.0625,12.5],"texture":"#3"}}},{"from":[-0.505,2.79189,-10.88718],"to":[16.505,7.30189,-2.37718],"rotation":{"angle":0,"axis":"y","origin":[8,5.04689,7.93032]},"faces":{"east":{"uv":[2.25,11.625,3.3125,12.1875],"texture":"#3"},"west":{"uv":[11.625,7.375,12.6875,7.9375],"texture":"#3"}}},{"from":[-0.255,2.74189,18.21282],"to":[16.255,7.25189,26.72282],"rotation":{"angle":0,"axis":"y","origin":[8,4.99689,7.90532]},"faces":{"east":{"uv":[8.625,11.625,9.6875,12.1875],"texture":"#3"},"west":{"uv":[11.75,5.375,12.8125,5.9375],"texture":"#3"}}},{"from":[-4,9.5,0],"to":[0.5,14,0],"rotation":{"angle":22.5,"axis":"y","origin":[-1.75,11.75,0]},"faces":{"north":{"uv":[4,8.875,4.5625,9.4375],"texture":"#3"},"east":{"uv":[0,0,0,0.5625],"texture":"#3"},"south":{"uv":[6,9.5,6.5625,10.0625],"texture":"#3"},"west":{"uv":[0,0,0,0.5625],"texture":"#3"},"up":{"uv":[0.5625,0,0,0],"texture":"#3"},"down":{"uv":[0.5625,0,0,0],"texture":"#3"}}},{"from":[15.5,9.5,0],"to":[20,14,0],"rotation":{"angle":-22.5,"axis":"y","origin":[17.75,11.75,0]},"faces":{"north":{"uv":[4.5625,8.875,4,9.4375],"texture":"#3"},"east":{"uv":[0,0,0,0.5625],"texture":"#3"},"south":{"uv":[6.5625,9.5,6,10.0625],"texture":"#3"},"west":{"uv":[0,0,0,0.5625],"texture":"#3"},"up":{"uv":[0,0,0.5625,0],"texture":"#3"},"down":{"uv":[0,0,0.5625,0],"texture":"#3"}}},{"from":[0.5,9.625,-1.1],"to":[0.5,14.625,22.4],"rotation":{"angle":0,"axis":"y","origin":[-1.5,10,-0.85]},"faces":{"north":{"uv":[0,0,0,0.625],"texture":"#3"},"east":{"uv":[7,5.75,9.9375,6.375],"texture":"#3"},"south":{"uv":[0,0,0,0.625],"texture":"#3"},"west":{"uv":[0,7.75,2.9375,8.375],"texture":"#3"},"up":{"uv":[0,2.9375,0,0],"texture":"#3"},"down":{"uv":[0,0,0,2.9375],"texture":"#3"}}},{"from":[15.5,9.625,-1.05],"to":[15.5,14.625,22.45],"rotation":{"angle":0,"axis":"y","origin":[17.5,10,-0.8]},"faces":{"east":{"uv":[7.75,0.625,10.6875,1.25],"texture":"#3"},"west":{"uv":[7.75,1.25,10.6875,1.875],"texture":"#3"}}},{"from":[15,4.26066,-1.31434],"to":[1,10.76066,19.68566],"rotation":{"angle":0,"axis":"y","origin":[14,-1.48934,-2.31434]},"faces":{"north":{"uv":[8.625,9.625,10.375,10.4375],"texture":"#3"},"east":{"uv":[1.75,5.875,4.375,6.6875],"texture":"#3"},"south":{"uv":[2,9.75,3.75,10.5625],"texture":"#3"},"west":{"uv":[4.375,5.875,7,6.6875],"texture":"#3"},"down":{"uv":[1.75,4.75,0,7.375],"texture":"#3"}}},{"from":[1.5,4,10.55],"to":[14.5,6,15.55],"rotation":{"angle":0,"axis":"y","origin":[15.5,-7,10.55]},"faces":{"north":{"uv":[1.75,4.75,3.375,5],"texture":"#3"},"east":{"uv":[9.875,4.5,10.5,4.75],"texture":"#3"},"south":{"uv":[1.75,5,3.375,5.25],"texture":"#3"},"west":{"uv":[5.375,10.25,6,10.5],"texture":"#3"},"up":{"uv":[7.625,10.75,6,10.125],"texture":"#3"},"down":{"uv":[5.375,10.25,3.75,10.875],"texture":"#3"}}},{"from":[1.505,5.76722,15.47259],"to":[14.495,14.75722,16.96259],"rotation":{"angle":22.5,"axis":"x","origin":[8,8.44447,11.82917]},"faces":{"north":{"uv":[7.75,1.875,9.375,3],"texture":"#3"},"east":{"uv":[6.25,13.375,6.4375,14.5],"texture":"#3"},"south":{"uv":[3,7.75,4.625,8.875],"texture":"#3"},"west":{"uv":[13.125,13.625,13.3125,14.75],"texture":"#3"},"up":{"uv":[14.5,5.9375,12.875,5.75],"texture":"#3"},"down":{"uv":[5.625,13,4,13.1875],"texture":"#3"}}},{"from":[1.75,4,1.05],"to":[7.75,6,6.05],"rotation":{"angle":0,"axis":"y","origin":[0.75,-7,1.05]},"faces":{"north":{"uv":[5.75,4.75,6.5,5],"texture":"#3"},"east":{"uv":[5.375,10.5,6,10.75],"texture":"#3"},"south":{"uv":[5.75,5,6.5,5.25],"texture":"#3"},"west":{"uv":[10.75,1.625,11.375,1.875],"texture":"#3"},"up":{"uv":[4.875,13,4.125,12.375],"texture":"#3"},"down":{"uv":[5.625,12.375,4.875,13],"texture":"#3"}}},{"from":[1.755,2.13172,6.69574],"to":[7.745,11.12172,8.18574],"rotation":{"angle":22.5,"axis":"x","origin":[8,8.44447,11.82917]},"faces":{"north":{"uv":[7.625,10.125,8.375,11.25],"texture":"#3"},"east":{"uv":[13.625,13.125,13.8125,14.25],"texture":"#3"},"south":{"uv":[8.375,10.5,9.125,11.625],"texture":"#3"},"west":{"uv":[13.375,13.625,13.5625,14.75],"texture":"#3"},"up":{"uv":[14.5,5.5625,13.75,5.375],"texture":"#3"},"down":{"uv":[14.5,8,13.75,8.1875],"texture":"#3"}}},{"from":[8.25,4,1.05],"to":[14.25,6,6.05],"rotation":{"angle":0,"axis":"y","origin":[15.25,-7,1.05]},"faces":{"north":{"uv":[7,6.375,7.75,6.625],"texture":"#3"},"east":{"uv":[2.25,11,2.875,11.25],"texture":"#3"},"south":{"uv":[4.125,11.875,4.875,12.125],"texture":"#3"},"west":{"uv":[2.25,11.25,2.875,11.5],"texture":"#3"},"up":{"uv":[13.125,10.125,12.375,9.5],"texture":"#3"},"down":{"uv":[0.75,12.5,0,13.125],"texture":"#3"}}},{"from":[8.255,2.13172,6.69574],"to":[14.245,11.12172,8.18574],"rotation":{"angle":22.5,"axis":"x","origin":[8,8.44447,11.82917]},"faces":{"north":{"uv":[9.125,10.5,9.875,11.625],"texture":"#3"},"east":{"uv":[13.75,0.5,13.9375,1.625],"texture":"#3"},"south":{"uv":[0,10.625,0.75,11.75],"texture":"#3"},"west":{"uv":[0.75,13.875,0.9375,15],"texture":"#3"},"up":{"uv":[14.5,8.4375,13.75,8.25],"texture":"#3"},"down":{"uv":[14.5,8.5,13.75,8.6875],"texture":"#3"}}},{"from":[3,7.10301,-0.96933],"to":[6,10.10301,-0.96933],"rotation":{"angle":-22.5,"axis":"x","origin":[2,13.22801,-3.21933]},"faces":{"north":{"uv":[9.375,2.625,9.75,3],"texture":"#3"},"east":{"uv":[0,0,0,0.375],"texture":"#3"},"south":{"uv":[1,13.875,1.375,14.25],"texture":"#3"},"west":{"uv":[0,0,0,0.375],"texture":"#3"},"up":{"uv":[0.375,0,0,0],"texture":"#3"},"down":{"uv":[0.375,0,0,0],"texture":"#3"}}},{"from":[4.25,8.35301,-4.96933],"to":[4.75,8.85301,-0.96933],"rotation":{"angle":-22.5,"axis":"x","origin":[2,13.22801,-3.21933]},"faces":{"north":{"uv":[9.75,2.875,9.8125,2.9375],"texture":"#3"},"east":{"uv":[14.375,0.5,14.875,0.5625],"texture":"#3"},"west":{"uv":[14.375,0.625,14.875,0.6875],"texture":"#3"},"up":{"uv":[7.5625,11.25,7.5,10.75],"texture":"#3"},"down":{"uv":[7.6875,13,7.625,13.5],"texture":"#3"}}}],"display":{"thirdperson_righthand":{"rotation":[75,45,0],"translation":[0,2.5,0],"scale":[0.375,0.375,0.375]},"thirdperson_lefthand":{"rotation":[75,45,0],"translation":[0,2.5,0],"scale":[0.375,0.375,0.375]},"firstperson_righthand":{"rotation":[0,45,0],"scale":[0.4,0.4,0.4]},"firstperson_lefthand":{"rotation":[0,225,0],"scale":[0.4,0.4,0.4]},"ground":{"translation":[0,3,0],"scale":[0.25,0.25,0.25]},"gui":{"rotation":[30,225,0],"scale":[0.34,0.34,0.34]},"head":{"translation":[0,-13.25,14.5],"scale":[3.6,3.6,3.6]},"fixed":{"scale":[0.5,0.5,0.5]}}}