{"display":{"gui":{"translation":[24,24,24]},"head":{"scale":[4,4,4],"translation":[80,73.6,80]}},"elements":[{"faces":{"down":{"texture":"#0","uv":[9.3125,0.9375,9.375,1]},"east":{"texture":"#0","uv":[9.375,1,9.3125,1.0625]},"north":{"texture":"#0","uv":[9.3125,1,9.25,1.0625]},"south":{"texture":"#0","uv":[9.4375,1,9.375,1.0625]},"up":{"texture":"#0","uv":[9.25,1,9.3125,0.9375]},"west":{"texture":"#0","uv":[9.25,1,9.1875,1.0625]}},"from":[-16,-16,-16],"shade":false,"to":[-15.52,-15.6,-15.52]}],"overrides":[],"textures":{"0":"item/w1341505778_0"}}