{"display":{"gui":{"translation":[24,24,24]},"head":{"scale":[4,4,4],"translation":[80,73.6,80]}},"elements":[{"faces":{"down":{"texture":"#0","uv":[10.875,6.75,10.5,7.125]},"east":{"texture":"#0","uv":[9.75,7.125,10.125,7.875]},"north":{"texture":"#0","uv":[10.125,7.125,10.5,7.875]},"south":{"texture":"#0","uv":[10.875,7.125,11.25,7.875]},"up":{"texture":"#0","uv":[10.5,7.125,10.125,6.75]},"west":{"texture":"#0","uv":[10.5,7.125,10.875,7.875]}},"from":[-16,-16,-16],"shade":false,"to":[-14.8,-13.6,-14.8]}],"overrides":[],"textures":{"0":"item/w1218194748_0"}}