{"display":{"gui":{"translation":[24,24,24]},"head":{"scale":[4,4,4],"translation":[80,73.6,80]}},"elements":[{"faces":{"down":{"texture":"#0","uv":[8,0,8.25,0.25]},"east":{"texture":"#0","uv":[8.25,0.25,8,0.5]},"north":{"texture":"#0","uv":[8,0.25,7.75,0.5]},"south":{"texture":"#0","uv":[8.5,0.25,8.25,0.5]},"up":{"texture":"#0","uv":[7.75,0.25,8,0]},"west":{"texture":"#0","uv":[7.75,0.25,7.5,0.5]}},"from":[-16,-16,-16],"shade":false,"to":[-14.4,-14.4,-14.4]}],"overrides":[],"textures":{"0":"item/w1341505778_0"}}