{"display":{"gui":{"translation":[24,24,24]},"head":{"scale":[4,4,4],"translation":[80,73.6,80]}},"elements":[{"faces":{"down":{"texture":"#0","uv":[7,0,6.125,0.75]},"east":{"texture":"#0","uv":[4.5,0.75,5.25,1.375]},"north":{"texture":"#0","uv":[5.25,0.75,6.125,1.375]},"south":{"texture":"#0","uv":[6.875,0.75,7.75,1.375]},"up":{"texture":"#0","uv":[6.125,0.75,5.25,0]},"west":{"texture":"#0","uv":[6.125,0.75,6.875,1.375]}},"from":[-16,-16,-16],"shade":false,"to":[-13.2,-14,-13.6]}],"overrides":[],"textures":{"0":"item/w1818848295_0"}}