{"display":{"gui":{"translation":[24,24,24]},"head":{"scale":[4,4,4],"translation":[80,73.6,80]}},"elements":[{"faces":{"down":{"texture":"#0","uv":[6.75,0,7.5,0.5]},"east":{"texture":"#0","uv":[7.25,0.5,6.75,1.125]},"north":{"texture":"#0","uv":[6.75,0.5,6,1.125]},"south":{"texture":"#0","uv":[8,0.5,7.25,1.125]},"up":{"texture":"#0","uv":[6,0.5,6.75,0]},"west":{"texture":"#0","uv":[6,0.5,5.5,1.125]}},"from":[-16,-16,-16],"shade":false,"to":[-11.2,-12,-12.8]}],"overrides":[],"textures":{"0":"item/w1341505778_0"}}