{"display":{"gui":{"translation":[24,24,24]},"head":{"scale":[4,4,4],"translation":[80,73.6,80]}},"elements":[{"faces":{"down":{"texture":"#0","uv":[10.25,10,8.5,10.75]},"east":{"texture":"#0","uv":[6,10.75,6.75,11]},"north":{"texture":"#0","uv":[6.75,10.75,8.5,11]},"south":{"texture":"#0","uv":[9.25,10.75,11,11]},"up":{"texture":"#0","uv":[8.5,10.75,6.75,10]},"west":{"texture":"#0","uv":[8.5,10.75,9.25,11]}},"from":[-5.6000004,-15.996,-9.4],"shade":false,"to":[-4.7683716e-7,-15.196,-6.999]},{"faces":{"down":{"texture":"#0","uv":[2.375,3,0,5.25]},"up":{"texture":"#0","uv":[2.375,5.25,0,3]}},"from":[-6.8,-15.596,-16],"shade":false,"to":[0.7999997,-15.596,-8.8]},{"faces":{"down":{"texture":"#0","uv":[2.375,3,0,5.25]},"up":{"texture":"#0","uv":[2.375,5.25,0,3]}},"from":[-6.8,-15.596,-16],"rotation":{"angle":-45,"axis":"y","origin":[-2.8000002,-15.596,3.7999992],"rescale":false},"shade":false,"to":[0.7999997,-15.596,-8.8]},{"faces":{"down":{"texture":"#0","uv":[2.375,3,0,5.25]},"up":{"texture":"#0","uv":[2.375,5.25,0,3]}},"from":[-6.8,-15.596,-16],"rotation":{"angle":45,"axis":"y","origin":[-2.8000002,-15.596,3.7999992],"rescale":false},"shade":false,"to":[0.7999997,-15.596,-8.8]},{"faces":{"down":{"texture":"#0","uv":[15.25,10,13.5,10.75]},"east":{"texture":"#0","uv":[11,10.75,11.75,11]},"north":{"texture":"#0","uv":[11.75,10.75,13.5,11]},"south":{"texture":"#0","uv":[14.25,10.75,16,11]},"up":{"texture":"#0","uv":[13.5,10.75,11.75,10]},"west":{"texture":"#0","uv":[13.5,10.75,14.25,11]}},"from":[-5.6000004,-16,-9.4],"rotation":{"angle":-22.5,"axis":"y","origin":[-2.8000002,-15.596,3.7999992],"rescale":false},"shade":false,"to":[-4.7683716e-7,-15.2,-6.999]},{"faces":{"down":{"texture":"#0","uv":[10.25,11,8.5,11.75]},"east":{"texture":"#0","uv":[6,11.75,6.75,12]},"north":{"texture":"#0","uv":[6.75,11.75,8.5,12]},"south":{"texture":"#0","uv":[9.25,11.75,11,12]},"up":{"texture":"#0","uv":[8.5,11.75,6.75,11]},"west":{"texture":"#0","uv":[8.5,11.75,9.25,12]}},"from":[-5.6000004,-15.996,-9.4],"rotation":{"angle":-45,"axis":"y","origin":[-2.8000002,-15.596,3.7999992],"rescale":false},"shade":false,"to":[-4.7683716e-7,-15.196,-6.999]},{"faces":{"down":{"texture":"#0","uv":[14.25,4,13.5,5.75]},"east":{"texture":"#0","uv":[11,5.75,12.75,6]},"north":{"texture":"#0","uv":[12.75,5.75,13.5,6]},"south":{"texture":"#0","uv":[15.25,5.75,16,6]},"up":{"texture":"#0","uv":[13.5,5.75,12.75,4]},"west":{"texture":"#0","uv":[13.5,5.75,15.25,6]}},"from":[8,-15.996,1],"shade":false,"to":[10.4,-15.196,6.6]},{"faces":{"down":{"texture":"#0","uv":[14.25,6,13.5,7.75]},"east":{"texture":"#0","uv":[11,7.75,12.75,8]},"north":{"texture":"#0","uv":[12.75,7.75,13.5,8]},"south":{"texture":"#0","uv":[15.25,7.75,16,8]},"up":{"texture":"#0","uv":[13.5,7.75,12.75,6]},"west":{"texture":"#0","uv":[13.5,7.75,15.25,8]}},"from":[8,-16,1],"rotation":{"angle":-22.5,"axis":"y","origin":[-2.8000002,-15.596,3.7999992],"rescale":false},"shade":false,"to":[10.4,-15.2,6.6]},{"faces":{"down":{"texture":"#0","uv":[14.25,8,13.5,9.75]},"east":{"texture":"#0","uv":[11,9.75,12.75,10]},"north":{"texture":"#0","uv":[12.75,9.75,13.5,10]},"south":{"texture":"#0","uv":[15.25,9.75,16,10]},"up":{"texture":"#0","uv":[13.5,9.75,12.75,8]},"west":{"texture":"#0","uv":[13.5,9.75,15.25,10]}},"from":[8,-15.996,1],"rotation":{"angle":-45,"axis":"y","origin":[-2.8000002,-15.596,3.7999992],"rescale":false},"shade":false,"to":[10.4,-15.196,6.6]},{"faces":{"down":{"texture":"#0","uv":[10.25,0,8.5,0.75]},"east":{"texture":"#0","uv":[6,0.75,6.75,1]},"north":{"texture":"#0","uv":[6.75,0.75,8.5,1]},"south":{"texture":"#0","uv":[9.25,0.75,11,1]},"up":{"texture":"#0","uv":[8.5,0.75,6.75,0]},"west":{"texture":"#0","uv":[8.5,0.75,9.25,1]}},"from":[-5.6000004,-15.996,14.6],"shade":false,"to":[-4.7683716e-7,-15.196,17]},{"faces":{"down":{"texture":"#0","uv":[15.25,2,13.5,2.75]},"east":{"texture":"#0","uv":[11,2.75,11.75,3]},"north":{"texture":"#0","uv":[11.75,2.75,13.5,3]},"south":{"texture":"#0","uv":[14.25,2.75,16,3]},"up":{"texture":"#0","uv":[13.5,2.75,11.75,2]},"west":{"texture":"#0","uv":[13.5,2.75,14.25,3]}},"from":[-5.6000004,-16,14.6],"rotation":{"angle":-22.5,"axis":"y","origin":[-2.8000002,-15.596,3.7999992],"rescale":false},"shade":false,"to":[-4.7683716e-7,-15.2,17]},{"faces":{"down":{"texture":"#0","uv":[15.25,3,13.5,3.75]},"east":{"texture":"#0","uv":[11,3.75,11.75,4]},"north":{"texture":"#0","uv":[11.75,3.75,13.5,4]},"south":{"texture":"#0","uv":[14.25,3.75,16,4]},"up":{"texture":"#0","uv":[13.5,3.75,11.75,3]},"west":{"texture":"#0","uv":[13.5,3.75,14.25,4]}},"from":[-5.6000004,-15.996,14.6],"rotation":{"angle":-45,"axis":"y","origin":[-2.8000002,-15.596,3.7999992],"rescale":false},"shade":false,"to":[-4.7683716e-7,-15.196,17]},{"faces":{"down":{"texture":"#0","uv":[9.25,1,8.5,2.75]},"east":{"texture":"#0","uv":[6,2.75,7.75,3]},"north":{"texture":"#0","uv":[7.75,2.75,8.5,3]},"south":{"texture":"#0","uv":[10.25,2.75,11,3]},"up":{"texture":"#0","uv":[8.5,2.75,7.75,1]},"west":{"texture":"#0","uv":[8.5,2.75,10.25,3]}},"from":[-16,-15.996,1],"shade":false,"to":[-13.6,-15.196,6.6]},{"faces":{"down":{"texture":"#0","uv":[9.25,7,8.5,8.75]},"east":{"texture":"#0","uv":[6,8.75,7.75,9]},"north":{"texture":"#0","uv":[7.75,8.75,8.5,9]},"south":{"texture":"#0","uv":[10.25,8.75,11,9]},"up":{"texture":"#0","uv":[8.5,8.75,7.75,7]},"west":{"texture":"#0","uv":[8.5,8.75,10.25,9]}},"from":[-16,-16,1],"rotation":{"angle":-22.5,"axis":"y","origin":[-2.8000002,-15.596,3.7999992],"rescale":false},"shade":false,"to":[-13.6,-15.2,6.6]},{"faces":{"down":{"texture":"#0","uv":[9.25,3,8.5,4.75]},"east":{"texture":"#0","uv":[6,4.75,7.75,5]},"north":{"texture":"#0","uv":[7.75,4.75,8.5,5]},"south":{"texture":"#0","uv":[10.25,4.75,11,5]},"up":{"texture":"#0","uv":[8.5,4.75,7.75,3]},"west":{"texture":"#0","uv":[8.5,4.75,10.25,5]}},"from":[-16,-15.996,1],"rotation":{"angle":-45,"axis":"y","origin":[-2.8000002,-15.596,3.7999992],"rescale":false},"shade":false,"to":[-13.6,-15.196,6.6]}],"overrides":[],"textures":{"0":"item/w820118821_2"}}