{"display":{"gui":{"translation":[24,24,24]},"head":{"scale":[4,4,4],"translation":[80,73.6,80]}},"elements":[{"faces":{"down":{"texture":"#0","uv":[7.875,3.125,8.0625,3.3125]},"east":{"texture":"#0","uv":[8.0625,3.3125,7.875,3.5625]},"north":{"texture":"#0","uv":[7.875,3.3125,7.6875,3.5625]},"south":{"texture":"#0","uv":[8.25,3.3125,8.0625,3.5625]},"up":{"texture":"#0","uv":[7.6875,3.3125,7.875,3.125]},"west":{"texture":"#0","uv":[7.6875,3.3125,7.5,3.5625]}},"from":[-16,-16,-16],"shade":false,"to":[-14.5,-14.2,-14.5]}],"overrides":[],"textures":{"0":"item/w1341505778_0"}}