{"display":{"gui":{"translation":[24,24,24]},"head":{"scale":[4,4,4],"translation":[80,73.6,80]}},"elements":[{"faces":{"down":{"texture":"#0","uv":[1.75,4.5,1,4.75]},"east":{"texture":"#0","uv":[0,4.75,0.25,6]},"north":{"texture":"#0","uv":[0.25,4.75,1,6]},"south":{"texture":"#0","uv":[1.25,4.75,2,6]},"up":{"texture":"#0","uv":[1,4.75,0.25,4.5]},"west":{"texture":"#0","uv":[1,4.75,1.25,6]}},"from":[-16,-16,-16],"shade":false,"to":[-14.8,-14,-15.6]}],"overrides":[],"textures":{"0":"item/w633456371_0"}}