{"display":{"gui":{"translation":[24,24,24]},"head":{"scale":[4,4,4],"translation":[80,73.6,80]}},"elements":[{"faces":{"down":{"texture":"#0","uv":[1.84375,7.25,3.34375,7.34375]},"east":{"texture":"#0","uv":[7.59375,3.0625,7.5,3.59375]},"north":{"texture":"#0","uv":[6.25,1.71875,6,2.25]},"south":{"texture":"#0","uv":[7.5,2.25,6,2.78125]},"up":{"texture":"#0","uv":[0.34375,7.34375,1.84375,7.25]},"west":{"texture":"#0","uv":[7.59375,2.53125,7.5,3.0625]}},"from":[-16,-16,-16],"shade":false,"to":[-12.8,-10.300001,-14.8]}],"overrides":[],"textures":{"0":"item/w1539464564_1"}}