{"display":{"gui":{"translation":[24,24,24]},"head":{"scale":[4,4,4],"translation":[80,73.6,80]}},"elements":[{"faces":{"down":{"texture":"#0","uv":[14.75,6.9375,14.65625,7.0625]},"east":{"texture":"#0","uv":[14.4375,7.0625,14.5625,7.1875]},"north":{"texture":"#0","uv":[14.5625,7.0625,14.65625,7.1875]},"south":{"texture":"#0","uv":[14.78125,7.0625,14.875,7.1875]},"up":{"texture":"#0","uv":[14.65625,7.0625,14.5625,6.9375]},"west":{"texture":"#0","uv":[14.65625,7.0625,14.78125,7.1875]}},"from":[-16,-16,-16],"shade":false,"to":[-14.8,-14,-14]}],"overrides":[],"textures":{"0":"item/w1539464564_1"}}