{"display":{"gui":{"translation":[24,24,24]},"head":{"scale":[4,4,4],"translation":[80,73.6,80]}},"elements":[{"faces":{"down":{"texture":"#0","uv":[2,8.625,1.375,9.375]},"east":{"texture":"#0","uv":[0,9.375,0.75,11]},"north":{"texture":"#0","uv":[0.75,9.375,1.375,11]},"south":{"texture":"#0","uv":[2.125,9.375,2.75,11]},"up":{"texture":"#0","uv":[1.375,9.375,0.75,8.625]},"west":{"texture":"#0","uv":[1.375,9.375,2.125,11]}},"from":[-16,-16,-16],"shade":false,"to":[-14,-10.8,-13.6]}],"overrides":[],"textures":{"0":"item/w1969616221_0"}}