{"display":{"gui":{"translation":[24,24,24]},"head":{"scale":[4,4,4],"translation":[80,73.6,80]}},"elements":[{"faces":{"down":{"texture":"#0","uv":[1.75,5.375,3.25,5.625]},"east":{"texture":"#0","uv":[2,5.625,1.75,5.875]},"north":{"texture":"#0","uv":[1.75,5.625,0.25,5.875]},"south":{"texture":"#0","uv":[3.5,5.625,2,5.875]},"up":{"texture":"#0","uv":[0.25,5.625,1.75,5.375]},"west":{"texture":"#0","uv":[0.25,5.625,0,5.875]}},"from":[-16,-16,-16],"shade":false,"to":[-11.2,-15.2,-15.2]},{"faces":{"down":{"texture":"#0","uv":[0.5,8.5,0.75,8.75]},"east":{"texture":"#0","uv":[0.75,8.75,0.5,8.875]},"north":{"texture":"#0","uv":[0.5,8.75,0.25,8.875]},"south":{"texture":"#0","uv":[1,8.75,0.75,8.875]},"up":{"texture":"#0","uv":[0.25,8.75,0.5,8.5]},"west":{"texture":"#0","uv":[0.25,8.75,0,8.875]}},"from":[-12.396,-15.596,-15.996],"rotation":{"angle":45,"axis":"z","origin":[-12.4,-15.2,-15.6],"rescale":false},"shade":false,"to":[-11.404,-15.2039995,-15.204]}],"overrides":[],"textures":{"0":"item/w974294966_0"}}