{"display":{"gui":{"translation":[24,24,24]},"head":{"scale":[4,4,4],"translation":[80,73.6,80]}},"elements":[{"faces":{"down":{"texture":"#0","uv":[8.5,5.5,7.5,7.25]},"east":{"texture":"#0","uv":[4.75,7.25,6.5,8.75]},"north":{"texture":"#0","uv":[6.5,7.25,7.5,8.75]},"south":{"texture":"#0","uv":[9.25,7.25,10.25,8.75]},"up":{"texture":"#0","uv":[7.5,7.25,6.5,5.5]},"west":{"texture":"#0","uv":[7.5,7.25,9.25,8.75]}},"from":[-16,-16,-16],"shade":false,"to":[-14.4,-13.6,-13.2]}],"overrides":[],"textures":{"0":"item/w1317558595_2"}}