{"display":{"gui":{"translation":[24,24,24]},"head":{"scale":[4,4,4],"translation":[80,73.6,80]}},"elements":[{"faces":{"down":{"texture":"#0","uv":[14.5,0,13.875,0.375]},"east":{"texture":"#0","uv":[12.875,0.375,13.25,0.75]},"north":{"texture":"#0","uv":[13.25,0.375,13.875,0.75]},"south":{"texture":"#0","uv":[14.25,0.375,14.875,0.75]},"up":{"texture":"#0","uv":[13.875,0.375,13.25,0]},"west":{"texture":"#0","uv":[13.875,0.375,14.25,0.75]}},"from":[-16,-16,-16],"shade":false,"to":[-14,-14.8,-14.8]},{"faces":{"down":{"texture":"#0","uv":[12.75,0.75,12.5,1.125]},"east":{"texture":"#0","uv":[11.875,1.125,12.25,1.625]},"north":{"texture":"#0","uv":[12.25,1.125,12.5,1.625]},"south":{"texture":"#0","uv":[12.875,1.125,13.125,1.625]},"up":{"texture":"#0","uv":[12.5,1.125,12.25,0.75]},"west":{"texture":"#0","uv":[12.5,1.125,12.875,1.625]}},"from":[-16,-14.8,-16],"shade":false,"to":[-15.2,-13.2,-14.8]}],"overrides":[],"textures":{"0":"item/w2041334604_1"}}