{"display":{"gui":{"translation":[24,24,24]},"head":{"scale":[4,4,4],"translation":[80,73.6,80]}},"elements":[{"faces":{"down":{"texture":"#0","uv":[14.875,14.375,14.375,14.875]},"east":{"texture":"#0","uv":[3.375,10.5,3.875,12.625]},"north":{"texture":"#0","uv":[2.75,10.5,3.25,12.625]},"south":{"texture":"#0","uv":[4,10.5,4.5,12.625]},"up":{"texture":"#0","uv":[14.25,14.875,13.75,14.375]},"west":{"texture":"#0","uv":[7.375,10.625,7.875,12.75]}},"from":[-16,-16,-16],"shade":false,"to":[-14.4,-9.4,-14.4]}],"overrides":[],"textures":{"0":"item/w680019582_0"}}