{"display":{"gui":{"translation":[24,24,24]},"head":{"scale":[4,4,4],"translation":[80,73.6,80]}},"elements":[{"faces":{"down":{"texture":"#0","uv":[7,0,8,1.75]},"east":{"texture":"#0","uv":[8.75,1.75,7,1.75]},"north":{"texture":"#0","uv":[7,1.75,6,1.75]},"south":{"texture":"#0","uv":[9.75,1.75,8.75,1.75]},"up":{"texture":"#0","uv":[6,1.75,7,0]},"west":{"texture":"#0","uv":[6,1.75,4.25,1.75]}},"from":[-16,-16,-16],"shade":false,"to":[-14.4,-16,-13.2]}],"overrides":[],"textures":{"0":"item/w1069449510_0"}}