{"display":{"gui":{"translation":[24,24,24]},"head":{"scale":[4,4,4],"translation":[80,73.6,80]}},"elements":[{"faces":{"down":{"texture":"#0","uv":[0.375,2.25,0.25,2.375]},"east":{"texture":"#0","uv":[0,2.375,0.125,2.75]},"north":{"texture":"#0","uv":[0.125,2.375,0.25,2.75]},"south":{"texture":"#0","uv":[0.375,2.375,0.5,2.75]},"up":{"texture":"#0","uv":[0.25,2.375,0.125,2.25]},"west":{"texture":"#0","uv":[0.25,2.375,0.375,2.75]}},"from":[-15.6,-16,-15.6],"shade":false,"to":[-15.200001,-14.8,-15.200001]},{"faces":{"down":{"texture":"#0","uv":[1.125,2.75,0.75,3.125]},"east":{"texture":"#0","uv":[0,3.125,0.375,3.25]},"north":{"texture":"#0","uv":[0.375,3.125,0.75,3.25]},"south":{"texture":"#0","uv":[1.125,3.125,1.5,3.25]},"up":{"texture":"#0","uv":[0.75,3.125,0.375,2.75]},"west":{"texture":"#0","uv":[0.75,3.125,1.125,3.25]}},"from":[-16,-14.92,-16],"shade":false,"to":[-14.8,-14.52,-14.8]}],"overrides":[],"textures":{"0":"item/w1295163023_0"}}