{"display":{"gui":{"translation":[24,24,24]},"head":{"scale":[4,4,4],"translation":[80,73.6,80]}},"elements":[{"faces":{"down":{"texture":"#0","uv":[13,10,11.5,10.75]},"east":{"texture":"#0","uv":[9.25,10.75,10,11.5]},"north":{"texture":"#0","uv":[10,10.75,11.5,11.5]},"south":{"texture":"#0","uv":[12.25,10.75,13.75,11.5]},"up":{"texture":"#0","uv":[11.5,10.75,10,10]},"west":{"texture":"#0","uv":[11.5,10.75,12.25,11.5]}},"from":[-15.496,-14.296,-15.496],"shade":false,"to":[-13.096001,-13.096,-14.2960005]},{"faces":{"down":{"texture":"#0","uv":[5,10,3,11]},"east":{"texture":"#0","uv":[0,11,1,11.75]},"north":{"texture":"#0","uv":[1,11,3,11.75]},"south":{"texture":"#0","uv":[4,11,6,11.75]},"up":{"texture":"#0","uv":[3,11,1,10]},"west":{"texture":"#0","uv":[3,11,4,11.75]}},"from":[-15.896,-15.496,-15.896],"shade":false,"to":[-12.696,-14.2960005,-14.296]},{"faces":{"east":{"texture":"#0","uv":[9,9,8,10]},"north":{"texture":"#0","uv":[9,9,11,10]},"south":{"texture":"#0","uv":[8,8,10,9]},"west":{"texture":"#0","uv":[8,9,9,10]}},"from":[-16,-16,-16],"shade":false,"to":[-12.592,-14.191999,-14.192]}],"overrides":[],"textures":{"0":"item/w104257585_0"}}