{"display":{"gui":{"translation":[24,24,24]},"head":{"scale":[4,4,4],"translation":[80,73.6,80]}},"elements":[{"faces":{"down":{"texture":"#0","uv":[2.25,0.9375,2.125,1.0625]},"east":{"texture":"#0","uv":[1.875,1.0625,2,1.5]},"north":{"texture":"#0","uv":[2,1.0625,2.125,1.5]},"south":{"texture":"#0","uv":[2.25,1.0625,2.375,1.5]},"up":{"texture":"#0","uv":[2.125,1.0625,2,0.9375]},"west":{"texture":"#0","uv":[2.125,1.0625,2.25,1.5]}},"from":[-16,-16,-16],"shade":false,"to":[-15.2,-13.199999,-15.2]}],"overrides":[],"textures":{"0":"item/w951537421_1"}}