{"display":{"gui":{"translation":[24,24,24]},"head":{"scale":[4,4,4],"translation":[80,73.6,80]}},"elements":[{"faces":{"down":{"texture":"#0","uv":[3.1875,11.4375,3.5,11.75]},"east":{"texture":"#0","uv":[3.5,12.5,3.1875,12.875]},"north":{"texture":"#0","uv":[3.1875,12.5,2.875,12.875]},"south":{"texture":"#0","uv":[3.8125,12.5,3.5,12.875]},"up":{"texture":"#0","uv":[2.875,11.75,3.1875,11.4375]},"west":{"texture":"#0","uv":[2.875,12.5,2.5625,12.875]}},"from":[-16,-16,-14.4],"shade":false,"to":[-14,-13.6,-12.4]},{"faces":{"down":{"texture":"#0","uv":[3.1875,11.4375,3.5,11.75]},"east":{"texture":"#0","uv":[3.5,11.8125,3.1875,12.5]},"north":{"texture":"#0","uv":[3.1875,11.8125,2.875,12.5]},"south":{"texture":"#0","uv":[3.8125,11.8125,3.5,12.5]},"up":{"texture":"#0","uv":[2.875,11.75,3.1875,11.4375]},"west":{"texture":"#0","uv":[2.875,11.8125,2.5625,12.5]}},"from":[-16,-13.6,-14.4],"shade":false,"to":[-14,-9.200001,-12.4]},{"faces":{"east":{"texture":"#0","uv":[1.875,11.5625,1.625,11.875]}},"from":[-14,-11.2,-16],"rotation":{"angle":45,"axis":"y","origin":[-14,-10.2,-14.4],"rescale":false},"shade":false,"to":[-14,-9.2,-14.4]}],"overrides":[],"textures":{"0":"item/w46940346_2"}}