{"display":{"gui":{"translation":[24,24,24]},"head":{"scale":[4,4,4],"translation":[80,73.6,80]}},"elements":[{"faces":{"down":{"texture":"#0","uv":[14.5,8.5,15,9]},"east":{"texture":"#0","uv":[15,9,14.5,10.25]},"north":{"texture":"#0","uv":[14.5,9,14,10.25]},"south":{"texture":"#0","uv":[15.5,9,15,10.25]},"up":{"texture":"#0","uv":[14,9,14.5,8.5]},"west":{"texture":"#0","uv":[14,9,13.5,10.25]}},"from":[-16,-16,-16],"shade":false,"to":[-15.2,-14,-15.2]}],"overrides":[],"textures":{"0":"item/w979748004_0"}}