{"display":{"gui":{"translation":[24,24,24]},"head":{"scale":[4,4,4],"translation":[80,73.6,80]}},"elements":[{"faces":{"down":{"texture":"#0","uv":[14,1.5,12.75,2.5]},"east":{"texture":"#0","uv":[10.5,2.5,11.5,2.75]},"north":{"texture":"#0","uv":[11.5,2.5,12.75,2.75]},"south":{"texture":"#0","uv":[13.75,2.5,15,2.75]},"up":{"texture":"#0","uv":[12.75,2.5,11.5,1.5]},"west":{"texture":"#0","uv":[12.75,2.5,13.75,2.75]}},"from":[-16,-16,-16],"shade":false,"to":[-14,-15.6,-14.4]}],"overrides":[],"textures":{"0":"item/w110990_0"}}