{"display":{"gui":{"translation":[24,24,24]},"head":{"scale":[4,4,4],"translation":[80,73.6,80]}},"elements":[{"faces":{"down":{"texture":"#0","uv":[9.5,9.5,9,10]},"east":{"texture":"#0","uv":[8,10,8.5,11.5]},"north":{"texture":"#0","uv":[8.5,10,9,11.5]},"south":{"texture":"#0","uv":[9.5,10,10,11.5]},"up":{"texture":"#0","uv":[9,10,8.5,9.5]},"west":{"texture":"#0","uv":[9,10,9.5,11.5]}},"from":[-15.8,-16,-15.6],"shade":false,"to":[-15.400001,-14.8,-15.200001]},{"faces":{"down":{"texture":"#0","uv":[12.5,9.5,11.5,10.5]},"east":{"texture":"#0","uv":[9.5,10.5,10.5,10.5]},"north":{"texture":"#0","uv":[10.5,10.5,11.5,10.5]},"south":{"texture":"#0","uv":[12.5,10.5,13.5,10.5]},"up":{"texture":"#0","uv":[11.5,10.5,10.5,9.5]},"west":{"texture":"#0","uv":[11.5,10.5,12.5,10.5]}},"from":[-16,-15.98,-16],"shade":false,"to":[-15.2,-15.98,-15.2]}],"overrides":[],"textures":{"0":"item/w713005667_0"}}