{"display":{"gui":{"translation":[24,24,24]},"head":{"scale":[4,4,4],"translation":[80,73.6,80]}},"elements":[{"faces":{"down":{"texture":"#0","uv":[5,3.375,5.5,3.875]},"east":{"texture":"#0","uv":[5.5,3.875,5,4.75]},"north":{"texture":"#0","uv":[5,3.875,4.5,4.75]},"south":{"texture":"#0","uv":[6,3.875,5.5,4.75]},"up":{"texture":"#0","uv":[4.5,3.875,5,3.375]},"west":{"texture":"#0","uv":[4.5,3.875,4,4.75]}},"from":[-16,-16,-16],"shade":false,"to":[-14.408,-13.208,-14.408]}],"overrides":[],"textures":{"0":"item/w175574275_1"}}