{"display":{"gui":{"translation":[24,24,24]},"head":{"scale":[4,4,4],"translation":[80,73.6,80]}},"elements":[{"faces":{"down":{"texture":"#0","uv":[12.5,3.875,11.375,5]},"east":{"texture":"#0","uv":[9.125,5,10.25,5.5]},"north":{"texture":"#0","uv":[10.25,5,11.375,5.5]},"south":{"texture":"#0","uv":[12.5,5,13.625,5.5]},"up":{"texture":"#0","uv":[11.375,5,10.25,3.875]},"west":{"texture":"#0","uv":[11.375,5,12.5,5.5]}},"from":[-16,-14.4,-16],"shade":false,"to":[-12.4,-12.799999,-12.4]},{"faces":{"down":{"texture":"#0","uv":[8.75,5.5,7.625,6.375]},"east":{"texture":"#0","uv":[5.625,6.375,6.5,6.875]},"north":{"texture":"#0","uv":[6.5,6.375,7.625,6.875]},"south":{"texture":"#0","uv":[8.5,6.375,9.625,6.875]},"up":{"texture":"#0","uv":[7.625,6.375,6.5,5.5]},"west":{"texture":"#0","uv":[7.625,6.375,8.5,6.875]}},"from":[-16,-16,-15.2],"shade":false,"to":[-12.4,-14.4,-12.4]},{"faces":{"down":{"texture":"#0","uv":[2.375,0,1.625,0.75]},"east":{"texture":"#0","uv":[0.125,0.75,0.875,1.375]},"north":{"texture":"#0","uv":[0.875,0.75,1.625,1.375]},"south":{"texture":"#0","uv":[2.375,0.75,3.125,1.375]},"up":{"texture":"#0","uv":[1.625,0.75,0.875,0]},"west":{"texture":"#0","uv":[1.625,0.75,2.375,1.375]}},"from":[-15.4,-15.6,-15.6],"shade":false,"to":[-13,-13.6,-13.200001]}],"overrides":[],"textures":{"0":"item/w402566334_0"}}