{"display":{"gui":{"translation":[24,24,24]},"head":{"scale":[4,4,4],"translation":[80,73.6,80]}},"elements":[{"faces":{"down":{"texture":"#0","uv":[12,0,10.375,2.25]},"east":{"texture":"#0","uv":[6.5,2.25,8.75,3.75]},"north":{"texture":"#0","uv":[8.75,2.25,10.375,3.75]},"south":{"texture":"#0","uv":[12.625,2.25,14.25,3.75]},"up":{"texture":"#0","uv":[10.375,2.25,8.75,0]},"west":{"texture":"#0","uv":[10.375,2.25,12.625,3.75]}},"from":[-16,-16,-16],"shade":false,"to":[-10.8,-11.2,-8.8]},{"faces":{"down":{"texture":"#0","uv":[4.375,1.625,3.25,3.625]},"east":{"texture":"#0","uv":[0.125,3.625,2.125,4.75]},"north":{"texture":"#0","uv":[2.125,3.625,3.25,4.75]},"south":{"texture":"#0","uv":[5.25,3.625,6.375,4.75]},"up":{"texture":"#0","uv":[3.25,3.625,2.125,1.625]},"west":{"texture":"#0","uv":[3.25,3.625,5.25,4.75]}},"from":[-15.2,-15.6,-15.6],"shade":false,"to":[-11.6,-12,-9.200001]}],"overrides":[],"textures":{"0":"item/w1742311762_0"}}