{"display":{"gui":{"translation":[24,24,24]},"head":{"scale":[4,4,4],"translation":[80,73.6,80]}},"elements":[{"faces":{"down":{"texture":"#0","uv":[4.875,0.125,5.25,0.25]},"east":{"texture":"#0","uv":[5,0.25,4.875,0.5]},"north":{"texture":"#0","uv":[4.875,0.25,4.5,0.5]},"south":{"texture":"#0","uv":[5.375,0.25,5,0.5]},"up":{"texture":"#0","uv":[4.5,0.25,4.875,0.125]},"west":{"texture":"#0","uv":[4.5,0.25,4.375,0.5]}},"from":[-16,-16,-16],"shade":false,"to":[-14.8,-15.2,-15.6]}],"overrides":[],"textures":{"0":"item/w1606295469_0"}}