{"display":{"gui":{"translation":[24,24,24]},"head":{"scale":[4,4,4],"translation":[80,73.6,80]}},"elements":[{"faces":{"down":{"texture":"#0","uv":[3.25,8,2,8.75]},"east":{"texture":"#0","uv":[0,8.75,0.75,9.5]},"north":{"texture":"#0","uv":[0.75,8.75,2,9.5]},"south":{"texture":"#0","uv":[2.75,8.75,4,9.5]},"up":{"texture":"#0","uv":[2,8.75,0.75,8]},"west":{"texture":"#0","uv":[2,8.75,2.75,9.5]}},"from":[-16,-16,-16],"shade":false,"to":[-14.58016,-15.582399,-15.5824]}],"overrides":[],"textures":{"0":"item/w1670121985_3"}}