{"display":{"gui":{"translation":[24,24,24]},"head":{"scale":[4,4,4],"translation":[80,73.6,80]}},"elements":[{"faces":{"down":{"texture":"#0","uv":[3.625,2.5,4.25,2.875]},"east":{"texture":"#0","uv":[4,2.875,3.625,3.25]},"north":{"texture":"#0","uv":[3.625,2.875,3,3.25]},"south":{"texture":"#0","uv":[4.625,2.875,4,3.25]},"up":{"texture":"#0","uv":[3,2.875,3.625,2.5]},"west":{"texture":"#0","uv":[3,2.875,2.625,3.25]}},"from":[-16,-16,-16],"shade":false,"to":[-13.8,-14.639999,-14.74]}],"overrides":[],"textures":{"0":"item/w537037264_0"}}