{"display":{"gui":{"translation":[24,24,24]},"head":{"scale":[4,4,4],"translation":[80,73.6,80]}},"elements":[{"faces":{"down":{"texture":"#0","uv":[15.25,2.125,14.75,2.25]},"east":{"texture":"#0","uv":[14.125,2.25,14.25,2.75]},"north":{"texture":"#0","uv":[14.25,2.25,14.75,2.75]},"south":{"texture":"#0","uv":[14.875,2.25,15.375,2.75]},"up":{"texture":"#0","uv":[14.75,2.25,14.25,2.125]},"west":{"texture":"#0","uv":[14.75,2.25,14.875,2.75]}},"from":[-16,-16,-16],"shade":false,"to":[-14.171027,-14.306702,-15.4492]}],"overrides":[],"textures":{"0":"item/w537037264_0"}}