{"display":{"gui":{"translation":[24,24,24]},"head":{"scale":[4,4,4],"translation":[80,73.6,80]}},"elements":[{"faces":{"down":{"texture":"#0","uv":[8.125,9.875,7.75,10.125]},"east":{"texture":"#0","uv":[0.875,6.625,1.125,7]},"north":{"texture":"#0","uv":[1.75,9.625,2.125,10]},"south":{"texture":"#0","uv":[2.125,9.625,2.5,10]},"up":{"texture":"#0","uv":[2.375,9.125,2,8.875]},"west":{"texture":"#0","uv":[4.75,6.625,5,7]}},"from":[-16,-16,-15.831286],"rotation":{"angle":-22.5,"axis":"x","origin":[-15.5,-15.6,-15.031286],"rescale":false},"shade":false,"to":[-14.9,-15,-15.231286]},{"faces":{"down":{"texture":"#0","uv":[6.5,5.875,6.125,6.125]},"east":{"texture":"#0","uv":[1.25,4.5,1.5,4.875]},"north":{"texture":"#0","uv":[1,9.625,1.375,10]},"south":{"texture":"#0","uv":[1.375,9.625,1.75,10]},"up":{"texture":"#0","uv":[3.125,4,2.75,3.75]},"west":{"texture":"#0","uv":[4.75,6.25,5,6.625]}},"from":[-16,-15.351819,-16],"shade":false,"to":[-14.9,-14.151819,-15.4]}],"overrides":[],"textures":{"0":"item/w886900139_1"}}