{"display":{"gui":{"translation":[24,24,24]},"head":{"scale":[4,4,4],"translation":[80,73.6,80]}},"elements":[{"faces":{"down":{"texture":"#0","uv":[9.5,7.875,8.875,8.375]},"east":{"texture":"#0","uv":[10,8,10.5,8.125]},"north":{"texture":"#0","uv":[5.25,5.125,5.875,5.25]},"south":{"texture":"#0","uv":[10,0.25,10.625,0.375]},"up":{"texture":"#0","uv":[9.5,7.875,8.875,7.375]},"west":{"texture":"#0","uv":[10,8.125,10.5,8.25]}},"from":[-14.1,-16,-16],"shade":false,"to":[-12.200001,-15.6,-14.4]},{"faces":{"down":{"texture":"#0","uv":[9.75,5.875,9.125,6.25]},"east":{"texture":"#0","uv":[1.875,6.375,2.25,6.5]},"north":{"texture":"#0","uv":[10,6.75,10.625,6.875]},"south":{"texture":"#0","uv":[10,6.875,10.625,7]},"up":{"texture":"#0","uv":[9.75,3.875,9.125,3.5]},"west":{"texture":"#0","uv":[10.125,3.625,10.5,3.75]}},"from":[-16,-16,-15.4],"shade":false,"to":[-14.1,-15.6,-14.4]}],"overrides":[],"textures":{"0":"item/w886900139_1"}}