{"display":{"gui":{"translation":[24,24,24]},"head":{"scale":[4,4,4],"translation":[80,73.6,80]}},"elements":[{"faces":{"down":{"texture":"#0","uv":[5.625,6,5.125,6]},"east":{"texture":"#0","uv":[4.625,6,4.625,6.25]},"north":{"texture":"#0","uv":[4.625,6,5.125,6.25]},"south":{"texture":"#0","uv":[5.125,6,5.625,6.25]},"up":{"texture":"#0","uv":[5.125,6,4.625,6]},"west":{"texture":"#0","uv":[5.125,6,5.125,6.25]}},"from":[-16,-16,-16],"shade":false,"to":[-14.4,-15.2,-16]}],"overrides":[],"textures":{"0":"item/w228039762_0"}}