{"display":{"gui":{"translation":[24,24,24]},"head":{"scale":[4,4,4],"translation":[80,73.6,80]}},"elements":[{"faces":{"down":{"texture":"#0","uv":[0.5,3.5625,0,4.0625]},"east":{"texture":"#0","uv":[2.9375,0.9375,3.4375,1.5]},"north":{"texture":"#0","uv":[2.375,0.9375,2.875,1.5]},"south":{"texture":"#0","uv":[2.9375,1.5625,3.4375,2.125]},"up":{"texture":"#0","uv":[4,2.5,3.5,2]},"west":{"texture":"#0","uv":[3.1875,0,3.6875,0.5625]}},"from":[-15.8,-14.4,-14.307823],"shade":false,"to":[-12.6,-10.799999,-11.107823]},{"faces":{"down":{"texture":"#0","uv":[0.375,6.25,0.25,6.5]},"east":{"texture":"#0","uv":[2.4375,4.625,2.6875,4.75]},"north":{"texture":"#0","uv":[4.1875,2.9375,4.3125,3.0625]},"south":{"texture":"#0","uv":[2.25,5.25,2.375,5.375]},"up":{"texture":"#0","uv":[3.75,3.375,3.625,3.125]},"west":{"texture":"#0","uv":[6.1875,0.25,6.4375,0.375]}},"from":[-14.6,-13.475698,-15.693853],"rotation":{"angle":-22.5,"axis":"x","origin":[-14.2,-13.075699,-14.893853],"rescale":false},"shade":false,"to":[-13.8,-12.675698,-14.093853]},{"faces":{"down":{"texture":"#0","uv":[6.75,0.4375,6.25,0.5]},"east":{"texture":"#0","uv":[0.8125,3.125,0.875,3.3125]},"north":{"texture":"#0","uv":[6,1.6875,6.5,1.875]},"south":{"texture":"#0","uv":[6,3.625,6.5,3.8125]},"up":{"texture":"#0","uv":[0.9375,6.3125,0.4375,6.25]},"west":{"texture":"#0","uv":[4.0625,2.25,4.125,2.4375]}},"from":[-15.8,-12,-14.707823],"shade":false,"to":[-12.6,-10.8,-14.307823]},{"faces":{"down":{"texture":"#0","uv":[6.4375,3.3125,6.3125,3.4375]},"east":{"texture":"#0","uv":[4.1875,6.25,4.3125,6.375]},"north":{"texture":"#0","uv":[5.8125,3.625,5.9375,3.75]},"south":{"texture":"#0","uv":[4.375,6.25,4.5,6.375]},"up":{"texture":"#0","uv":[4.875,6.375,4.75,6.25]},"west":{"texture":"#0","uv":[4.5625,6.25,4.6875,6.375]}},"from":[-14.6,-14.087992,-16],"rotation":{"angle":22.5,"axis":"x","origin":[-14.2,-13.687991,-15.2],"rescale":false},"shade":false,"to":[-13.8,-13.287992,-15.2]},{"faces":{"down":{"texture":"#0","uv":[6.125,4.25,5.5625,4.5]},"east":{"texture":"#0","uv":[6,3.875,6.25,4.1875]},"north":{"texture":"#0","uv":[5.0625,2.5,5.625,2.8125]},"south":{"texture":"#0","uv":[0.4375,5.1875,1,5.5]},"up":{"texture":"#0","uv":[6.125,2.375,5.5625,2.125]},"west":{"texture":"#0","uv":[6,4.5625,6.25,4.875]}},"from":[-16,-16,-14.707823],"shade":false,"to":[-12.4,-14,-13.107822]}],"overrides":[],"textures":{"0":"item/w1724908523_1"}}