{"display":{"gui":{"translation":[24,24,24]},"head":{"scale":[4,4,4],"translation":[80,73.6,80]}},"elements":[{"faces":{"down":{"texture":"#0","uv":[6.5,5.5,6.5,6]},"east":{"texture":"#0","uv":[6,6,6.5,6.75]},"north":{"texture":"#0","uv":[6.5,6,6.5,6.75]},"south":{"texture":"#0","uv":[7,6,7,6.75]},"up":{"texture":"#0","uv":[6.5,6,6.5,5.5]},"west":{"texture":"#0","uv":[6.5,6,7,6.75]}},"from":[-16,-16,-16],"shade":false,"to":[-16,-14.8,-15.2]}],"overrides":[],"textures":{"0":"item/w2006258482_0"}}