{"display":{"gui":{"translation":[24,24,24]},"head":{"scale":[4,4,4],"translation":[80,73.6,80]}},"elements":[{"faces":{"down":{"texture":"#0","uv":[10.375,3.75,11,4.5]},"east":{"texture":"#0","uv":[11.125,4.5,10.375,4.75]},"north":{"texture":"#0","uv":[10.375,4.5,9.75,4.75]},"south":{"texture":"#0","uv":[11.75,4.5,11.125,4.75]},"up":{"texture":"#0","uv":[9.75,4.5,10.375,3.75]},"west":{"texture":"#0","uv":[9.75,4.5,9,4.75]}},"from":[-16,-16,-16],"shade":false,"to":[-14,-15.2,-13.6]}],"overrides":[],"textures":{"0":"item/w1724276494_0"}}