{"display":{"gui":{"translation":[24,24,24]},"head":{"scale":[4,4,4],"translation":[80,73.6,80]}},"elements":[{"faces":{"down":{"texture":"#0","uv":[4.5,7.25,4,8.25]},"east":{"texture":"#0","uv":[2.5,8.25,3.5,8.5]},"north":{"texture":"#0","uv":[3.5,8.25,4,8.5]},"south":{"texture":"#0","uv":[5,8.25,5.5,8.5]},"up":{"texture":"#0","uv":[4,8.25,3.5,7.25]},"west":{"texture":"#0","uv":[4,8.25,5,8.5]}},"from":[-16,-16,-16],"shade":false,"to":[-14.88,-15.599999,-14.4]}],"overrides":[],"textures":{"0":"item/w1731126057_0"}}