{"display":{"gui":{"translation":[24,24,24]},"head":{"scale":[4,4,4],"translation":[80,73.6,80]}},"elements":[{"faces":{"down":{"texture":"#0","uv":[15.5,2.25,15.25,2.5]},"east":{"texture":"#0","uv":[14.75,2.5,15,3.5]},"north":{"texture":"#0","uv":[15,2.5,15.25,3.5]},"south":{"texture":"#0","uv":[15.5,2.5,15.75,3.5]},"up":{"texture":"#0","uv":[15.25,2.5,15,2.25]},"west":{"texture":"#0","uv":[15.25,2.5,15.5,3.5]}},"from":[-15.6,-16,-15.2],"shade":false,"to":[-15.200001,-14.4,-14.8]},{"faces":{"down":{"texture":"#0","uv":[16,3.75,15.25,4.5]},"east":{"texture":"#0","uv":[13.75,4.5,14.5,4.5]},"north":{"texture":"#0","uv":[14.5,4.5,15.25,4.5]},"south":{"texture":"#0","uv":[16,4.5,16.75,4.5]},"up":{"texture":"#0","uv":[15.25,4.5,14.5,3.75]},"west":{"texture":"#0","uv":[15.25,4.5,16,4.5]}},"from":[-16,-15.99,-16],"shade":false,"to":[-14.8,-15.99,-14.8]}],"overrides":[],"textures":{"0":"item/w1866785482_0"}}