{"model":{"type":"range_dispatch","property":"custom_model_data","index":0,"fallback":{"on_true":{"fallback":{"model":"item/bow_pulling_0","type":"model"},"property":"use_duration","scale":0.05,"entries":[{"model":{"type":"model","model":"item/bow_pulling_1"},"threshold":0.65},{"model":{"type":"model","model":"item/bow_pulling_2"},"threshold":0.9}],"type":"range_dispatch"},"type":"condition","on_false":{"type":"model","model":"item/bow"},"property":"using_item"},"entries":[{"threshold":10000,"model":{"on_true":{"fallback":{"model":"zenavia:bow/bowfondateur_0","type":"model"},"property":"use_duration","scale":0.05,"entries":[{"threshold":0.65,"model":{"type":"model","model":"zenavia:bow/bowfondateur_1"}},{"threshold":0.9,"model":{"type":"model","model":"zenavia:bow/bowfondateur_2"}}],"type":"range_dispatch"},"type":"condition","on_false":{"type":"model","model":"zenavia:bow/bowfondateur"},"property":"using_item"}},{"threshold":10001,"model":{"on_true":{"fallback":{"model":"zenavia:bow/bowpumkin_0","type":"model"},"property":"use_duration","scale":0.05,"entries":[{"threshold":0.65,"model":{"type":"model","model":"zenavia:bow/bowpumkin_1"}},{"threshold":0.9,"model":{"type":"model","model":"zenavia:bow/bowpumkin_2"}}],"type":"range_dispatch"},"type":"condition","on_false":{"type":"model","model":"zenavia:bow/bowpumkin"},"property":"using_item"}},{"threshold":10002,"model":{"on_true":{"fallback":{"model":"zenavia:bow/winter_bow_0","type":"model"},"property":"use_duration","scale":0.05,"entries":[{"threshold":0.65,"model":{"type":"model","model":"zenavia:bow/winter_bow_1"}},{"threshold":0.9,"model":{"type":"model","model":"zenavia:bow/winter_bow_2"}}],"type":"range_dispatch"},"type":"condition","on_false":{"type":"model","model":"zenavia:bow/winter_bow"},"property":"using_item"}},{"threshold":10003,"model":{"on_true":{"fallback":{"model":"zenavia:bow/meca_bow_0","type":"model"},"property":"use_duration","scale":0.05,"entries":[{"threshold":0.65,"model":{"type":"model","model":"zenavia:bow/meca_bow_1"}},{"threshold":0.9,"model":{"type":"model","model":"zenavia:bow/meca_bow_2"}}],"type":"range_dispatch"},"type":"condition","on_false":{"type":"model","model":"zenavia:bow/meca_bow"},"property":"using_item"}},{"threshold":10004,"model":{"on_true":{"fallback":{"model":"zenavia:bow/wardenbow_0","type":"model"},"property":"use_duration","scale":0.05,"entries":[{"threshold":0.65,"model":{"type":"model","model":"zenavia:bow/wardenbow_1"}},{"threshold":0.9,"model":{"type":"model","model":"zenavia:bow/wardenbow_2"}}],"type":"range_dispatch"},"type":"condition","on_false":{"type":"model","model":"zenavia:bow/wardenbow"},"property":"using_item"}},{"threshold":10005,"model":{"on_true":{"fallback":{"model":"zenavia:bow/hearthbow_0","type":"model"},"property":"use_duration","scale":0.05,"entries":[{"threshold":0.65,"model":{"type":"model","model":"zenavia:bow/hearthbow_1"}},{"threshold":0.9,"model":{"type":"model","model":"zenavia:bow/hearthbow_2"}}],"type":"range_dispatch"},"type":"condition","on_false":{"type":"model","model":"zenavia:bow/hearthbow"},"property":"using_item"}},{"threshold":10006,"model":{"on_true":{"fallback":{"model":"zenavia:bow/greek_bow_0","type":"model"},"property":"use_duration","scale":0.05,"entries":[{"threshold":0.65,"model":{"type":"model","model":"zenavia:bow/greek_bow_1"}},{"threshold":0.9,"model":{"type":"model","model":"zenavia:bow/greek_bow_2"}}],"type":"range_dispatch"},"type":"condition","on_false":{"type":"model","model":"zenavia:bow/greek_bow"},"property":"using_item"}},{"threshold":10007,"model":{"on_true":{"fallback":{"model":"item/bow","type":"model"},"property":"use_duration","scale":0.05,"entries":[],"type":"range_dispatch"},"type":"condition","on_false":{"type":"model","model":"item/bow"},"property":"using_item"}}]}}