{"model":{"type":"range_dispatch","property":"custom_model_data","index":0,"fallback":{"model":"item/stick","type":"model"},"entries":[{"threshold":10004,"model":{"model":"zenavia:swords/king_sword","type":"model"}},{"threshold":10005,"model":{"model":"zenavia:swords/greek_knife","type":"model"}},{"threshold":10006,"model":{"model":"zenavia:swords/greek_spear","type":"model"}},{"threshold":10007,"model":{"model":"zenavia:swords/feather_sword","type":"model"}},{"threshold":10012,"model":{"model":"zenavia:swords/battedebaseball","type":"model"}},{"threshold":10013,"model":{"model":"zenavia:swords/claymore","type":"model"}},{"threshold":10015,"model":{"model":"zenavia:swords/epee_de_draktharr","type":"model"}},{"threshold":10021,"model":{"model":"zenavia:ia_auto_gen/grplay","type":"model"}},{"threshold":10022,"model":{"model":"zenavia:swords/fourche","type":"model"}},{"threshold":10023,"model":{"model":"zenavia:swords/infected_adjustable_wrench","type":"model"}},{"threshold":10024,"model":{"model":"zenavia:swords/infected_baseball_bat","type":"model"}},{"threshold":10025,"model":{"model":"zenavia:swords/infected_crossbar","type":"model"}},{"threshold":10026,"model":{"model":"zenavia:swords/infected_hammer","type":"model"}},{"threshold":10027,"model":{"model":"zenavia:swords/infected_kitchen_knife","type":"model"}},{"threshold":10028,"model":{"model":"zenavia:swords/karambit","type":"model"}},{"threshold":10029,"model":{"model":"zenavia:swords/karambitirridescent","type":"model"}},{"threshold":10030,"model":{"model":"zenavia:swords/mini_dague","type":"model"}},{"threshold":10031,"model":{"model":"zenavia:swords/zenaviafondateursword","type":"model"}},{"threshold":10032,"model":{"model":"zenavia:swords/baguettezena","type":"model"}},{"threshold":10033,"model":{"model":"zenavia:hats/zenaviapoele","type":"model"}},{"threshold":10034,"model":{"model":"zenavia:swords/sabre_pirate","type":"model"}},{"threshold":10035,"model":{"model":"zenavia:swords/bzh_flag","type":"model"}},{"threshold":10036,"model":{"model":"zenavia:swords/lighsaber_blue","type":"model"}},{"threshold":10037,"model":{"model":"zenavia:swords/lighsaber_green","type":"model"}},{"threshold":10038,"model":{"model":"zenavia:swords/lighsaber_red","type":"model"}},{"threshold":10039,"model":{"model":"zenavia:swords/regle","type":"model"}},{"threshold":10040,"model":{"model":"zenavia:swords/magicstaff","type":"model"}},{"threshold":10041,"model":{"model":"zenavia:swords/pumpkin_sword","type":"model"}},{"threshold":10042,"model":{"model":"zenavia:swords/pumpkin_lantern","type":"model"}},{"threshold":10043,"model":{"model":"zenavia:swords/bone","type":"model"}},{"threshold":10044,"model":{"model":"zenavia:swords/gift_sword","type":"model"}},{"threshold":10045,"model":{"model":"zenavia:swords/ice_sword","type":"model"}},{"threshold":10046,"model":{"model":"zenavia:swords/eko_sword","type":"model"}},{"threshold":10047,"model":{"model":"zenavia:swords/meca_arm","type":"model"}},{"threshold":10048,"model":{"model":"zenavia:swords/coffee","type":"model"}},{"threshold":10049,"model":{"model":"zenavia:swords/katana","type":"model"}},{"threshold":10050,"model":{"model":"zenavia:swords/hockeycrosse","type":"model"}},{"threshold":10051,"model":{"model":"zenavia:swords/volcanosword","type":"model"}},{"threshold":10052,"model":{"model":"zenavia:swords/wardensword","type":"model"}},{"threshold":10053,"model":{"model":"zenavia:swords/kitchenknife","type":"model"}},{"threshold":10054,"model":{"model":"zenavia:swords/kunai","type":"model"}},{"threshold":10055,"model":{"model":"zenavia:swords/dwarfmasse","type":"model"}},{"threshold":10056,"model":{"model":"zenavia:swords/marteau_warden","type":"model"}},{"threshold":10057,"model":{"model":"zenavia:swords/hearthsword","type":"model"}},{"threshold":10058,"model":{"model":"zenavia:swords/flowersword","type":"model"}},{"threshold":10059,"model":{"model":"item/stick","type":"model"}}]}}