{"parent":"item/wynn/template/weapon","texture_size":[32,32],"textures":{"0":"skins/geomancer/geomancer_arch","1":"skins/geomancer/geomancer_beam","particle":"skins/geomancer/geomancer_arch"},"elements":[{"from":[9,20,7],"to":[10,26,8],"rotation":{"angle":22.5,"axis":"x","origin":[8,24,8]},"faces":{"north":{"uv":[1,0.5,1.5,3.5],"texture":"#0"},"east":{"uv":[2.5,0.5,3,3.5],"texture":"#0"},"south":{"uv":[4.5,0.5,5,3.5],"texture":"#0"},"up":{"uv":[1,0.5,1.5,1],"texture":"#0"},"down":{"uv":[1,3,1.5,3.5],"texture":"#0"}}},{"from":[7,19,7],"to":[9,27,8],"rotation":{"angle":22.5,"axis":"x","origin":[8,24,8]},"faces":{"north":{"uv":[1.5,0,2.5,4],"texture":"#0"},"east":{"uv":[1.5,0,2,4],"texture":"#0"},"south":{"uv":[3.5,0,4.5,4],"texture":"#0"},"west":{"uv":[2,0,2.5,4],"texture":"#0"},"up":{"uv":[2.5,0,1.5,0.5],"texture":"#0"},"down":{"uv":[2.5,3.5,1.5,4],"texture":"#0"}}},{"from":[6,20,7],"to":[7,26,8],"rotation":{"angle":22.5,"axis":"x","origin":[8,24,8]},"faces":{"north":{"uv":[2.5,0.5,3,3.5],"texture":"#0"},"south":{"uv":[3,0.5,3.5,3.5],"texture":"#0"},"west":{"uv":[1,0.5,1.5,3.5],"texture":"#0"},"up":{"uv":[2.5,0.5,3,1],"texture":"#0"},"down":{"uv":[2.5,3,3,3.5],"texture":"#0"}}},{"from":[7,4,5],"to":[9,11,7],"rotation":{"angle":0,"axis":"y","origin":[0,1,0]},"faces":{"north":{"uv":[0,0,1,3.5],"texture":"#0"},"east":{"uv":[0,0,1,3.5],"texture":"#0"},"south":{"uv":[0,0,1,3.5],"texture":"#0"},"west":{"uv":[0,0,1,3.5],"texture":"#0"}}},{"from":[6,11,4],"to":[10,12,8],"rotation":{"angle":0,"axis":"y","origin":[8,8,6]},"faces":{"north":{"uv":[5,2,7,2.5],"texture":"#0"},"east":{"uv":[5,2,7,2.5],"texture":"#0"},"south":{"uv":[5,2,7,2.5],"texture":"#0"},"west":{"uv":[5,2,7,2.5],"texture":"#0"},"up":{"uv":[5,0,7,2],"texture":"#0"},"down":{"uv":[5,0,7,2],"texture":"#0"}}},{"from":[6,-16,8],"to":[10,-6,12],"rotation":{"angle":-45,"axis":"x","origin":[8,-10,8]},"faces":{"north":{"uv":[7,0,9,5],"texture":"#0"},"east":{"uv":[7,0,9,5],"texture":"#0"},"south":{"uv":[7,0,9,5],"texture":"#0"},"west":{"uv":[7,0,9,5],"texture":"#0"},"up":{"uv":[9,0,11,2],"texture":"#0"},"down":{"uv":[9,2,11,4],"texture":"#0"}}},{"from":[6,3,4],"to":[10,4,8],"rotation":{"angle":0,"axis":"y","origin":[8,7,6]},"faces":{"north":{"uv":[5,2,7,2.5],"texture":"#0"},"east":{"uv":[5,2,7,2.5],"texture":"#0"},"south":{"uv":[5,2,7,2.5],"texture":"#0"},"west":{"uv":[5,2,7,2.5],"texture":"#0"},"up":{"uv":[5,0,7,2],"texture":"#0"},"down":{"uv":[5,0,7,2],"texture":"#0"}}},{"from":[6.5,19,7],"to":[9.5,29,8],"rotation":{"angle":45,"axis":"x","origin":[8,20,10]},"faces":{"north":{"uv":[11.5,0,13,5],"texture":"#0"},"east":{"uv":[11,0,11.5,5],"texture":"#0"},"south":{"uv":[11.5,0,13,5],"texture":"#0"},"west":{"uv":[11,0,11.5,5],"texture":"#0"},"up":{"uv":[11.5,0,13,0.5],"texture":"#0"},"down":{"uv":[11.5,4.5,13,5],"texture":"#0"}}},{"from":[8,13,7],"to":[11,21,10],"rotation":{"angle":22.5,"axis":"x","origin":[9,16,7]},"faces":{"north":{"uv":[0,4,1.5,8],"texture":"#0"},"east":{"uv":[0,4,1.5,8],"texture":"#0"},"south":{"uv":[0,4,1.5,8],"texture":"#0"},"west":{"uv":[0,4,1.5,8],"texture":"#0"},"up":{"uv":[1.5,4,3,5.5],"texture":"#0"},"down":{"uv":[1.5,5.5,3,7],"texture":"#0"}}},{"from":[6,14,4],"to":[8,19,6],"rotation":{"angle":22.5,"axis":"z","origin":[7,15,5]},"faces":{"north":{"uv":[3,4,4,6.5],"texture":"#0"},"east":{"uv":[3,4,4,6.5],"texture":"#0"},"south":{"uv":[3,4,4,6.5],"texture":"#0"},"west":{"uv":[3,4,4,6.5],"texture":"#0"},"up":{"uv":[4,4,5,5],"texture":"#0"},"down":{"uv":[4,5,5,6],"texture":"#0"}}},{"from":[5,-3,6],"to":[8,3,9],"rotation":{"angle":22.5,"axis":"z","origin":[8,-1,8]},"faces":{"north":{"uv":[0,8,1.5,11],"texture":"#0"},"east":{"uv":[0,8,1.5,11],"texture":"#0"},"south":{"uv":[0,8,1.5,11],"texture":"#0"},"west":{"uv":[0,8,1.5,11],"texture":"#0"},"up":{"uv":[1.5,8,3,9.5],"texture":"#0"},"down":{"uv":[1.5,9.5,3,11],"texture":"#0"}}},{"from":[9,-4,8],"to":[11,1,10],"rotation":{"angle":-22.5,"axis":"x","origin":[8,-10,8]},"faces":{"north":{"uv":[3,4,4,6.5],"texture":"#0"},"east":{"uv":[3,4,4,6.5],"texture":"#0"},"south":{"uv":[3,4,4,6.5],"texture":"#0"},"west":{"uv":[3,4,4,6.5],"texture":"#0"},"up":{"uv":[4,4,5,5],"texture":"#0"},"down":{"uv":[4,5,5,6],"texture":"#0"}}},{"from":[8,0,8],"to":[10,2,10],"rotation":{"angle":22.5,"axis":"y","origin":[9,1,8]},"faces":{"north":{"uv":[5,2.5,6,3.5],"texture":"#0"},"east":{"uv":[5,2.5,6,3.5],"texture":"#0"},"south":{"uv":[5,2.5,6,3.5],"texture":"#0"},"west":{"uv":[5,2.5,6,3.5],"texture":"#0"},"up":{"uv":[5,2.5,6,3.5],"texture":"#0"},"down":{"uv":[5,2.5,6,3.5],"texture":"#0"}}},{"from":[5,18,7],"to":[7,20,9],"rotation":{"angle":-45,"axis":"y","origin":[6,18,8]},"faces":{"north":{"uv":[5,2.5,6,3.5],"texture":"#0"},"east":{"uv":[5,2.5,6,3.5],"texture":"#0"},"south":{"uv":[5,2.5,6,3.5],"texture":"#0"},"west":{"uv":[5,2.5,6,3.5],"texture":"#0"},"up":{"uv":[5,2.5,6,3.5],"texture":"#0"},"down":{"uv":[5,2.5,6,3.5],"texture":"#0"}}},{"from":[7,-5,4],"to":[8,-4,5],"rotation":{"angle":22.5,"axis":"y","origin":[8,-5,5]},"faces":{"north":{"uv":[0.5,4,1,4.5],"texture":"#0"},"east":{"uv":[0.5,4,1,4.5],"texture":"#0"},"south":{"uv":[0.5,4,1,4.5],"texture":"#0"},"west":{"uv":[0.5,4,1,4.5],"texture":"#0"},"up":{"uv":[0.5,4,1,4.5],"texture":"#0"},"down":{"uv":[0.5,4,1,4.5],"texture":"#0"}}},{"from":[8,3,9],"to":[9,4,10],"rotation":{"angle":45,"axis":"x","origin":[8,4,10]},"faces":{"north":{"uv":[0.5,4,1,4.5],"texture":"#0"},"east":{"uv":[0.5,4,1,4.5],"texture":"#0"},"south":{"uv":[0.5,4,1,4.5],"texture":"#0"},"west":{"uv":[0.5,4,1,4.5],"texture":"#0"},"up":{"uv":[0.5,4,1,4.5],"texture":"#0"},"down":{"uv":[0.5,4,1,4.5],"texture":"#0"}}},{"from":[6,13,7],"to":[7,14,8],"rotation":{"angle":-22.5,"axis":"z","origin":[6,14,8]},"faces":{"north":{"uv":[0.5,4,1,4.5],"texture":"#0"},"east":{"uv":[0.5,4,1,4.5],"texture":"#0"},"south":{"uv":[0.5,4,1,4.5],"texture":"#0"},"west":{"uv":[0.5,4,1,4.5],"texture":"#0"},"up":{"uv":[0.5,4,1,4.5],"texture":"#0"},"down":{"uv":[0.5,4,1,4.5],"texture":"#0"}}},{"from":[11,22,9],"to":[12,23,10],"rotation":{"angle":45,"axis":"y","origin":[11,22,10]},"faces":{"north":{"uv":[0.5,4,1,4.5],"texture":"#0"},"east":{"uv":[0.5,4,1,4.5],"texture":"#0"},"south":{"uv":[0.5,4,1,4.5],"texture":"#0"},"west":{"uv":[0.5,4,1,4.5],"texture":"#0"},"up":{"uv":[0.5,4,1,4.5],"texture":"#0"},"down":{"uv":[0.5,4,1,4.5],"texture":"#0"}}},{"from":[7.5,-8,13],"to":[8.5,24,13.01],"rotation":{"angle":0,"axis":"y","origin":[0,1,0]},"faces":{"north":{"uv":[0,0,1,16],"texture":"#1"},"south":{"uv":[0,0,1,16],"texture":"#1"}}}],"display":{"thirdperson_righthand":{"rotation":[0,-10,5],"translation":[-2,-1.5,4]},"thirdperson_lefthand":{"rotation":[0,-10,5],"translation":[-2,-1.5,4]},"firstperson_righthand":{"rotation":[5,-5,-5],"translation":[7,-1,-5]},"firstperson_lefthand":{"rotation":[5,-5,-5],"translation":[7,-1,-5]}}}