{"parent":"item/wynn/template/weapon","textures":{"0":"skins/heroic/heroic_bow","particle":"skins/heroic/heroic_bow"},"elements":[{"from":[7,2,7.5],"to":[9,10,9.5],"faces":{"north":{"uv":[0,0,2,8],"texture":"#0"},"east":{"uv":[0,0,2,8],"texture":"#0"},"south":{"uv":[0,0,2,8],"texture":"#0"},"west":{"uv":[0,0,2,8],"texture":"#0"}}},{"from":[7,11.5,5],"to":[9,15.5,7],"rotation":{"angle":22.5,"axis":"x","origin":[7.5,9.5,5]},"faces":{"north":{"uv":[4,10,2,14],"texture":"#0"},"east":{"uv":[4,10,2,14],"texture":"#0"},"south":{"uv":[4,10,2,14],"texture":"#0"},"west":{"uv":[4,10,2,14],"texture":"#0"}}},{"from":[6,12,8.5],"to":[10,22,12.5],"rotation":{"angle":-22.5,"axis":"x","origin":[8,10,5]},"faces":{"north":{"uv":[5,0,9,10],"texture":"#0"},"east":{"uv":[5,0,9,10],"texture":"#0"},"south":{"uv":[5,0,9,10],"texture":"#0"},"west":{"uv":[5,0,9,10],"texture":"#0"},"up":{"uv":[9,14,5,10],"texture":"#0"},"down":{"uv":[9,10,5,14],"texture":"#0"}}},{"from":[7,14,7.5],"to":[9,20,8.5],"rotation":{"angle":-22.5,"axis":"x","origin":[8,10,5]},"faces":{"north":{"uv":[0,8,2,14],"texture":"#0"},"east":{"uv":[0,8,1,14],"texture":"#0"},"west":{"uv":[1,8,2,14],"texture":"#0"},"up":{"uv":[2,9,0,8],"texture":"#0"},"down":{"uv":[2,13,0,14],"texture":"#0"}}},{"from":[6.5,18,-4.5],"to":[9.5,25,-1.5],"rotation":{"angle":45,"axis":"x","origin":[8,9.75,5.25]},"faces":{"north":{"uv":[5,0,2,7],"texture":"#0"},"east":{"uv":[5,0,2,7],"texture":"#0"},"south":{"uv":[5,0,2,7],"texture":"#0"},"west":{"uv":[5,0,2,7],"texture":"#0"},"up":{"uv":[2,10,5,7],"texture":"#0"},"down":{"uv":[0,0,0,0],"texture":"#0"}}},{"from":[6,0,6],"to":[10,3,10],"rotation":{"angle":22.5,"axis":"x","origin":[8,2,7]},"faces":{"north":{"uv":[13,0,9,3],"texture":"#0"},"east":{"uv":[13,0,9,3],"texture":"#0"},"south":{"uv":[13,0,9,3],"texture":"#0"},"west":{"uv":[13,0,9,3],"texture":"#0"},"up":{"uv":[9,7,13,3],"texture":"#0"},"down":{"uv":[9,7,13,3],"texture":"#0"}}},{"from":[6,9,6],"to":[10,12,10],"rotation":{"angle":-22.5,"axis":"x","origin":[8.5,10,7]},"faces":{"north":{"uv":[13,0,9,3],"texture":"#0"},"east":{"uv":[13,0,9,3],"texture":"#0"},"south":{"uv":[13,0,9,3],"texture":"#0"},"west":{"uv":[13,0,9,3],"texture":"#0"},"up":{"uv":[9,7,13,3],"texture":"#0"},"down":{"uv":[9,7,13,3],"texture":"#0"}}},{"from":[7,-4,7],"to":[9,0,9],"rotation":{"angle":22.5,"axis":"x","origin":[8,2,7]},"faces":{"north":{"uv":[4,10,2,14],"texture":"#0"},"east":{"uv":[4,10,2,14],"texture":"#0"},"south":{"uv":[4,10,2,14],"texture":"#0"},"west":{"uv":[4,10,2,14],"texture":"#0"}}},{"from":[6,-6,8],"to":[10,-2,18],"rotation":{"angle":45,"axis":"x","origin":[8,2,7]},"faces":{"north":{"uv":[9,14,5,10],"texture":"#0"},"east":{"uv":[5,0,9,10],"rotation":90,"texture":"#0"},"south":{"uv":[9,14,5,10],"texture":"#0"},"west":{"uv":[5,0,9,10],"rotation":90,"texture":"#0"},"up":{"uv":[5,0,9,10],"texture":"#0"},"down":{"uv":[5,0,9,10],"texture":"#0"}}},{"from":[7,-15,6],"to":[9,-3,8],"rotation":{"angle":-22.5,"axis":"x","origin":[8,2,7]},"faces":{"north":{"uv":[16,12,14,0],"texture":"#0"},"east":{"uv":[16,12,14,0],"texture":"#0"},"south":{"uv":[16,12,14,0],"texture":"#0"},"west":{"uv":[16,12,14,0],"texture":"#0"},"up":{"uv":[16,12,14,11],"texture":"#0"},"down":{"uv":[16,12,14,14],"texture":"#0"}}},{"from":[7,19.5,3],"to":[9,31.5,5],"rotation":{"angle":22.5,"axis":"x","origin":[8,10,5]},"faces":{"north":{"uv":[16,0,14,12],"texture":"#0"},"east":{"uv":[16,0,14,12],"texture":"#0"},"south":{"uv":[16,0,14,12],"texture":"#0"},"west":{"uv":[16,0,14,12],"texture":"#0"},"up":{"uv":[16,12,14,14],"texture":"#0"},"down":{"uv":[0,0,0,0],"texture":"#0"}}},{"from":[7.5,-8,12],"to":[8.5,27,12.01],"faces":{"north":{"uv":[0,15,16,16],"rotation":90,"texture":"#0"},"south":{"uv":[0,15,16,16],"rotation":90,"texture":"#0"}}},{"from":[5,17,6],"to":[6,21,10],"rotation":{"angle":45,"axis":"x","origin":[8,19,8]},"faces":{"north":{"uv":[9,7,10,11],"texture":"#0"},"east":{"uv":[13,7,9,11],"texture":"#0"},"south":{"uv":[12,7,13,11],"texture":"#0"},"west":{"uv":[9,7,13,11],"texture":"#0"},"up":{"uv":[9,7,13,8],"rotation":90,"texture":"#0"},"down":{"uv":[13,10,9,11],"rotation":90,"texture":"#0"}}},{"from":[10,17,6],"to":[11,21,10],"rotation":{"angle":45,"axis":"x","origin":[8,19,8]},"faces":{"north":{"uv":[9,7,10,11],"texture":"#0"},"east":{"uv":[13,7,9,11],"texture":"#0"},"south":{"uv":[12,7,13,11],"texture":"#0"},"west":{"uv":[9,7,13,11],"texture":"#0"},"up":{"uv":[9,7,13,8],"rotation":90,"texture":"#0"},"down":{"uv":[13,10,9,11],"rotation":90,"texture":"#0"}}},{"from":[4,18,7],"to":[5,20,9],"rotation":{"angle":45,"axis":"x","origin":[8,19,8]},"faces":{"north":{"uv":[10,11,11,13],"texture":"#0"},"south":{"uv":[9,11,10,13],"texture":"#0"},"west":{"uv":[11,11,9,13],"texture":"#0"},"up":{"uv":[11,12,9,11],"rotation":90,"texture":"#0"},"down":{"uv":[9,12,11,13],"rotation":90,"texture":"#0"}}},{"from":[11,18,7],"to":[12,20,9],"rotation":{"angle":45,"axis":"x","origin":[8,19,8]},"faces":{"north":{"uv":[10,11,11,13],"texture":"#0"},"east":{"uv":[9,11,11,13],"texture":"#0"},"south":{"uv":[9,11,10,13],"texture":"#0"},"up":{"uv":[10,11,11,13],"texture":"#0"},"down":{"uv":[9,12,11,13],"rotation":90,"texture":"#0"}}}],"display":{"thirdperson_righthand":{"rotation":[0,0,5],"translation":[-2,0,2]},"thirdperson_lefthand":{"rotation":[0,0,5],"translation":[-2,0,2]},"firstperson_righthand":{"rotation":[10,-10,-4],"translation":[10,-1,-10]},"firstperson_lefthand":{"rotation":[10,-10,-4],"translation":[10,-1,-10]}}}