{"parent":"item/wynn/template/weapon","textures":{"particle":"skins/food_set_1/chicken_leg_staff","texture":"skins/food_set_1/chicken_leg_staff"},"elements":[{"from":[6.5,8.5,6],"to":[8.5,12,10],"faces":{"down":{"uv":[6.5,7.5,8.5,7],"texture":"#texture"},"up":{"uv":[6.5,4,8.5,4.5],"texture":"#texture"},"north":{"uv":[8.5,4,6.5,7.5],"texture":"#texture"},"south":{"uv":[6.5,4,8.5,7.5],"texture":"#texture"},"west":{"uv":[6.5,4,7,7.5],"texture":"#texture"},"east":{"uv":[8.5,4,8,7.5],"texture":"#texture"}}},{"from":[7,8,6],"to":[8.5,8.5,10],"faces":{"down":{"uv":[7,8,8.5,7.5],"texture":"#texture"},"up":{"uv":[7,7.5,8.5,8],"texture":"#texture"},"north":{"uv":[8.5,7.5,7,8],"texture":"#texture"},"south":{"uv":[7,7.5,8.5,8],"texture":"#texture"},"west":{"uv":[7,7.5,7.5,8],"texture":"#texture"},"east":{"uv":[8.5,7.5,8,8],"texture":"#texture"}}},{"from":[7.5,7,6],"to":[8,8,10],"faces":{"down":{"uv":[7.5,9,8,8.5],"texture":"#texture"},"up":{"uv":[7.5,8,8,8.5],"texture":"#texture"},"north":{"uv":[8,8,7.5,9],"texture":"#texture"},"south":{"uv":[7.5,8,8,9],"texture":"#texture"},"west":{"uv":[7.5,8,8,9],"texture":"#texture"},"east":{"uv":[8,8,7.5,9],"texture":"#texture"}}},{"from":[8.5,8.5,6],"to":[9,11.5,10],"faces":{"down":{"uv":[8.5,7.5,9,7],"texture":"#texture"},"up":{"uv":[8.5,4.5,9,5],"texture":"#texture"},"north":{"uv":[9,4.5,8.5,7.5],"texture":"#texture"},"south":{"uv":[8.5,4.5,9,7.5],"texture":"#texture"},"west":{"uv":[8.5,4.5,9,7.5],"texture":"#texture"},"east":{"uv":[9,4.5,8.5,7.5],"texture":"#texture"}}},{"from":[6,8.5,6.5],"to":[9.5,12,9.5],"faces":{"down":{"uv":[6,7.5,9.5,7],"texture":"#texture"},"up":{"uv":[6,4,9.5,4.5],"texture":"#texture"},"north":{"uv":[9.5,4,6,7.5],"texture":"#texture"},"south":{"uv":[6,4,9.5,7.5],"texture":"#texture"},"west":{"uv":[6,4,6.5,7.5],"texture":"#texture"},"east":{"uv":[9.5,4,9,7.5],"texture":"#texture"}}},{"from":[6.5,12,6.5],"to":[8.5,12.5,9.5],"faces":{"down":{"uv":[6.5,4,8.5,3.5],"texture":"#texture"},"up":{"uv":[6.5,3.5,8.5,4],"texture":"#texture"},"north":{"uv":[8.5,3.5,6.5,4],"texture":"#texture"},"south":{"uv":[6.5,3.5,8.5,4],"texture":"#texture"},"west":{"uv":[6.5,3.5,7,4],"texture":"#texture"},"east":{"uv":[8.5,3.5,8,4],"texture":"#texture"}}},{"from":[6.5,8,6.5],"to":[9,8.5,9.5],"faces":{"down":{"uv":[6.5,8,9,7.5],"texture":"#texture"},"up":{"uv":[6.5,7.5,9,8],"texture":"#texture"},"north":{"uv":[9,7.5,6.5,8],"texture":"#texture"},"south":{"uv":[6.5,7.5,9,8],"texture":"#texture"},"west":{"uv":[6.5,7.5,7,8],"texture":"#texture"},"east":{"uv":[9,7.5,8.5,8],"texture":"#texture"}}},{"from":[7,7,6.5],"to":[8.5,8,9.5],"faces":{"down":{"uv":[7,9,8.5,8.5],"texture":"#texture"},"up":{"uv":[7,8,8.5,8.5],"texture":"#texture"},"north":{"uv":[8.5,8,7,9],"texture":"#texture"},"south":{"uv":[7,8,8.5,9],"texture":"#texture"},"west":{"uv":[7,8,7.5,9],"texture":"#texture"},"east":{"uv":[8.5,8,8,9],"texture":"#texture"}}},{"from":[7.5,6.5,6.5],"to":[8,7,9.5],"faces":{"down":{"uv":[7.5,9.5,8,9],"texture":"#texture"},"up":{"uv":[7.5,9,8,9.5],"texture":"#texture"},"north":{"uv":[8,9,7.5,9.5],"texture":"#texture"},"south":{"uv":[7.5,9,8,9.5],"texture":"#texture"},"west":{"uv":[7.5,9,8,9.5],"texture":"#texture"},"east":{"uv":[8,9,7.5,9.5],"texture":"#texture"}}},{"from":[5.5,8.5,7],"to":[10,12,9],"faces":{"down":{"uv":[5.5,7.5,10,7],"texture":"#texture"},"up":{"uv":[5.5,4,10,4.5],"texture":"#texture"},"north":{"uv":[10,4,5.5,7.5],"texture":"#texture"},"south":{"uv":[5.5,4,10,7.5],"texture":"#texture"},"west":{"uv":[5.5,4,6,7.5],"texture":"#texture"},"east":{"uv":[10,4,9.5,7.5],"texture":"#texture"}}},{"from":[6,12,7],"to":[9.5,12.5,9],"faces":{"down":{"uv":[6,4,9.5,3.5],"texture":"#texture"},"up":{"uv":[6,3.5,9.5,4],"texture":"#texture"},"north":{"uv":[9.5,3.5,6,4],"texture":"#texture"},"south":{"uv":[6,3.5,9.5,4],"texture":"#texture"},"west":{"uv":[6,3.5,6.5,4],"texture":"#texture"},"east":{"uv":[9.5,3.5,9,4],"texture":"#texture"}}},{"from":[6,8,7],"to":[9.5,8.5,9],"faces":{"down":{"uv":[6,8,9.5,7.5],"texture":"#texture"},"up":{"uv":[6,7.5,9.5,8],"texture":"#texture"},"north":{"uv":[9.5,7.5,6,8],"texture":"#texture"},"south":{"uv":[6,7.5,9.5,8],"texture":"#texture"},"west":{"uv":[6,7.5,6.5,8],"texture":"#texture"},"east":{"uv":[9.5,7.5,9,8],"texture":"#texture"}}},{"from":[6.5,12.5,7],"to":[8.5,13,9],"faces":{"down":{"uv":[6.5,3.5,8.5,3],"texture":"#texture"},"up":{"uv":[6.5,3,8.5,3.5],"texture":"#texture"},"north":{"uv":[8.5,3,6.5,3.5],"texture":"#texture"},"south":{"uv":[6.5,3,8.5,3.5],"texture":"#texture"},"west":{"uv":[6.5,3,7,3.5],"texture":"#texture"},"east":{"uv":[8.5,3,8,3.5],"texture":"#texture"}}},{"from":[6.5,7,7],"to":[9,8,9],"faces":{"down":{"uv":[6.5,9,9,8.5],"texture":"#texture"},"up":{"uv":[6.5,8,9,8.5],"texture":"#texture"},"north":{"uv":[9,8,6.5,9],"texture":"#texture"},"south":{"uv":[6.5,8,9,9],"texture":"#texture"},"west":{"uv":[6.5,8,7,9],"texture":"#texture"},"east":{"uv":[9,8,8.5,9],"texture":"#texture"}}},{"from":[7,6.5,7],"to":[8.5,7,9],"faces":{"down":{"uv":[7,9.5,8.5,9],"texture":"#texture"},"up":{"uv":[7,9,8.5,9.5],"texture":"#texture"},"north":{"uv":[8.5,9,7,9.5],"texture":"#texture"},"south":{"uv":[7,9,8.5,9.5],"texture":"#texture"},"west":{"uv":[7,9,7.5,9.5],"texture":"#texture"},"east":{"uv":[8.5,9,8,9.5],"texture":"#texture"}}},{"from":[7,3.5,7],"to":[7.5,4.5,9],"faces":{"down":{"uv":[7,12.5,7.5,12],"texture":"#texture"},"up":{"uv":[7,11.5,7.5,12],"texture":"#texture"},"north":{"uv":[7.5,11.5,7,12.5],"texture":"#texture"},"south":{"uv":[7,11.5,7.5,12.5],"texture":"#texture"},"west":{"uv":[7,11.5,7.5,12.5],"texture":"#texture"},"east":{"uv":[7.5,11.5,7,12.5],"texture":"#texture"}}},{"from":[7.5,5.5,7],"to":[8,6.5,9],"faces":{"down":{"uv":[7.5,10.5,8,10],"texture":"#texture"},"up":{"uv":[7.5,9.5,8,10],"texture":"#texture"},"north":{"uv":[8,9.5,7.5,10.5],"texture":"#texture"},"south":{"uv":[7.5,9.5,8,10.5],"texture":"#texture"},"west":{"uv":[7.5,9.5,8,10.5],"texture":"#texture"},"east":{"uv":[8,9.5,7.5,10.5],"texture":"#texture"}}},{"from":[7.5,4,7],"to":[8.5,5,9],"faces":{"down":{"uv":[7.5,12,8.5,11.5],"texture":"#texture"},"up":{"uv":[7.5,11,8.5,11.5],"texture":"#texture"},"north":{"uv":[8.5,11,7.5,12],"texture":"#texture"},"south":{"uv":[7.5,11,8.5,12],"texture":"#texture"},"west":{"uv":[7.5,11,8,12],"texture":"#texture"},"east":{"uv":[8.5,11,8,12],"texture":"#texture"}}},{"from":[8,3.5,7],"to":[9,4,9],"faces":{"down":{"uv":[8,12.5,9,12],"texture":"#texture"},"up":{"uv":[8,12,9,12.5],"texture":"#texture"},"north":{"uv":[9,12,8,12.5],"texture":"#texture"},"south":{"uv":[8,12,9,12.5],"texture":"#texture"},"west":{"uv":[8,12,8.5,12.5],"texture":"#texture"},"east":{"uv":[9,12,8.5,12.5],"texture":"#texture"}}},{"from":[8.5,4,7],"to":[9,4.5,9],"faces":{"down":{"uv":[8.5,12,9,11.5],"texture":"#texture"},"up":{"uv":[8.5,11.5,9,12],"texture":"#texture"},"north":{"uv":[9,11.5,8.5,12],"texture":"#texture"},"south":{"uv":[8.5,11.5,9,12],"texture":"#texture"},"west":{"uv":[8.5,11.5,9,12],"texture":"#texture"},"east":{"uv":[9,11.5,8.5,12],"texture":"#texture"}}},{"from":[5,8.5,7.5],"to":[10.5,12,8.5],"faces":{"down":{"uv":[5,7.5,10.5,7],"texture":"#texture"},"up":{"uv":[5,4,10.5,4.5],"texture":"#texture"},"north":{"uv":[10.5,4,5,7.5],"texture":"#texture"},"south":{"uv":[5,4,10.5,7.5],"texture":"#texture"},"west":{"uv":[5,4,5.5,7.5],"texture":"#texture"},"east":{"uv":[10.5,4,10,7.5],"texture":"#texture"}}},{"from":[5.5,12,7.5],"to":[10,13,8.5],"faces":{"down":{"uv":[5.5,4,10,3.5],"texture":"#texture"},"up":{"uv":[5.5,3,10,3.5],"texture":"#texture"},"north":{"uv":[10,3,5.5,4],"texture":"#texture"},"south":{"uv":[5.5,3,10,4],"texture":"#texture"},"west":{"uv":[5.5,3,6,4],"texture":"#texture"},"east":{"uv":[10,3,9.5,4],"texture":"#texture"}}},{"from":[5.5,8,7.5],"to":[10,8.5,8.5],"faces":{"down":{"uv":[5.5,8,10,7.5],"texture":"#texture"},"up":{"uv":[5.5,7.5,10,8],"texture":"#texture"},"north":{"uv":[10,7.5,5.5,8],"texture":"#texture"},"south":{"uv":[5.5,7.5,10,8],"texture":"#texture"},"west":{"uv":[5.5,7.5,6,8],"texture":"#texture"},"east":{"uv":[10,7.5,9.5,8],"texture":"#texture"}}},{"from":[6,7,7.5],"to":[9.5,8,8.5],"faces":{"down":{"uv":[6,9,9.5,8.5],"texture":"#texture"},"up":{"uv":[6,8,9.5,8.5],"texture":"#texture"},"north":{"uv":[9.5,8,6,9],"texture":"#texture"},"south":{"uv":[6,8,9.5,9],"texture":"#texture"},"west":{"uv":[6,8,6.5,9],"texture":"#texture"},"east":{"uv":[9.5,8,9,9],"texture":"#texture"}}},{"from":[6.5,13,7.5],"to":[8.5,13.5,8.5],"faces":{"down":{"uv":[6.5,3,8.5,2.5],"texture":"#texture"},"up":{"uv":[6.5,2.5,8.5,3],"texture":"#texture"},"north":{"uv":[8.5,2.5,6.5,3],"texture":"#texture"},"south":{"uv":[6.5,2.5,8.5,3],"texture":"#texture"},"west":{"uv":[6.5,2.5,7,3],"texture":"#texture"},"east":{"uv":[8.5,2.5,8,3],"texture":"#texture"}}},{"from":[6.5,6.5,7.5],"to":[9,7,8.5],"faces":{"down":{"uv":[6.5,9.5,9,9],"texture":"#texture"},"up":{"uv":[6.5,9,9,9.5],"texture":"#texture"},"north":{"uv":[9,9,6.5,9.5],"texture":"#texture"},"south":{"uv":[6.5,9,9,9.5],"texture":"#texture"},"west":{"uv":[6.5,9,7,9.5],"texture":"#texture"},"east":{"uv":[9,9,8.5,9.5],"texture":"#texture"}}},{"from":[6.5,3.5,7.5],"to":[9.5,4.5,8.5],"faces":{"down":{"uv":[6.5,12.5,9.5,12],"texture":"#texture"},"up":{"uv":[6.5,11.5,9.5,12],"texture":"#texture"},"north":{"uv":[9.5,11.5,6.5,12.5],"texture":"#texture"},"south":{"uv":[6.5,11.5,9.5,12.5],"texture":"#texture"},"west":{"uv":[6.5,11.5,7,12.5],"texture":"#texture"},"east":{"uv":[9.5,11.5,9,12.5],"texture":"#texture"}}},{"from":[7,5.5,7.5],"to":[8.5,6.5,8.5],"faces":{"down":{"uv":[7,10.5,8.5,10],"texture":"#texture"},"up":{"uv":[7,9.5,8.5,10],"texture":"#texture"},"north":{"uv":[8.5,9.5,7,10.5],"texture":"#texture"},"south":{"uv":[7,9.5,8.5,10.5],"texture":"#texture"},"west":{"uv":[7,9.5,7.5,10.5],"texture":"#texture"},"east":{"uv":[8.5,9.5,8,10.5],"texture":"#texture"}}},{"from":[7,4.5,7.5],"to":[9,5,8.5],"faces":{"down":{"uv":[7,11.5,9,11],"texture":"#texture"},"up":{"uv":[7,11,9,11.5],"texture":"#texture"},"north":{"uv":[9,11,7,11.5],"texture":"#texture"},"south":{"uv":[7,11,9,11.5],"texture":"#texture"},"west":{"uv":[7,11,7.5,11.5],"texture":"#texture"},"east":{"uv":[9,11,8.5,11.5],"texture":"#texture"}}},{"from":[7,3,7.5],"to":[9,3.5,8.5],"faces":{"down":{"uv":[7,13,9,12.5],"texture":"#texture"},"up":{"uv":[7,12.5,9,13],"texture":"#texture"},"north":{"uv":[9,12.5,7,13],"texture":"#texture"},"south":{"uv":[7,12.5,9,13],"texture":"#texture"},"west":{"uv":[7,12.5,7.5,13],"texture":"#texture"},"east":{"uv":[9,12.5,8.5,13],"texture":"#texture"}}},{"from":[7.5,5,7.5],"to":[8.5,5.5,8.5],"faces":{"down":{"uv":[7.5,11,8.5,10.5],"texture":"#texture"},"up":{"uv":[7.5,10.5,8.5,11],"texture":"#texture"},"north":{"uv":[8.5,10.5,7.5,11],"texture":"#texture"},"south":{"uv":[7.5,10.5,8.5,11],"texture":"#texture"},"west":{"uv":[7.5,10.5,8,11],"texture":"#texture"},"east":{"uv":[8.5,10.5,8,11],"texture":"#texture"}}}],"display":{"thirdperson_righthand":{"rotation":[0,44,0],"translation":[0,3.02,0],"scale":[1,1,1]},"thirdperson_lefthand":{"rotation":[0,-44,0],"translation":[0,3.02,0],"scale":[1,1,1]},"firstperson_righthand":{"rotation":[0,-60,0],"translation":[0,3.78,1.51],"scale":[1,1,1]},"firstperson_lefthand":{"rotation":[0,-60,0],"translation":[0,3.21,0.38],"scale":[1,1,1]},"gui":{"rotation":[0,0,-45],"translation":[0,0,0],"scale":[1,1,1]}}}