{"parent":"item/wynn/template/prop","texture_size":[32,32],"textures":{"0":"wynn/housing/profession/weaponsmithing","1":"wynn/jigsaw/bonny/flame","particle":"wynn/housing/profession/weaponsmithing"},"elements":[{"from":[6,0,-0.31],"to":[11,9,2.19],"rotation":{"angle":-45,"axis":"y","origin":[8,0,8]},"faces":{"north":{"uv":[2,0,4.5,4.5],"texture":"#0"},"south":{"uv":[9,11.5,11.5,16],"texture":"#0"},"west":{"uv":[9,11.5,9.5,16],"texture":"#0"},"up":{"uv":[0,4.5,1,7],"rotation":90,"texture":"#0"},"down":{"uv":[4.5,4,2,4.5],"texture":"#0"}}},{"from":[5,0,-0.31],"to":[10,9,2.19],"rotation":{"angle":45,"axis":"y","origin":[8,0,8]},"faces":{"north":{"uv":[4.5,0,2,4.5],"texture":"#0"},"east":{"uv":[9.5,11.5,9,16],"texture":"#0"},"south":{"uv":[11.5,11.5,9,16],"texture":"#0"},"up":{"uv":[0,7,1,4.5],"rotation":90,"texture":"#0"},"down":{"uv":[2,4,4.5,4.5],"texture":"#0"}}},{"from":[11,-0.005,0.295],"to":[13.01,9.005,2.405],"rotation":{"angle":0,"axis":"y","origin":[0,0,0.3]},"faces":{"north":{"uv":[8.5,0,9.5,4.5],"texture":"#0"},"east":{"uv":[1.05,0,0.05,4.5],"texture":"#0"},"south":{"uv":[0,0,1,4.5],"texture":"#0"},"west":{"uv":[1,0,2,4.5],"texture":"#0"},"up":{"uv":[1,4.5,2,5.5],"texture":"#0"},"down":{"uv":[9,4,9.5,4.5],"texture":"#0"}}},{"from":[13.5,-0.005,4.245],"to":[16.01,9.005,11.755],"rotation":{"angle":0,"axis":"y","origin":[8,0,8]},"faces":{"north":{"uv":[8,0,8.5,4.5],"texture":"#0"},"east":{"uv":[4.5,0,8.5,4.5],"texture":"#0"},"south":{"uv":[4.5,0,5,4.5],"texture":"#0"},"west":{"uv":[16,11.5,12,16],"texture":"#0"},"up":{"uv":[14.5,0,15.5,4],"rotation":180,"texture":"#0"},"down":{"uv":[4.5,4,8.5,4.5],"rotation":90,"texture":"#0"}}},{"from":[13.8,0,5],"to":[16.3,9,11],"rotation":{"angle":-45,"axis":"y","origin":[8,0,8]},"faces":{"east":{"uv":[9.5,0,12.5,4.5],"texture":"#0"},"west":{"uv":[9,11.5,12,16],"texture":"#0"},"up":{"uv":[13.5,0,14.5,3],"rotation":180,"texture":"#0"},"down":{"uv":[12.5,4,9.5,4.5],"rotation":270,"texture":"#0"}}},{"from":[-0.3,0,5],"to":[2.2,9,11],"rotation":{"angle":45,"axis":"y","origin":[8,0,8]},"faces":{"east":{"uv":[12,11.5,9,16],"texture":"#0"},"west":{"uv":[12.5,0,9.5,4.5],"texture":"#0"},"up":{"uv":[14.5,0,13.5,3],"rotation":180,"texture":"#0"},"down":{"uv":[12.5,4.5,9.5,4],"rotation":270,"texture":"#0"}}},{"from":[4.245,-0.005,13.5],"to":[11.755,9.005,16.01],"rotation":{"angle":0,"axis":"y","origin":[8,0,8]},"faces":{"north":{"uv":[16,11.5,12,16],"texture":"#0"},"east":{"uv":[8,0,8.5,4.5],"texture":"#0"},"south":{"uv":[4.5,0,8.5,4.5],"texture":"#0"},"west":{"uv":[4.5,0,5,4.5],"texture":"#0"},"up":{"uv":[14.5,0,15.5,4],"rotation":270,"texture":"#0"},"down":{"uv":[4.5,4,8.5,4.5],"texture":"#0"}}},{"from":[0,-0.005,4.245],"to":[2.51,9.005,11.755],"rotation":{"angle":0,"axis":"y","origin":[8,0,8]},"faces":{"north":{"uv":[4.5,0,5,4.5],"texture":"#0"},"east":{"uv":[16,11.5,12,16],"texture":"#0"},"south":{"uv":[8,0,8.5,4.5],"texture":"#0"},"west":{"uv":[4.5,0,8.5,4.5],"texture":"#0"},"up":{"uv":[14.5,0,15.5,4],"texture":"#0"},"down":{"uv":[4.5,4,8.5,4.5],"rotation":270,"texture":"#0"}}},{"from":[3,-0.005,0.295],"to":[5.01,9.005,2.405],"rotation":{"angle":0,"axis":"y","origin":[16,0,0.3]},"faces":{"north":{"uv":[9.5,0,8.5,4.5],"texture":"#0"},"east":{"uv":[2,0,1,4.5],"texture":"#0"},"south":{"uv":[1,0,0,4.5],"texture":"#0"},"west":{"uv":[0.05,0,1.05,4.5],"texture":"#0"},"up":{"uv":[2,4.5,1,5.5],"texture":"#0"},"down":{"uv":[9.5,4,9,4.5],"texture":"#0"}}},{"from":[3.55,10.92082,1.29289],"to":[12.45,13.02082,7.29289],"rotation":{"angle":45,"axis":"x","origin":[8,0,8]},"faces":{"north":{"uv":[2,8.5,6.5,9.5],"texture":"#0"},"east":{"uv":[7.5,4.5,8.5,7.5],"rotation":90,"texture":"#0"},"south":{"uv":[2,7.5,6.5,8.5],"texture":"#0"},"west":{"uv":[6.5,4.5,7.5,7.5],"rotation":90,"texture":"#0"},"up":{"uv":[2,4.5,6.5,7.5],"rotation":180,"texture":"#0"},"down":{"uv":[4.5,13,9,16],"rotation":180,"texture":"#0"}}},{"from":[8.7,10.9,3.55],"to":[14.7,13,12.45],"rotation":{"angle":45,"axis":"z","origin":[8,0,8]},"faces":{"north":{"uv":[6.5,4.5,7.5,7.5],"rotation":90,"texture":"#0"},"east":{"uv":[2,8.5,6.5,9.5],"texture":"#0"},"south":{"uv":[7.5,4.5,8.5,7.5],"rotation":90,"texture":"#0"},"west":{"uv":[2,7.5,6.5,8.5],"texture":"#0"},"up":{"uv":[2,4.5,6.5,7.5],"rotation":270,"texture":"#0"},"down":{"uv":[4.5,13,9,16],"rotation":90,"texture":"#0"}}},{"from":[3.55,10.9,8.9],"to":[12.45,13,14.7],"rotation":{"angle":-45,"axis":"x","origin":[8,0,8]},"faces":{"north":{"uv":[2,7.5,6.5,8.5],"texture":"#0"},"east":{"uv":[6.5,4.5,7.5,7.5],"rotation":90,"texture":"#0"},"south":{"uv":[2,8.5,6.5,9.5],"texture":"#0"},"west":{"uv":[7.5,4.5,8.5,7.5],"rotation":90,"texture":"#0"},"up":{"uv":[2,4.5,6.5,7.5],"texture":"#0"},"down":{"uv":[4.5,13,9,16],"texture":"#0"}}},{"from":[1.29289,10.92082,3.55],"to":[7.29289,13.02082,12.45],"rotation":{"angle":-45,"axis":"z","origin":[8,0,8]},"faces":{"north":{"uv":[7.5,4.5,8.5,7.5],"rotation":90,"texture":"#0"},"east":{"uv":[2,7.5,6.5,8.5],"texture":"#0"},"south":{"uv":[6.5,4.5,7.5,7.5],"rotation":90,"texture":"#0"},"west":{"uv":[2,8.5,6.5,9.5],"texture":"#0"},"up":{"uv":[2,4.5,6.5,7.5],"rotation":90,"texture":"#0"},"down":{"uv":[4.5,13,9,16],"rotation":270,"texture":"#0"}}},{"from":[0.75,9,0.75],"to":[3.75,11,3.75],"rotation":{"angle":0,"axis":"y","origin":[8,9,8]},"faces":{"north":{"uv":[1.5,7,0,8],"texture":"#0"},"east":{"uv":[1,7,2,5.5],"rotation":90,"texture":"#0"},"south":{"uv":[1,5.5,2,7],"rotation":90,"texture":"#0"},"west":{"uv":[0,7,1.5,8],"texture":"#0"},"up":{"uv":[0,8,1.5,9.5],"texture":"#0"},"down":{"uv":[1.5,9.5,0,8],"rotation":270,"texture":"#0"}}},{"from":[12.25,9,0.75],"to":[15.25,11,3.75],"rotation":{"angle":0,"axis":"y","origin":[8,9,8]},"faces":{"north":{"uv":[0,7,1.5,8],"texture":"#0"},"east":{"uv":[1.5,7,0,8],"texture":"#0"},"south":{"uv":[1,7,2,5.5],"rotation":90,"texture":"#0"},"west":{"uv":[1,5.5,2,7],"rotation":90,"texture":"#0"},"up":{"uv":[0,8,1.5,9.5],"rotation":90,"texture":"#0"},"down":{"uv":[1.5,8,0,9.5],"rotation":270,"texture":"#0"}}},{"from":[12.25,9,12.25],"to":[15.25,11,15.25],"rotation":{"angle":0,"axis":"y","origin":[8,9,8]},"faces":{"north":{"uv":[1,5.5,2,7],"rotation":90,"texture":"#0"},"east":{"uv":[0,7,1.5,8],"texture":"#0"},"south":{"uv":[1.5,7,0,8],"texture":"#0"},"west":{"uv":[1,7,2,5.5],"rotation":90,"texture":"#0"},"up":{"uv":[0,8,1.5,9.5],"rotation":180,"texture":"#0"},"down":{"uv":[0,8,1.5,9.5],"rotation":270,"texture":"#0"}}},{"from":[0.75,9,12.25],"to":[3.75,11,15.25],"rotation":{"angle":0,"axis":"y","origin":[8,9,8]},"faces":{"north":{"uv":[1,7,2,5.5],"rotation":90,"texture":"#0"},"east":{"uv":[1,5.5,2,7],"rotation":90,"texture":"#0"},"south":{"uv":[0,7,1.5,8],"texture":"#0"},"west":{"uv":[1.5,7,0,8],"texture":"#0"},"up":{"uv":[0,8,1.5,9.5],"rotation":270,"texture":"#0"},"down":{"uv":[0,9.5,1.5,8],"rotation":270,"texture":"#0"}}},{"from":[10.595,12.9,6.245],"to":[12.595,17.91,9.755],"rotation":{"angle":-45,"axis":"y","origin":[8,-0.1,8]},"faces":{"north":{"uv":[12,4.5,12.5,7],"texture":"#0"},"east":{"uv":[10.5,4.5,12.5,7],"texture":"#0"},"south":{"uv":[10.5,4.5,11,7],"texture":"#0"},"west":{"uv":[9,8,7,10.5],"texture":"#0"},"down":{"uv":[7,12,9,13],"rotation":270,"texture":"#0"}}},{"from":[10.495,16.7,6.195],"to":[12.795,18.11,9.805],"rotation":{"angle":-45,"axis":"y","origin":[8,-0.1,8]},"faces":{"east":{"uv":[10.5,4.5,12.5,5],"texture":"#0"},"west":{"uv":[9,8,7,8.5],"texture":"#0"},"up":{"uv":[10.5,7,12.5,8],"rotation":90,"texture":"#0"},"down":{"uv":[12.5,7,10.5,8],"rotation":90,"texture":"#0"}}},{"from":[6.195,16.7,10.495],"to":[9.805,18.11,12.795],"rotation":{"angle":-45,"axis":"y","origin":[8,-0.1,8]},"faces":{"north":{"uv":[9,8,7,8.5],"texture":"#0"},"south":{"uv":[10.5,4.5,12.5,5],"texture":"#0"},"up":{"uv":[10.5,7,12.5,8],"rotation":180,"texture":"#0"},"down":{"uv":[12.5,7,10.5,8],"texture":"#0"}}},{"from":[3.205,16.7,6.195],"to":[5.505,18.11,9.805],"rotation":{"angle":-45,"axis":"y","origin":[8,-0.1,8]},"faces":{"east":{"uv":[9,8,7,8.5],"texture":"#0"},"west":{"uv":[10.5,4.5,12.5,5],"texture":"#0"},"up":{"uv":[10.5,7,12.5,8],"rotation":270,"texture":"#0"},"down":{"uv":[12.5,7,10.5,8],"rotation":270,"texture":"#0"}}},{"from":[6.195,16.7,3.205],"to":[9.805,18.11,5.605],"rotation":{"angle":-45,"axis":"y","origin":[8,-0.1,8]},"faces":{"north":{"uv":[10.5,4.5,12.5,5],"texture":"#0"},"south":{"uv":[9,8,7,8.5],"texture":"#0"},"up":{"uv":[10.5,7,12.5,8],"texture":"#0"},"down":{"uv":[12.5,7,10.5,8],"rotation":180,"texture":"#0"}}},{"from":[10.475,12.9,6],"to":[12.475,17.9,10],"rotation":{"angle":0,"axis":"y","origin":[8,-0.1,8]},"faces":{"east":{"uv":[8.5,4.5,10.5,7],"texture":"#0"},"west":{"uv":[9,8,7,10.5],"texture":"#0"},"down":{"uv":[5,12,7,13],"rotation":270,"texture":"#0"}}},{"from":[6,12.9,3.525],"to":[10,17.9,5.525],"rotation":{"angle":0,"axis":"y","origin":[8,-0.1,8]},"faces":{"north":{"uv":[8.5,4.5,10.5,7],"texture":"#0"},"south":{"uv":[9,8,7,10.5],"texture":"#0"},"down":{"uv":[5,12,7,13],"texture":"#0"}}},{"from":[5.85,16.7,3.325],"to":[10.15,18.1,5.625],"rotation":{"angle":0,"axis":"y","origin":[8,-0.1,8]},"faces":{"north":{"uv":[8.5,4.5,10.5,5],"texture":"#0"},"south":{"uv":[9,8,7,8.5],"texture":"#0"},"up":{"uv":[8.5,7,10.5,8],"texture":"#0"},"down":{"uv":[8.5,8,10.5,7],"texture":"#0"}}},{"from":[10.375,16.7,5.85],"to":[12.675,18.1,10.15],"rotation":{"angle":0,"axis":"y","origin":[8,-0.1,8]},"faces":{"east":{"uv":[8.5,4.5,10.5,5],"texture":"#0"},"west":{"uv":[9,8,7,8.5],"texture":"#0"},"up":{"uv":[8.5,7,10.5,8],"rotation":90,"texture":"#0"},"down":{"uv":[8.5,8,10.5,7],"rotation":270,"texture":"#0"}}},{"from":[5.85,16.7,10.375],"to":[10.15,18.1,12.675],"rotation":{"angle":0,"axis":"y","origin":[8,-0.1,8]},"faces":{"north":{"uv":[9,8,7,8.5],"texture":"#0"},"south":{"uv":[8.5,4.5,10.5,5],"texture":"#0"},"up":{"uv":[8.5,7,10.5,8],"rotation":180,"texture":"#0"},"down":{"uv":[8.5,8,10.5,7],"rotation":180,"texture":"#0"}}},{"from":[3.325,16.7,5.85],"to":[5.625,18.1,10.15],"rotation":{"angle":0,"axis":"y","origin":[8,-0.1,8]},"faces":{"east":{"uv":[9,8,7,8.5],"texture":"#0"},"west":{"uv":[8.5,4.5,10.5,5],"texture":"#0"},"up":{"uv":[8.5,7,10.5,8],"rotation":270,"texture":"#0"},"down":{"uv":[8.5,8,10.5,7],"rotation":90,"texture":"#0"}}},{"from":[3.525,12.9,6],"to":[5.525,17.9,10],"rotation":{"angle":0,"axis":"y","origin":[8,-0.1,8]},"faces":{"east":{"uv":[9,8,7,10.5],"texture":"#0"},"west":{"uv":[8.5,4.5,10.5,7],"texture":"#0"},"down":{"uv":[5,12,7,13],"rotation":90,"texture":"#0"}}},{"from":[6,12.9,10.475],"to":[10,17.9,12.475],"rotation":{"angle":0,"axis":"y","origin":[8,-0.1,8]},"faces":{"north":{"uv":[9,8,7,10.5],"texture":"#0"},"south":{"uv":[8.5,4.5,10.5,7],"texture":"#0"},"down":{"uv":[5,12,7,13],"rotation":180,"texture":"#0"}}},{"from":[10.595,12.9,6.245],"to":[12.595,17.91,9.755],"rotation":{"angle":45,"axis":"y","origin":[8,-0.1,8]},"faces":{"north":{"uv":[12,4.5,12.5,7],"texture":"#0"},"east":{"uv":[10.5,4.5,12.5,7],"texture":"#0"},"south":{"uv":[10.5,4.5,11,7],"texture":"#0"},"west":{"uv":[9,8,7,10.5],"texture":"#0"},"up":{"uv":[10.5,7,12.5,8],"rotation":90,"texture":"#0"},"down":{"uv":[7,12,9,13],"rotation":270,"texture":"#0"}}},{"from":[6.245,12.9,3.395],"to":[9.755,17.91,5.395],"rotation":{"angle":45,"axis":"y","origin":[8,-0.1,8]},"faces":{"north":{"uv":[10.5,4.5,12.5,7],"texture":"#0"},"east":{"uv":[10.5,4.5,11,7],"texture":"#0"},"south":{"uv":[9,8,7,10.5],"texture":"#0"},"west":{"uv":[12,4.5,12.5,7],"texture":"#0"},"up":{"uv":[10.5,7,12.5,8],"texture":"#0"},"down":{"uv":[7,12,9,13],"texture":"#0"}}},{"from":[3.395,12.9,6.245],"to":[5.395,17.91,9.755],"rotation":{"angle":45,"axis":"y","origin":[8,-0.1,8]},"faces":{"north":{"uv":[10.5,4.5,11,7],"texture":"#0"},"east":{"uv":[9,8,7,10.5],"texture":"#0"},"south":{"uv":[12,4.5,12.5,7],"texture":"#0"},"west":{"uv":[10.5,4.5,12.5,7],"texture":"#0"},"up":{"uv":[10.5,7,12.5,8],"rotation":270,"texture":"#0"},"down":{"uv":[7,12,9,13],"rotation":90,"texture":"#0"}}},{"from":[9.5,12,3.55],"to":[12.45,13.95,6.5],"rotation":{"angle":0,"axis":"y","origin":[12.5,12,3.5]},"faces":{"north":{"uv":[9.5,9.5,9,8],"rotation":90,"texture":"#0"},"east":{"uv":[10.5,8.5,9,8],"texture":"#0"},"south":{"uv":[10.5,9,9,9.5],"texture":"#0"},"west":{"uv":[9,9,10.5,9.5],"texture":"#0"},"up":{"uv":[10.5,8,9,9.5],"texture":"#0"},"down":{"uv":[9,9.5,10.5,8],"rotation":270,"texture":"#0"}}},{"from":[9.5,12,9.5],"to":[12.45,13.95,12.45],"rotation":{"angle":0,"axis":"y","origin":[12.5,12,12.5]},"faces":{"north":{"uv":[9,9,10.5,9.5],"texture":"#0"},"east":{"uv":[9,8.5,10.5,8],"texture":"#0"},"south":{"uv":[9.5,8,9,9.5],"rotation":90,"texture":"#0"},"west":{"uv":[10.5,9,9,9.5],"texture":"#0"},"up":{"uv":[10.5,9.5,9,8],"texture":"#0"},"down":{"uv":[10.5,9.5,9,8],"rotation":270,"texture":"#0"}}},{"from":[3.55,12,9.5],"to":[6.5,13.95,12.45],"rotation":{"angle":0,"axis":"y","origin":[3.5,12,12.5]},"faces":{"north":{"uv":[10.5,9,9,9.5],"texture":"#0"},"east":{"uv":[9,9,10.5,9.5],"texture":"#0"},"south":{"uv":[9.5,9.5,9,8],"rotation":90,"texture":"#0"},"west":{"uv":[10.5,8.5,9,8],"texture":"#0"},"up":{"uv":[9,9.5,10.5,8],"texture":"#0"},"down":{"uv":[10.5,8,9,9.5],"rotation":270,"texture":"#0"}}},{"from":[3.55,12,3.55],"to":[6.5,13.95,6.5],"rotation":{"angle":0,"axis":"y","origin":[3.5,12,3.5]},"faces":{"north":{"uv":[9.5,8,9,9.5],"rotation":90,"texture":"#0"},"east":{"uv":[10.5,9,9,9.5],"texture":"#0"},"south":{"uv":[9,9,10.5,9.5],"texture":"#0"},"west":{"uv":[9,8.5,10.5,8],"texture":"#0"},"up":{"uv":[9,8,10.5,9.5],"texture":"#0"},"down":{"uv":[9,8,10.5,9.5],"rotation":270,"texture":"#0"}}},{"from":[5.5,17,5.5],"to":[10.5,17,10.5],"rotation":{"angle":0,"axis":"y","origin":[5.5,17,5.5]},"faces":{"up":{"uv":[12.5,4,15,6.5],"texture":"#0"},"down":{"uv":[12.5,4,15,6.5],"texture":"#0"}}},{"from":[5,0,0.3],"to":[11,2,2.8],"rotation":{"angle":0,"axis":"y","origin":[5,0,0]},"faces":{"north":{"uv":[1.5,9.5,4.5,10.5],"texture":"#0"},"up":{"uv":[1.5,9.5,4.5,10.5],"texture":"#0"},"down":{"uv":[4.5,10.5,1.5,10],"texture":"#0"}}},{"from":[3.5,8.25,0.3],"to":[5.5,11.25,2.3],"rotation":{"angle":-45,"axis":"z","origin":[3.5,8.25,0.3]},"faces":{"north":{"uv":[0,11,1,12.5],"texture":"#0"},"east":{"uv":[1,11,0,12.5],"texture":"#0"},"south":{"uv":[1,11,0.5,12.5],"texture":"#0"},"west":{"uv":[1,11,0.5,12.5],"texture":"#0"},"up":{"uv":[0.5,11,1,11.5],"texture":"#0"}}},{"from":[10.5,8.25,0.3],"to":[12.5,11.25,2.3],"rotation":{"angle":45,"axis":"z","origin":[12.5,8.25,0.3]},"faces":{"north":{"uv":[1,11,0,12.5],"texture":"#0"},"east":{"uv":[0.5,11,1,12.5],"texture":"#0"},"south":{"uv":[0.5,11,1,12.5],"texture":"#0"},"west":{"uv":[0,11,1,12.5],"texture":"#0"},"up":{"uv":[1,11,0.5,11.5],"texture":"#0"}}},{"from":[2.4975,0.0025,2.4975],"to":[13.5025,2.0075,13.5025],"rotation":{"angle":0,"axis":"y","origin":[12.5,0.2,2]},"faces":{"up":{"uv":[10.5,10.5,16,16],"texture":"#0"},"down":{"uv":[15,4,15.5,4.5],"texture":"#0"}}},{"from":[3,2,5.22836],"to":[13,10,5.23836],"rotation":{"angle":-22.5,"axis":"x","origin":[8,2,8]},"faces":{"north":{"uv":[2,2,14,12],"texture":"#1"},"south":{"uv":[2,2,14,12],"texture":"#1"}}},{"from":[10.77164,2,3],"to":[10.78164,10,13],"rotation":{"angle":-22.5,"axis":"z","origin":[8,2,8]},"faces":{"east":{"uv":[2,2,14,12],"texture":"#1"},"west":{"uv":[2,2,14,12],"texture":"#1"}}},{"from":[3,2,10.77164],"to":[13,10,10.78164],"rotation":{"angle":22.5,"axis":"x","origin":[8,2,8]},"faces":{"north":{"uv":[2,2,14,12],"texture":"#1"},"south":{"uv":[2,2,14,12],"texture":"#1"}}},{"from":[5.22836,2,3],"to":[5.23836,10,13],"rotation":{"angle":22.5,"axis":"z","origin":[8,2,8]},"faces":{"east":{"uv":[2,2,14,12],"texture":"#1"},"west":{"uv":[2,2,14,12],"texture":"#1"}}},{"from":[5.5,8.2,-0.7],"to":[10.5,11.2,1.3],"rotation":{"angle":0,"axis":"y","origin":[7,8.15,-0.75]},"faces":{"north":{"uv":[1.5,10.5,4,12],"texture":"#0"},"east":{"uv":[7,10.5,8,12],"texture":"#0"},"south":{"uv":[4,10.5,1.5,12],"texture":"#0"},"west":{"uv":[8,10.5,7,12],"texture":"#0"},"up":{"uv":[4.5,9.5,7,10.5],"texture":"#0"},"down":{"uv":[4.5,10.5,7,11.5],"texture":"#0"}}}]}