{"parent":"item/wynn/template/weapon","textures":{"3":"wynn/weapon/anim/thunder_pulse","4":"wynn/weapon/anim/thunderbolt","5":"wynn/weapon/assassin/thunder_tier_a","particle":"wynn/weapon/anim/thunder_pulse","other":"wynn/weapon/assassin/thunder_tier_b","bottom":"wynn/weapon/assassin/thunder_tier_c"},"elements":[{"from":[5,0,2],"to":[11,8,6],"rotation":{"angle":0,"axis":"y","origin":[8,3,4]},"faces":{"north":{"uv":[0,0,6,8],"texture":"#bottom"},"east":{"uv":[10,0,6,8],"texture":"#bottom"},"south":{"uv":[0,0,6,8],"texture":"#bottom"},"west":{"uv":[6,0,10,8],"texture":"#bottom"},"up":{"uv":[0,0,6,4],"texture":"#bottom"},"down":{"uv":[0,4,6,8],"texture":"#bottom"}}},{"from":[4.5,5,0.5],"to":[11.5,12,5.5],"rotation":{"angle":-22.5,"axis":"x","origin":[8,8,3]},"faces":{"north":{"uv":[0,8,7,15],"texture":"#bottom"},"east":{"uv":[12,8,7,15],"texture":"#bottom"},"south":{"uv":[0,0,6,7],"rotation":180,"texture":"#bottom"},"west":{"uv":[7,8,12,15],"texture":"#bottom"},"up":{"uv":[0,8,7,13],"texture":"#bottom"},"down":{"uv":[0,10,7,15],"texture":"#bottom"}}},{"from":[6.5,7.5,-1],"to":[9.5,10.5,1],"rotation":{"angle":-22.5,"axis":"x","origin":[8.5,10.5,4]},"faces":{"north":{"uv":[10,3,13,6],"texture":"#bottom"},"east":{"uv":[10,6,13,7],"rotation":90,"texture":"#bottom"},"west":{"uv":[10,6,13,7],"rotation":90,"texture":"#bottom"},"up":{"uv":[10,3,13,4],"texture":"#bottom"},"down":{"uv":[10,7,13,8],"texture":"#bottom"}}},{"from":[0,0.5,-1.5],"to":[16,16.5,-1.4],"rotation":{"angle":-22.5,"axis":"x","origin":[8.5,11,2.5]},"faces":{"north":{"uv":[0,0,16,16],"texture":"#3"},"south":{"uv":[16,0,0,16],"texture":"#3"}}},{"from":[3.5,8,3],"to":[12.5,11,6],"rotation":{"angle":0,"axis":"y","origin":[11.5,16,11]},"faces":{"north":{"uv":[0,6,9,9],"texture":"#other"},"east":{"uv":[3,0,0,3],"texture":"#other"},"south":{"uv":[0,3,9,6],"texture":"#other"},"west":{"uv":[0,0,3,3],"texture":"#other"},"up":{"uv":[0,6,9,3],"texture":"#other"},"down":{"uv":[0,6,9,9],"rotation":180,"texture":"#other"}}},{"from":[5,2,6],"to":[11,5,11],"rotation":{"angle":0,"axis":"y","origin":[8,8,9]},"faces":{"east":{"uv":[14,8,11,13],"rotation":90,"texture":"#5"},"south":{"uv":[5,13,11,16],"texture":"#5"},"west":{"uv":[11,8,14,13],"rotation":270,"texture":"#5"},"up":{"uv":[5,8,11,13],"texture":"#5"},"down":{"uv":[5,8,11,13],"rotation":180,"texture":"#5"}}},{"from":[5,7,6],"to":[11,9,9],"rotation":{"angle":0,"axis":"y","origin":[13,15,15]},"faces":{"east":{"uv":[3,8,5,11],"rotation":90,"texture":"#5"},"south":{"uv":[1,8,3,14],"rotation":90,"texture":"#5"},"west":{"uv":[3,11,5,14],"rotation":90,"texture":"#5"},"up":{"uv":[0,8,3,14],"rotation":90,"texture":"#5"},"down":{"uv":[3,8,0,14],"rotation":90,"texture":"#5"}}},{"from":[10.1,20,1.5],"to":[11.1,21,6.5],"rotation":{"angle":0,"axis":"x","origin":[8,11,0.5]},"faces":{"north":{"uv":[15,0,16,1],"texture":"#bottom"},"east":{"uv":[10,0,15,1],"texture":"#bottom"},"south":{"uv":[10,0,12,1],"texture":"#bottom"},"west":{"uv":[15,0,10,1],"texture":"#bottom"},"up":{"uv":[15,0,16,5],"texture":"#bottom"},"down":{"uv":[15,0,16,5],"rotation":180,"texture":"#bottom"}}},{"from":[10.1,9,0.5],"to":[11.1,19,2.5],"rotation":{"angle":0,"axis":"x","origin":[8,11,0.5]},"faces":{"north":{"uv":[15,0,16,10],"texture":"#bottom"},"east":{"uv":[14,10,16,0],"texture":"#bottom"},"south":{"uv":[14,0,15,10],"texture":"#bottom"},"west":{"uv":[16,10,14,0],"texture":"#bottom"},"down":{"uv":[13,7,15,10],"texture":"#bottom"}}},{"from":[10.1,19,0.5],"to":[11.1,20,5.5],"rotation":{"angle":0,"axis":"x","origin":[8,11,0.5]},"faces":{"north":{"uv":[15,1,16,2],"texture":"#bottom"},"east":{"uv":[11,1,16,2],"texture":"#bottom"},"south":{"uv":[11,1,13,2],"texture":"#bottom"},"west":{"uv":[16,1,11,2],"texture":"#bottom"},"up":{"uv":[15,1,16,6],"texture":"#bottom"},"down":{"uv":[14,1,15,6],"texture":"#bottom"}}},{"from":[8.4,22,1.5],"to":[9.4,23,6.5],"rotation":{"angle":0,"axis":"x","origin":[8,11,0.5]},"faces":{"north":{"uv":[16,0,15,1],"texture":"#bottom"},"east":{"uv":[10,0,15,1],"texture":"#bottom"},"south":{"uv":[10,0,12,1],"texture":"#bottom"},"west":{"uv":[15,0,10,1],"texture":"#bottom"},"up":{"uv":[15,0,16,5],"rotation":180,"texture":"#bottom"},"down":{"uv":[15,0,16,5],"rotation":180,"texture":"#bottom"}}},{"from":[8.4,11,0.5],"to":[9.4,21,2.5],"rotation":{"angle":0,"axis":"x","origin":[8,11,0.5]},"faces":{"north":{"uv":[16,0,15,10],"texture":"#bottom"},"east":{"uv":[14,10,16,0],"texture":"#bottom"},"south":{"uv":[14,0,15,10],"texture":"#bottom"},"west":{"uv":[16,10,14,0],"texture":"#bottom"},"down":{"uv":[13,7,15,10],"texture":"#bottom"}}},{"from":[8.4,21,0.5],"to":[9.4,22,5.5],"rotation":{"angle":0,"axis":"x","origin":[8,11,0.5]},"faces":{"north":{"uv":[16,1,15,2],"texture":"#bottom"},"east":{"uv":[11,1,16,2],"texture":"#bottom"},"south":{"uv":[11,1,13,2],"texture":"#bottom"},"west":{"uv":[16,1,11,2],"texture":"#bottom"},"up":{"uv":[15,1,16,6],"texture":"#bottom"},"down":{"uv":[14,1,15,6],"texture":"#bottom"}}},{"from":[6.6,22,1.5],"to":[7.6,23,6.5],"rotation":{"angle":0,"axis":"x","origin":[8,11,0.5]},"faces":{"north":{"uv":[16,0,15,1],"texture":"#bottom"},"east":{"uv":[10,0,15,1],"texture":"#bottom"},"south":{"uv":[10,0,12,1],"texture":"#bottom"},"west":{"uv":[15,0,10,1],"texture":"#bottom"},"up":{"uv":[15,0,16,5],"texture":"#bottom"},"down":{"uv":[15,0,16,5],"rotation":180,"texture":"#bottom"}}},{"from":[6.6,11,0.5],"to":[7.6,21,2.5],"rotation":{"angle":0,"axis":"x","origin":[8,11,0.5]},"faces":{"north":{"uv":[15,10,16,0],"texture":"#bottom"},"east":{"uv":[14,10,16,0],"texture":"#bottom"},"south":{"uv":[14,0,15,10],"texture":"#bottom"},"west":{"uv":[16,10,14,0],"texture":"#bottom"},"down":{"uv":[13,7,15,10],"texture":"#bottom"}}},{"from":[6.6,21,0.5],"to":[7.6,22,5.5],"rotation":{"angle":0,"axis":"x","origin":[8,11,0.5]},"faces":{"north":{"uv":[16,1,15,2],"texture":"#bottom"},"east":{"uv":[11,1,16,2],"texture":"#bottom"},"south":{"uv":[11,1,13,2],"texture":"#bottom"},"west":{"uv":[16,1,11,2],"texture":"#bottom"},"up":{"uv":[15,1,16,6],"texture":"#bottom"},"down":{"uv":[14,1,15,6],"texture":"#bottom"}}},{"from":[4.9,20,1.5],"to":[5.9,21,6.5],"rotation":{"angle":0,"axis":"x","origin":[8,11,0.5]},"faces":{"north":{"uv":[16,0,15,1],"texture":"#bottom"},"east":{"uv":[10,0,15,1],"texture":"#bottom"},"south":{"uv":[10,0,12,1],"texture":"#bottom"},"west":{"uv":[15,0,10,1],"texture":"#bottom"},"up":{"uv":[15,0,16,5],"rotation":180,"texture":"#bottom"},"down":{"uv":[14,0,15,5],"rotation":180,"texture":"#bottom"}}},{"from":[4.9,9,0.5],"to":[5.9,19,2.5],"rotation":{"angle":0,"axis":"x","origin":[8,11,0.5]},"faces":{"north":{"uv":[16,10,15,0],"texture":"#bottom"},"east":{"uv":[14,10,16,0],"texture":"#bottom"},"south":{"uv":[14,0,15,10],"texture":"#bottom"},"west":{"uv":[16,10,14,0],"texture":"#bottom"},"down":{"uv":[13,7,15,10],"texture":"#bottom"}}},{"from":[4.9,19,0.5],"to":[5.9,20,5.5],"rotation":{"angle":0,"axis":"x","origin":[8,11,0.5]},"faces":{"north":{"uv":[16,1,15,2],"texture":"#bottom"},"east":{"uv":[11,1,16,2],"texture":"#bottom"},"south":{"uv":[11,1,13,2],"texture":"#bottom"},"west":{"uv":[16,1,11,2],"texture":"#bottom"},"up":{"uv":[15,0,16,5],"texture":"#bottom"},"down":{"uv":[14,1,15,6],"texture":"#bottom"}}},{"from":[8.95,11,0.55],"to":[9.05,23,12.55],"rotation":{"angle":0,"axis":"y","origin":[9,19,8.55]},"faces":{"east":{"uv":[16,0,0,16],"rotation":90,"texture":"#4"},"west":{"uv":[0,0,16,16],"rotation":270,"texture":"#4"}}},{"from":[6.95,11,-0.95],"to":[7.05,23,11.05],"rotation":{"angle":0,"axis":"y","origin":[7,19,7.05]},"faces":{"east":{"uv":[16,0,0,16],"rotation":270,"texture":"#4"},"west":{"uv":[16,16,0,0],"rotation":270,"texture":"#4"}}}],"display":{"thirdperson_righthand":{"rotation":[-90,180,0],"translation":[0,-2,2],"scale":[0.8,0.8,0.8]},"thirdperson_lefthand":{"rotation":[-90,180,0],"translation":[0,-2,2],"scale":[0.8,0.8,0.8]},"firstperson_righthand":{"rotation":[-60,-175,0],"translation":[-1.75,-0.25,1.25],"scale":[0.67,0.67,0.67]},"firstperson_lefthand":{"rotation":[-60,-175,0],"translation":[-1.75,-0.25,1.25],"scale":[0.67,0.67,0.67]},"ground":{"rotation":[45,45,0],"translation":[0,7,0],"scale":[0.7,0.7,0.7]},"gui":{"rotation":[-20,160,30],"translation":[-0.25,-3.25,0],"scale":[0.8,0.8,0.8]},"fixed":{"translation":[0,-2.5,3]}}}