{"texture_size":[128,128],"textures":{"0":"wynn/jigsaw/redbeard","particle":"wynn/jigsaw/redbeard"},"elements":[{"from":[-3.15,20.1,0.85],"to":[19.15,25.4,12.15],"rotation":{"angle":0,"axis":"y","origin":[8,-7,5]},"faces":{"north":{"uv":[1.375,10.25,4.125,10.875],"texture":"#0"},"east":{"uv":[0,10.25,1.375,10.875],"texture":"#0"},"south":{"uv":[5.5,10.25,8.25,10.875],"texture":"#0"},"west":{"uv":[4.125,10.25,5.5,10.875],"texture":"#0"},"up":{"uv":[4.125,10.25,1.375,8.875],"texture":"#0"},"down":{"uv":[6.875,8.875,4.125,10.25],"texture":"#0"}}},{"from":[0.85,20.1,2.85],"to":[15.15,28.4,10.15],"rotation":{"angle":0,"axis":"y","origin":[8,-7,5]},"faces":{"north":{"uv":[11.625,6.25,13.375,7.25],"texture":"#0"},"east":{"uv":[10.75,6.25,11.625,7.25],"texture":"#0"},"south":{"uv":[14.25,6.25,16,7.25],"texture":"#0"},"west":{"uv":[13.375,6.25,14.25,7.25],"texture":"#0"},"up":{"uv":[13.375,6.25,11.625,5.375],"texture":"#0"},"down":{"uv":[15.125,5.375,13.375,6.25],"texture":"#0"}}},{"from":[-2,15,5],"to":[2,20,7],"shade":false,"rotation":{"angle":0,"axis":"y","origin":[8,-7,5]},"faces":{"north":{"uv":[0.75,1.25,0.25,1.875],"texture":"#0"},"east":{"uv":[1,1.25,0.75,1.875],"texture":"#0"},"south":{"uv":[1.5,1.25,1,1.875],"texture":"#0"},"west":{"uv":[0.25,1.25,0,1.875],"texture":"#0"},"up":{"uv":[0.25,1.25,0.75,1],"texture":"#0"},"down":{"uv":[0.75,1,1.25,1.25],"texture":"#0"}}},{"from":[2,12,1],"to":[14,20,12],"rotation":{"angle":0,"axis":"y","origin":[8,-7,5]},"faces":{"north":{"uv":[10.125,1.375,11.625,2.375],"texture":"#0"},"east":{"uv":[8.75,1.375,10.125,2.375],"texture":"#0"},"south":{"uv":[13,1.375,14.5,2.375],"texture":"#0"},"west":{"uv":[11.625,1.375,13,2.375],"texture":"#0"},"up":{"uv":[11.625,1.375,10.125,0],"texture":"#0"},"down":{"uv":[13.125,0,11.625,1.375],"texture":"#0"}}},{"from":[6,16,-5],"to":[10,18,1],"rotation":{"angle":0,"axis":"y","origin":[8,-7,5]},"faces":{"north":{"uv":[0.75,0.75,1.25,1],"texture":"#0"},"east":{"uv":[0,0.75,0.75,1],"texture":"#0"},"south":{"uv":[2,0.75,2.5,1],"texture":"#0"},"west":{"uv":[1.25,0.75,2,1],"texture":"#0"},"up":{"uv":[1.25,0.75,0.75,0],"texture":"#0"},"down":{"uv":[1.75,0,1.25,0.75],"texture":"#0"}}},{"from":[-0.15,3.85,-2.15],"to":[16.15,16.15,7.15],"rotation":{"angle":22.5,"axis":"x","origin":[8,10,1.5]},"faces":{"north":{"uv":[10.875,12.625,12.875,14.125],"texture":"#0"},"east":{"uv":[9.75,12.625,10.875,14.125],"texture":"#0"},"south":{"uv":[14,12.625,16,14.125],"texture":"#0"},"west":{"uv":[12.875,12.625,14,14.125],"texture":"#0"},"up":{"uv":[12.875,12.625,10.875,11.5],"texture":"#0"},"down":{"uv":[14.875,11.5,12.875,12.625],"texture":"#0"}}},{"from":[14,15,5],"to":[18,20,7],"rotation":{"angle":0,"axis":"y","origin":[8,-7,5]},"faces":{"north":{"uv":[0.25,1.25,0.75,1.875],"texture":"#0"},"east":{"uv":[0,1.25,0.25,1.875],"texture":"#0"},"south":{"uv":[1,1.25,1.5,1.875],"texture":"#0"},"west":{"uv":[0.75,1.25,1,1.875],"texture":"#0"},"up":{"uv":[0.75,1.25,0.25,1],"texture":"#0"},"down":{"uv":[1.25,1,0.75,1.25],"texture":"#0"}}},{"from":[4,12,-8],"to":[6,14,2],"rotation":{"angle":22.5,"axis":"y","origin":[5,13,1]},"faces":{"north":{"uv":[11,8.875,11.25,9.125],"texture":"#0"},"east":{"uv":[9.75,8.875,11,9.125],"texture":"#0"},"south":{"uv":[12.5,8.875,12.75,9.125],"texture":"#0"},"west":{"uv":[11.25,8.875,12.5,9.125],"texture":"#0"},"up":{"uv":[11.25,8.875,11,7.625],"texture":"#0"},"down":{"uv":[11.5,7.625,11.25,8.875],"texture":"#0"}}},{"from":[1,20,7],"to":[1.01,30,17],"rotation":{"angle":-22.5,"axis":"y","origin":[1,20,7]},"faces":{"north":{"uv":[7,10.875,7,12.125],"texture":"#0"},"east":{"uv":[5.75,10.875,7,12.125],"texture":"#0"},"south":{"uv":[8.25,10.875,8.25,12.125],"texture":"#0"},"west":{"uv":[7,10.875,8.25,12.125],"texture":"#0"},"up":{"uv":[7,10.875,7,9.625],"texture":"#0"},"down":{"uv":[7,9.625,7,10.875],"texture":"#0"}}},{"from":[0,2,2],"to":[16,17,16],"rotation":{"angle":45,"axis":"x","origin":[8,7,8]},"faces":{"north":{"uv":[1.75,7,3.75,8.875],"texture":"#0"},"east":{"uv":[0,7,1.75,8.875],"texture":"#0"},"south":{"uv":[5.5,7,7.5,8.875],"texture":"#0"},"west":{"uv":[3.75,7,5.5,8.875],"texture":"#0"},"up":{"uv":[3.75,7,1.75,5.25],"texture":"#0"},"down":{"uv":[5.75,5.25,3.75,7],"texture":"#0"}}},{"from":[-4,-9,-2],"to":[20,11,20],"rotation":{"angle":-22.5,"axis":"x","origin":[8,-4,10]},"faces":{"north":{"uv":[2.75,2.75,5.75,5.25],"texture":"#0"},"east":{"uv":[0,2.75,2.75,5.25],"texture":"#0"},"south":{"uv":[8.5,2.75,11.5,5.25],"texture":"#0"},"west":{"uv":[5.75,2.75,8.5,5.25],"texture":"#0"},"up":{"uv":[5.75,2.75,2.75,0],"texture":"#0"},"down":{"uv":[8.75,0,5.75,2.75],"texture":"#0"}}},{"from":[-4.5,2.5,-2.5],"to":[20.5,11.5,6.5],"rotation":{"angle":-22.5,"axis":"x","origin":[8,-4,11]},"faces":{"north":{"uv":[1,14.25,4,15.25],"texture":"#0"},"east":{"uv":[0,14.25,1,15.25],"texture":"#0"},"south":{"uv":[5,14.25,8,15.25],"texture":"#0"},"west":{"uv":[4,14.25,5,15.25],"texture":"#0"},"up":{"uv":[4,14.25,1,13.25],"texture":"#0"},"down":{"uv":[7,13.25,4,14.25],"texture":"#0"}}},{"from":[6,-3,17],"to":[12,15,23],"rotation":{"angle":22.5,"axis":"z","origin":[8,8,24]},"faces":{"north":{"uv":[12.25,3.125,13,5.375],"texture":"#0"},"east":{"uv":[11.5,3.125,12.25,5.375],"texture":"#0"},"south":{"uv":[13.75,3.125,14.5,5.375],"texture":"#0"},"west":{"uv":[13,3.125,13.75,5.375],"texture":"#0"},"up":{"uv":[13,3.125,12.25,2.375],"texture":"#0"},"down":{"uv":[13.75,2.375,13,3.125],"texture":"#0"}}},{"from":[8,15,19],"to":[10,23,21],"rotation":{"angle":22.5,"axis":"z","origin":[8,8,24]},"faces":{"north":{"uv":[13.375,0.25,13.625,1.25],"texture":"#0"},"east":{"uv":[13.125,0.25,13.375,1.25],"texture":"#0"},"south":{"uv":[13.875,0.25,14.125,1.25],"texture":"#0"},"west":{"uv":[13.625,0.25,13.875,1.25],"texture":"#0"},"up":{"uv":[13.625,0.25,13.375,0],"texture":"#0"},"down":{"uv":[13.875,0,13.625,0.25],"texture":"#0"}}},{"from":[-1,0,22],"to":[9,8,22.01],"rotation":{"angle":-22.5,"axis":"y","origin":[7,3,21]},"faces":{"north":{"uv":[3.25,11.625,4.5,12.625],"texture":"#0"},"east":{"uv":[3.25,11.625,3.25,12.625],"texture":"#0"},"south":{"uv":[4.5,11.625,5.75,12.625],"texture":"#0"},"west":{"uv":[4.5,11.625,4.5,12.625],"texture":"#0"},"up":{"uv":[4.5,11.625,3.25,11.625],"texture":"#0"},"down":{"uv":[5.75,11.625,4.5,11.625],"texture":"#0"}}},{"from":[-4,-4,-6.5],"to":[2,4,-6.49],"rotation":{"angle":0,"axis":"y","origin":[0,-4,-1]},"faces":{"north":{"uv":[14.5,3.875,15.25,4.875],"texture":"#0"},"east":{"uv":[14.5,3.875,14.5,4.875],"texture":"#0"},"south":{"uv":[15.25,3.875,16,4.875],"texture":"#0"},"west":{"uv":[15.25,3.875,15.25,4.875],"texture":"#0"},"up":{"uv":[15.25,3.875,14.5,3.875],"texture":"#0"},"down":{"uv":[16,3.875,15.25,3.875],"texture":"#0"}}},{"from":[12,-14,-3],"to":[25,-1,-2.99],"rotation":{"angle":-22.5,"axis":"y","origin":[13.5,-7,-5]},"faces":{"north":{"uv":[0,11.625,1.625,13.25],"texture":"#0"},"east":{"uv":[0,11.625,0,13.25],"texture":"#0"},"south":{"uv":[1.625,11.625,3.25,13.25],"texture":"#0"},"west":{"uv":[1.625,11.625,1.625,13.25],"texture":"#0"},"up":{"uv":[1.625,11.625,0,11.625],"texture":"#0"},"down":{"uv":[3.25,11.625,1.625,11.625],"texture":"#0"}}},{"from":[-2,-5,-5],"to":[20,1,-4.99],"rotation":{"angle":0,"axis":"y","origin":[-1,-4,-1]},"faces":{"north":{"uv":[0,10.875,2.75,11.625],"texture":"#0"},"east":{"uv":[0,10.875,0,11.625],"texture":"#0"},"south":{"uv":[2.75,10.875,5.5,11.625],"texture":"#0"},"west":{"uv":[2.75,10.875,2.75,11.625],"texture":"#0"},"up":{"uv":[2.75,10.875,0,10.875],"texture":"#0"},"down":{"uv":[5.5,10.875,2.75,10.875],"texture":"#0"}}},{"from":[20,-10,1],"to":[23,-2,4],"rotation":{"angle":-45,"axis":"x","origin":[22,-6,0]},"faces":{"north":{"uv":[14.875,0.375,15.25,1.375],"texture":"#0"},"east":{"uv":[14.5,0.375,14.875,1.375],"texture":"#0"},"south":{"uv":[15.625,0.375,16,1.375],"texture":"#0"},"west":{"uv":[15.25,0.375,15.625,1.375],"texture":"#0"},"up":{"uv":[15.25,0.375,14.875,0],"texture":"#0"},"down":{"uv":[15.625,0,15.25,0.375],"texture":"#0"}}},{"from":[21,-2,2],"to":[22,2,3],"rotation":{"angle":-45,"axis":"x","origin":[22,-6,0]},"faces":{"north":{"uv":[15.625,1.5,15.75,2],"texture":"#0"},"east":{"uv":[15.5,1.5,15.625,2],"texture":"#0"},"south":{"uv":[15.875,1.5,16,2],"texture":"#0"},"west":{"uv":[15.75,1.5,15.875,2],"texture":"#0"},"up":{"uv":[15.75,1.5,15.625,1.375],"texture":"#0"},"down":{"uv":[15.875,1.375,15.75,1.5],"texture":"#0"}}},{"from":[5,-2,21],"to":[6,2,22],"rotation":{"angle":-22.5,"axis":"x","origin":[8,-4,10]},"faces":{"north":{"uv":[15.625,1.5,15.75,2],"texture":"#0"},"east":{"uv":[15.5,1.5,15.625,2],"texture":"#0"},"south":{"uv":[15.875,1.5,16,2],"texture":"#0"},"west":{"uv":[15.75,1.5,15.875,2],"texture":"#0"},"up":{"uv":[15.75,1.5,15.625,1.375],"texture":"#0"},"down":{"uv":[15.875,1.375,15.75,1.5],"texture":"#0"}}},{"from":[4,-10,20],"to":[7,-2,23],"rotation":{"angle":-22.5,"axis":"x","origin":[9,-4,10]},"faces":{"north":{"uv":[14.875,0.375,15.25,1.375],"texture":"#0"},"east":{"uv":[14.5,0.375,14.875,1.375],"texture":"#0"},"south":{"uv":[15.625,0.375,16,1.375],"texture":"#0"},"west":{"uv":[15.25,0.375,15.625,1.375],"texture":"#0"},"up":{"uv":[15.25,0.375,14.875,0],"texture":"#0"},"down":{"uv":[15.625,0,15.25,0.375],"texture":"#0"}}}],"display":{"head":{"translation":[0,6,0],"scale":[2,2,2]}}}