{"parent":"item/wynn/template/hat","textures":{"1":"skins/hydration_headgear"},"elements":[{"from":[4.495,-0.005,-0.005],"to":[11.505,1.005,4.005],"rotation":{"angle":0,"axis":"y","origin":[8,0,8]},"faces":{"north":{"uv":[0,14.5,3.5,15],"texture":"#1"},"east":{"uv":[5.5,14,7.5,14.5],"texture":"#1"},"west":{"uv":[3.5,14,5.5,14.5],"texture":"#1"},"up":{"uv":[3.5,14.5,0,12.5],"rotation":180,"texture":"#1"},"down":{"uv":[7,12,3.5,14],"rotation":180,"texture":"#1"}}},{"from":[4.8,0,-0.15],"to":[11.2,1,4.05],"rotation":{"angle":-45,"axis":"y","origin":[8,0,8]},"faces":{"north":{"uv":[3.5,14.5,6.75,15],"texture":"#1"},"east":{"uv":[7,12.5,9,13],"texture":"#1"},"west":{"uv":[7,12,9,12.5],"texture":"#1"},"up":{"uv":[14,10,10.75,8],"rotation":180,"texture":"#1"},"down":{"uv":[14,10,10.75,12],"rotation":180,"texture":"#1"}}},{"from":[6.245,-0.005,3.995],"to":[9.755,6.005,8.005],"rotation":{"angle":0,"axis":"y","origin":[8,0,8]},"faces":{"north":{"uv":[5.25,9,7,12],"texture":"#1"},"east":{"uv":[3.25,9,5.25,12],"texture":"#1"},"west":{"uv":[7,9,9,12],"texture":"#1"},"up":{"uv":[10.75,10,9,8],"rotation":180,"texture":"#1"},"down":{"uv":[1.75,9.5,1.5,9.75],"rotation":180,"texture":"#1"}}},{"from":[6.4,0,3.95],"to":[9.6,6,6.95],"rotation":{"angle":-45,"axis":"y","origin":[8,0,8]},"faces":{"north":{"uv":[0,9.5,1.5,12.5],"texture":"#1"},"up":{"uv":[3.25,10.5,1.75,9],"rotation":180,"texture":"#1"},"down":{"uv":[1.75,9.5,1.5,9.75],"rotation":180,"texture":"#1"}}},{"from":[11.995,-0.005,4.495],"to":[16.005,1.005,11.505],"rotation":{"angle":0,"axis":"y","origin":[8,0,8]},"faces":{"north":{"uv":[3.5,14,5.5,14.5],"texture":"#1"},"east":{"uv":[0,14.5,3.5,15],"texture":"#1"},"south":{"uv":[5.5,14,7.5,14.5],"texture":"#1"},"up":{"uv":[3.5,14.5,0,12.5],"rotation":270,"texture":"#1"},"down":{"uv":[7,12,3.5,14],"rotation":90,"texture":"#1"}}},{"from":[11.95,0,4.8],"to":[16.15,1,11.2],"rotation":{"angle":-45,"axis":"y","origin":[8,0,8]},"faces":{"north":{"uv":[7,12,9,12.5],"texture":"#1"},"east":{"uv":[3.5,14.5,6.75,15],"texture":"#1"},"south":{"uv":[7,12.5,9,13],"texture":"#1"},"up":{"uv":[14,10,10.75,8],"rotation":270,"texture":"#1"},"down":{"uv":[14,10,10.75,12],"rotation":90,"texture":"#1"}}},{"from":[7.995,-0.005,6.245],"to":[12.005,6.005,9.755],"rotation":{"angle":0,"axis":"y","origin":[8,0,8]},"faces":{"north":{"uv":[7,9,9,12],"texture":"#1"},"east":{"uv":[5.25,9,7,12],"texture":"#1"},"south":{"uv":[3.25,9,5.25,12],"texture":"#1"},"up":{"uv":[10.75,10,9,8],"rotation":270,"texture":"#1"},"down":{"uv":[1.75,9.5,1.5,9.75],"rotation":90,"texture":"#1"}}},{"from":[9.05,0,6.4],"to":[12.05,6,9.6],"rotation":{"angle":-45,"axis":"y","origin":[8,0,8]},"faces":{"east":{"uv":[0,9.5,1.5,12.5],"texture":"#1"},"up":{"uv":[3.25,10.5,1.75,9],"rotation":270,"texture":"#1"},"down":{"uv":[1.75,9.5,1.5,9.75],"rotation":90,"texture":"#1"}}},{"from":[4.495,-0.005,11.995],"to":[11.505,1.005,16.005],"rotation":{"angle":0,"axis":"y","origin":[8,0,8]},"faces":{"east":{"uv":[3.5,14,5.5,14.5],"texture":"#1"},"south":{"uv":[0,14.5,3.5,15],"texture":"#1"},"west":{"uv":[5.5,14,7.5,14.5],"texture":"#1"},"up":{"uv":[3.5,14.5,0,12.5],"texture":"#1"},"down":{"uv":[7,12,3.5,14],"texture":"#1"}}},{"from":[-0.15,0,4.8],"to":[4.05,1,11.2],"rotation":{"angle":45,"axis":"y","origin":[8,0,8]},"faces":{"north":{"uv":[7,12.5,9,13],"texture":"#1"},"south":{"uv":[7,12,9,12.5],"texture":"#1"},"west":{"uv":[3.5,14.5,6.75,15],"texture":"#1"},"up":{"uv":[14,10,10.75,8],"rotation":90,"texture":"#1"},"down":{"uv":[14,10,10.75,12],"rotation":270,"texture":"#1"}}},{"from":[6.245,-0.005,7.995],"to":[9.755,6.005,12.005],"rotation":{"angle":0,"axis":"y","origin":[8,0,8]},"faces":{"east":{"uv":[7,9,9,12],"texture":"#1"},"south":{"uv":[5.25,9,7,12],"texture":"#1"},"west":{"uv":[3.25,9,5.25,12],"texture":"#1"},"up":{"uv":[10.75,10,9,8],"texture":"#1"},"down":{"uv":[1.75,9.5,1.5,9.75],"texture":"#1"}}},{"from":[3.95,0,6.4],"to":[6.95,6,9.6],"rotation":{"angle":45,"axis":"y","origin":[8,0,8]},"faces":{"west":{"uv":[0,9.5,1.5,12.5],"texture":"#1"},"up":{"uv":[3.25,10.5,1.75,9],"rotation":90,"texture":"#1"},"down":{"uv":[1.75,9.5,1.5,9.75],"rotation":270,"texture":"#1"}}},{"from":[-0.005,-0.005,4.495],"to":[4.005,1.005,11.505],"rotation":{"angle":0,"axis":"y","origin":[8,0,8]},"faces":{"north":{"uv":[5.5,14,7.5,14.5],"texture":"#1"},"south":{"uv":[3.5,14,5.5,14.5],"texture":"#1"},"west":{"uv":[0,14.5,3.5,15],"texture":"#1"},"up":{"uv":[3.5,14.5,0,12.5],"rotation":90,"texture":"#1"},"down":{"uv":[7,12,3.5,14],"rotation":270,"texture":"#1"}}},{"from":[-0.15,0,4.8],"to":[4.05,1,11.2],"rotation":{"angle":-45,"axis":"y","origin":[8,0,8]},"faces":{"north":{"uv":[7,12.5,9,13],"texture":"#1"},"south":{"uv":[7,12,9,12.5],"texture":"#1"},"west":{"uv":[3.5,14.5,6.75,15],"texture":"#1"},"up":{"uv":[14,10,10.75,8],"rotation":90,"texture":"#1"},"down":{"uv":[14,10,10.75,12],"rotation":270,"texture":"#1"}}},{"from":[3.995,-0.005,6.245],"to":[8.005,6.005,9.755],"rotation":{"angle":0,"axis":"y","origin":[8,0,8]},"faces":{"north":{"uv":[3.25,9,5.25,12],"texture":"#1"},"south":{"uv":[7,9,9,12],"texture":"#1"},"west":{"uv":[5.25,9,7,12],"texture":"#1"},"up":{"uv":[10.75,10,9,8],"rotation":90,"texture":"#1"},"down":{"uv":[1.75,9.5,1.5,9.75],"rotation":270,"texture":"#1"}}},{"from":[3.95,0,6.4],"to":[6.95,6,9.6],"rotation":{"angle":-45,"axis":"y","origin":[8,0,8]},"faces":{"west":{"uv":[0,9.5,1.5,12.5],"texture":"#1"},"up":{"uv":[3.25,10.5,1.75,9],"rotation":90,"texture":"#1"},"down":{"uv":[1.75,9.5,1.5,9.75],"rotation":270,"texture":"#1"}}},{"from":[13.245,0.995,5.995],"to":[15.255,8.005,10.005],"rotation":{"angle":0,"axis":"y","origin":[14.25,5,8]},"faces":{"north":{"uv":[7,0,8,3.5],"texture":"#1"},"east":{"uv":[8,0,10,3.5],"texture":"#1"},"south":{"uv":[8,0,7,3.5],"texture":"#1"},"west":{"uv":[10,0,12,3.5],"texture":"#1"},"up":{"uv":[6,4.5,4,3.5],"rotation":90,"texture":"#1"}}},{"from":[12.245,0.995,6.995],"to":[16.255,8.005,9.005],"rotation":{"angle":0,"axis":"y","origin":[14.25,5,8]},"faces":{"north":{"uv":[2,0,4,3.5],"texture":"#1"},"east":{"uv":[0,0,1,3.5],"texture":"#1"},"south":{"uv":[4,0,2,3.5],"texture":"#1"},"west":{"uv":[1,0,2,3.5],"texture":"#1"},"up":{"uv":[2,4.5,0,3.5],"texture":"#1"}}},{"from":[12.15,1,7.3],"to":[16.35,8,8.7],"rotation":{"angle":45,"axis":"y","origin":[14.25,5,8]},"faces":{"east":{"uv":[4,0,4.75,3.5],"texture":"#1"},"west":{"uv":[5.5,0,4.75,3.5],"texture":"#1"},"up":{"uv":[4,4.25,2,3.5],"texture":"#1"}}},{"from":[12.15,1,7.3],"to":[16.35,8,8.7],"rotation":{"angle":-45,"axis":"y","origin":[14.25,5,8]},"faces":{"east":{"uv":[5.5,0,6.25,3.5],"texture":"#1"},"west":{"uv":[6.25,0,7,3.5],"texture":"#1"},"up":{"uv":[4,5,2,4.25],"texture":"#1"}}},{"from":[11.95,0.95,7.1],"to":[16.55,1.95,8.9],"rotation":{"angle":45,"axis":"y","origin":[14.25,4.95,8]},"faces":{"north":{"uv":[2.75,6,5,6.5],"texture":"#1"},"east":{"uv":[1.75,5.5,2.75,6],"texture":"#1"},"south":{"uv":[2.75,5.5,5,6],"texture":"#1"},"west":{"uv":[1.75,6,2.75,6.5],"texture":"#1"},"up":{"uv":[6.25,7.5,4,6.5],"texture":"#1"},"down":{"uv":[4,6.5,1.75,7.5],"texture":"#1"}}},{"from":[13.245,0.945,5.745],"to":[15.255,1.955,10.255],"rotation":{"angle":0,"axis":"y","origin":[14.25,4.95,8]},"faces":{"north":{"uv":[11.75,3.5,12.75,4],"texture":"#1"},"east":{"uv":[14.25,4,12,4.5],"texture":"#1"},"south":{"uv":[12.75,3.5,13.75,4],"texture":"#1"},"west":{"uv":[14.25,4.5,12,5],"texture":"#1"},"up":{"uv":[13.5,6,11.25,5],"rotation":90,"texture":"#1"}}},{"from":[11.995,0.945,6.995],"to":[16.505,1.955,9.005],"rotation":{"angle":0,"axis":"y","origin":[14.25,4.95,8]},"faces":{"north":{"uv":[9.75,4,12,4.5],"texture":"#1"},"east":{"uv":[9.75,3.5,10.75,4],"texture":"#1"},"south":{"uv":[9.75,4.5,12,5],"texture":"#1"},"up":{"uv":[11.25,6,9,5],"texture":"#1"},"down":{"uv":[11.25,6,9,7],"texture":"#1"}}},{"from":[11.95,0.95,7.1],"to":[16.55,1.95,8.9],"rotation":{"angle":-45,"axis":"y","origin":[14.25,4.95,8]},"faces":{"north":{"uv":[6.25,6.5,8.5,7],"texture":"#1"},"east":{"uv":[6,6,7,6.5],"texture":"#1"},"south":{"uv":[6.25,7,8.5,7.5],"texture":"#1"},"west":{"uv":[7,6,8,6.5],"texture":"#1"},"up":{"uv":[10.75,8,8.5,7],"texture":"#1"},"down":{"uv":[13,7,10.75,8],"texture":"#1"}}},{"from":[11.95,5,7.1],"to":[16.55,6,8.9],"rotation":{"angle":45,"axis":"y","origin":[14.25,9,8]},"faces":{"north":{"uv":[2.75,6,5,6.5],"texture":"#1"},"east":{"uv":[1.75,5.5,2.75,6],"texture":"#1"},"south":{"uv":[2.75,5.5,5,6],"texture":"#1"},"west":{"uv":[1.75,6,2.75,6.5],"texture":"#1"},"up":{"uv":[6.25,7.5,4,6.5],"texture":"#1"},"down":{"uv":[4,6.5,1.75,7.5],"texture":"#1"}}},{"from":[11.995,4.995,6.995],"to":[16.505,6.005,9.005],"rotation":{"angle":0,"axis":"y","origin":[14.25,9,8]},"faces":{"north":{"uv":[9.75,4,12,4.5],"texture":"#1"},"east":{"uv":[9.75,3.5,10.75,4],"texture":"#1"},"south":{"uv":[9.75,4.5,12,5],"texture":"#1"},"up":{"uv":[11.25,6,9,5],"texture":"#1"},"down":{"uv":[11.25,6,9,7],"texture":"#1"}}},{"from":[11.95,5,7.1],"to":[16.55,6,8.9],"rotation":{"angle":-45,"axis":"y","origin":[14.25,9,8]},"faces":{"north":{"uv":[6.25,6.5,8.5,7],"texture":"#1"},"east":{"uv":[6,6,7,6.5],"texture":"#1"},"south":{"uv":[6.25,7,8.5,7.5],"texture":"#1"},"west":{"uv":[7,6,8,6.5],"texture":"#1"},"up":{"uv":[10.75,8,8.5,7],"texture":"#1"},"down":{"uv":[13,7,10.75,8],"texture":"#1"}}},{"from":[13.245,4.995,5.745],"to":[15.255,6.005,10.255],"rotation":{"angle":0,"axis":"y","origin":[14.25,9,8]},"faces":{"north":{"uv":[11.75,3.5,12.75,4],"texture":"#1"},"east":{"uv":[14.25,4,12,4.5],"texture":"#1"},"south":{"uv":[12.75,3.5,13.75,4],"texture":"#1"},"west":{"uv":[14.25,4.5,12,5],"texture":"#1"},"up":{"uv":[13.5,6,11.25,5],"rotation":90,"texture":"#1"},"down":{"uv":[11.25,7,13.5,6],"rotation":90,"texture":"#1"}}},{"from":[13.5,8,7.25],"to":[15,13,8.75],"rotation":{"angle":0,"axis":"y","origin":[16.25,0,0]},"faces":{"north":{"uv":[6,3.5,6.75,6],"texture":"#1"},"east":{"uv":[6.75,3.5,7.5,6],"texture":"#1"},"south":{"uv":[7.5,3.5,8.25,6],"texture":"#1"},"west":{"uv":[8.25,3.5,9,6],"texture":"#1"},"up":{"uv":[9.75,4.25,9,3.5],"texture":"#1"}}},{"from":[13.25,11,7],"to":[15.25,12,9],"rotation":{"angle":0,"axis":"y","origin":[16.25,3,0]},"faces":{"north":{"uv":[2.75,5,3.75,5.5],"texture":"#1"},"east":{"uv":[1.75,5,2.75,5.5],"texture":"#1"},"south":{"uv":[3.75,5,2.75,5.5],"texture":"#1"},"west":{"uv":[4,4.5,5,5],"texture":"#1"},"up":{"uv":[6,5.5,5,4.5],"texture":"#1"},"down":{"uv":[6,5.5,5,6.5],"texture":"#1"}}},{"from":[13.5,6.57574,7.42426],"to":[15,8.37574,9.42426],"rotation":{"angle":-45,"axis":"x","origin":[14.25,8,8]},"faces":{"east":{"uv":[0.75,4.5,1.75,5.5],"texture":"#1"},"south":{"uv":[0,5.5,0.75,6.5],"texture":"#1"},"west":{"uv":[0.75,5.5,1.75,6.5],"texture":"#1"},"down":{"uv":[0,6.25,0.75,6.5],"texture":"#1"}}},{"from":[13.5,6.57574,6.57574],"to":[15,8.37574,8.57574],"rotation":{"angle":45,"axis":"x","origin":[14.25,8,8]},"faces":{"north":{"uv":[0.75,5.5,0,6.5],"texture":"#1"},"east":{"uv":[1.75,4.5,0.75,5.5],"texture":"#1"},"west":{"uv":[1.75,5.5,0.75,6.5],"texture":"#1"},"down":{"uv":[0,6.5,0.75,6.25],"texture":"#1"}}},{"from":[13.67426,6.57574,7.25],"to":[15.67426,8.37574,8.75],"rotation":{"angle":45,"axis":"z","origin":[14.25,8,8]},"faces":{"north":{"uv":[0.75,4.5,1.75,5.5],"texture":"#1"},"east":{"uv":[0,4.5,0.75,5.5],"texture":"#1"},"south":{"uv":[1.75,4.5,0.75,5.5],"texture":"#1"},"down":{"uv":[0,5.25,0.75,5.5],"rotation":90,"texture":"#1"}}},{"from":[12.82574,6.57574,7.25],"to":[14.82574,8.37574,8.75],"rotation":{"angle":-45,"axis":"z","origin":[14.25,8,8]},"faces":{"north":{"uv":[1.75,6.5,0.75,7.5],"texture":"#1"},"south":{"uv":[0.75,6.5,1.75,7.5],"texture":"#1"},"west":{"uv":[0,6.5,0.75,7.5],"texture":"#1"},"down":{"uv":[0.75,6.5,1,6.75],"texture":"#1"}}},{"from":[11.15,12.15,7.75],"to":[12.65,12.65,8.25],"rotation":{"angle":22.5,"axis":"z","origin":[12.65,10.65,6.25]},"faces":{"north":{"uv":[12,1,12.75,0.75],"texture":"#1"},"east":{"uv":[12.25,1,12,0.75],"texture":"#1"},"south":{"uv":[12.75,1,12,0.75],"texture":"#1"},"west":{"uv":[12.75,1,12.5,0.75],"texture":"#1"},"up":{"uv":[12.75,1,12,0.75],"texture":"#1"},"down":{"uv":[12.75,1.25,12,1],"texture":"#1"}}},{"from":[11.895,11.995,7.745],"to":[13.505,12.505,8.255],"rotation":{"angle":0,"axis":"y","origin":[13.4,10.5,6.25]},"faces":{"north":{"uv":[12,0,12.75,0.25],"texture":"#1"},"south":{"uv":[12.75,0,12,0.25],"texture":"#1"},"west":{"uv":[12.75,0.75,12.5,0.5],"texture":"#1"},"up":{"uv":[12.75,0.75,12,0.5],"texture":"#1"},"down":{"uv":[12,0.25,12.75,0.5],"texture":"#1"}}},{"from":[10.895,11.995,7.745],"to":[11.905,12.505,8.255],"rotation":{"angle":45,"axis":"z","origin":[11.9,10.5,6.25]},"faces":{"north":{"uv":[12,1.25,12.5,1.5],"texture":"#1"},"east":{"uv":[12,1.25,12.25,1.5],"texture":"#1"},"south":{"uv":[12.5,1.25,12,1.5],"texture":"#1"},"west":{"uv":[12.25,1.25,12.5,1.5],"texture":"#1"},"up":{"uv":[12.5,1.5,12,1.25],"texture":"#1"},"down":{"uv":[12,1.5,12.5,1.75],"texture":"#1"}}},{"from":[9.65,8.95,7.75],"to":[10.15,10.45,8.25],"rotation":{"angle":-22.5,"axis":"z","origin":[11.65,10.45,6.25]},"faces":{"north":{"uv":[12.75,0,13.5,0.25],"rotation":90,"texture":"#1"},"east":{"uv":[12.75,0.25,13.5,0.5],"rotation":90,"texture":"#1"},"south":{"uv":[12.75,0,13.5,0.25],"rotation":90,"texture":"#1"},"west":{"uv":[12.75,0,13.5,0.25],"rotation":90,"texture":"#1"},"down":{"uv":[12.75,0,13,0.25],"rotation":90,"texture":"#1"}}},{"from":[9.245,6.995,7.745],"to":[9.755,9.855,8.255],"rotation":{"angle":0,"axis":"y","origin":[11.25,9.85,6.25]},"faces":{"north":{"uv":[12.25,1.75,12.5,3.25],"texture":"#1"},"east":{"uv":[12,1.75,12.25,3.25],"texture":"#1"},"south":{"uv":[12.25,1.75,12.5,3.25],"texture":"#1"},"west":{"uv":[12.25,1.75,12.5,3.25],"texture":"#1"}}},{"from":[0.745,0.995,5.995],"to":[2.755,8.005,10.005],"rotation":{"angle":0,"axis":"y","origin":[1.75,5,8]},"faces":{"north":{"uv":[8,0,7,3.5],"texture":"#1"},"east":{"uv":[12,0,10,3.5],"texture":"#1"},"south":{"uv":[7,0,8,3.5],"texture":"#1"},"west":{"uv":[10,0,8,3.5],"texture":"#1"},"up":{"uv":[6,3.5,4,4.5],"rotation":90,"texture":"#1"}}},{"from":[-0.255,0.995,6.995],"to":[3.755,8.005,9.005],"rotation":{"angle":0,"axis":"y","origin":[1.75,5,8]},"faces":{"north":{"uv":[4,0,2,3.5],"texture":"#1"},"east":{"uv":[2,0,1,3.5],"texture":"#1"},"south":{"uv":[2,0,4,3.5],"texture":"#1"},"west":{"uv":[1,0,0,3.5],"texture":"#1"},"up":{"uv":[0,4.5,2,3.5],"texture":"#1"}}},{"from":[-0.35,1,7.3],"to":[3.85,8,8.7],"rotation":{"angle":-45,"axis":"y","origin":[1.75,5,8]},"faces":{"east":{"uv":[4.75,0,5.5,3.5],"texture":"#1"},"west":{"uv":[4.75,0,4,3.5],"texture":"#1"},"up":{"uv":[2,4.25,4,3.5],"texture":"#1"}}},{"from":[-0.35,1,7.3],"to":[3.85,8,8.7],"rotation":{"angle":45,"axis":"y","origin":[1.75,5,8]},"faces":{"east":{"uv":[7,0,6.25,3.5],"texture":"#1"},"west":{"uv":[6.25,0,5.5,3.5],"texture":"#1"},"up":{"uv":[2,5,4,4.25],"texture":"#1"}}},{"from":[-0.55,0.95,7.1],"to":[4.05,1.95,8.9],"rotation":{"angle":-45,"axis":"y","origin":[1.75,4.95,8]},"faces":{"north":{"uv":[5,6,2.75,6.5],"texture":"#1"},"east":{"uv":[2.75,6,1.75,6.5],"texture":"#1"},"south":{"uv":[5,5.5,2.75,6],"texture":"#1"},"west":{"uv":[2.75,5.5,1.75,6],"texture":"#1"},"up":{"uv":[4,7.5,6.25,6.5],"texture":"#1"},"down":{"uv":[1.75,6.5,4,7.5],"texture":"#1"}}},{"from":[0.745,0.945,5.745],"to":[2.755,1.955,10.255],"rotation":{"angle":0,"axis":"y","origin":[1.75,4.95,8]},"faces":{"north":{"uv":[12.75,3.5,11.75,4],"texture":"#1"},"east":{"uv":[12,4.5,14.25,5],"texture":"#1"},"south":{"uv":[13.75,3.5,12.75,4],"texture":"#1"},"west":{"uv":[12,4,14.25,4.5],"texture":"#1"},"up":{"uv":[13.5,5,11.25,6],"rotation":90,"texture":"#1"}}},{"from":[-0.505,0.945,6.995],"to":[4.005,1.955,9.005],"rotation":{"angle":0,"axis":"y","origin":[1.75,4.95,8]},"faces":{"north":{"uv":[12,4,9.75,4.5],"texture":"#1"},"south":{"uv":[12,4.5,9.75,5],"texture":"#1"},"west":{"uv":[10.75,3.5,9.75,4],"texture":"#1"},"up":{"uv":[9,6,11.25,5],"texture":"#1"},"down":{"uv":[9,6,11.25,7],"texture":"#1"}}},{"from":[-0.55,0.95,7.1],"to":[4.05,1.95,8.9],"rotation":{"angle":45,"axis":"y","origin":[1.75,4.95,8]},"faces":{"north":{"uv":[8.5,6.5,6.25,7],"texture":"#1"},"east":{"uv":[8,6,7,6.5],"texture":"#1"},"south":{"uv":[8.5,7,6.25,7.5],"texture":"#1"},"west":{"uv":[7,6,6,6.5],"texture":"#1"},"up":{"uv":[8.5,8,10.75,7],"texture":"#1"},"down":{"uv":[10.75,7,13,8],"texture":"#1"}}},{"from":[-0.55,5,7.1],"to":[4.05,6,8.9],"rotation":{"angle":-45,"axis":"y","origin":[1.75,9,8]},"faces":{"north":{"uv":[5,6,2.75,6.5],"texture":"#1"},"east":{"uv":[2.75,6,1.75,6.5],"texture":"#1"},"south":{"uv":[5,5.5,2.75,6],"texture":"#1"},"west":{"uv":[2.75,5.5,1.75,6],"texture":"#1"},"up":{"uv":[4,7.5,6.25,6.5],"texture":"#1"},"down":{"uv":[1.75,6.5,4,7.5],"texture":"#1"}}},{"from":[-0.505,4.995,6.995],"to":[4.005,6.005,9.005],"rotation":{"angle":0,"axis":"y","origin":[1.75,9,8]},"faces":{"north":{"uv":[12,4,9.75,4.5],"texture":"#1"},"south":{"uv":[12,4.5,9.75,5],"texture":"#1"},"west":{"uv":[10.75,3.5,9.75,4],"texture":"#1"},"up":{"uv":[9,6,11.25,5],"texture":"#1"},"down":{"uv":[9,6,11.25,7],"texture":"#1"}}},{"from":[-0.55,5,7.1],"to":[4.05,6,8.9],"rotation":{"angle":45,"axis":"y","origin":[1.75,9,8]},"faces":{"north":{"uv":[8.5,6.5,6.25,7],"texture":"#1"},"east":{"uv":[8,6,7,6.5],"texture":"#1"},"south":{"uv":[8.5,7,6.25,7.5],"texture":"#1"},"west":{"uv":[7,6,6,6.5],"texture":"#1"},"up":{"uv":[8.5,8,10.75,7],"texture":"#1"},"down":{"uv":[10.75,7,13,8],"texture":"#1"}}},{"from":[0.745,4.995,5.745],"to":[2.755,6.005,10.255],"rotation":{"angle":0,"axis":"y","origin":[1.75,9,8]},"faces":{"north":{"uv":[12.75,3.5,11.75,4],"texture":"#1"},"east":{"uv":[12,4.5,14.25,5],"texture":"#1"},"south":{"uv":[13.75,3.5,12.75,4],"texture":"#1"},"west":{"uv":[12,4,14.25,4.5],"texture":"#1"},"up":{"uv":[13.5,5,11.25,6],"rotation":90,"texture":"#1"},"down":{"uv":[11.25,6,13.5,7],"rotation":90,"texture":"#1"}}},{"from":[1,8,7.25],"to":[2.5,13,8.75],"rotation":{"angle":0,"axis":"y","origin":[-0.25,0,0]},"faces":{"north":{"uv":[6.75,3.5,6,6],"texture":"#1"},"east":{"uv":[9,3.5,8.25,6],"texture":"#1"},"south":{"uv":[8.25,3.5,7.5,6],"texture":"#1"},"west":{"uv":[7.5,3.5,6.75,6],"texture":"#1"},"up":{"uv":[9,4.25,9.75,3.5],"texture":"#1"}}},{"from":[0.75,11,7],"to":[2.75,12,9],"rotation":{"angle":0,"axis":"y","origin":[-0.25,3,0]},"faces":{"north":{"uv":[3.75,5,2.75,5.5],"texture":"#1"},"east":{"uv":[5,4.5,4,5],"texture":"#1"},"south":{"uv":[2.75,5,3.75,5.5],"texture":"#1"},"west":{"uv":[2.75,5,1.75,5.5],"texture":"#1"},"up":{"uv":[5,5.5,6,4.5],"texture":"#1"},"down":{"uv":[5,5.5,6,6.5],"texture":"#1"}}},{"from":[1,6.57574,7.42426],"to":[2.5,8.37574,9.42426],"rotation":{"angle":-45,"axis":"x","origin":[1.75,8,8]},"faces":{"east":{"uv":[1.75,5.5,0.75,6.5],"texture":"#1"},"south":{"uv":[0.75,5.5,0,6.5],"texture":"#1"},"west":{"uv":[1.75,4.5,0.75,5.5],"texture":"#1"},"down":{"uv":[0.75,6.25,0,6.5],"texture":"#1"}}},{"from":[1,6.57574,6.57574],"to":[2.5,8.37574,8.57574],"rotation":{"angle":45,"axis":"x","origin":[1.75,8,8]},"faces":{"north":{"uv":[0,5.5,0.75,6.5],"texture":"#1"},"east":{"uv":[0.75,5.5,1.75,6.5],"texture":"#1"},"west":{"uv":[0.75,4.5,1.75,5.5],"texture":"#1"},"down":{"uv":[0.75,6.5,0,6.25],"texture":"#1"}}},{"from":[0.32574,6.57574,7.25],"to":[2.32574,8.37574,8.75],"rotation":{"angle":-45,"axis":"z","origin":[1.75,8,8]},"faces":{"north":{"uv":[1.75,4.5,0.75,5.5],"texture":"#1"},"south":{"uv":[0.75,4.5,1.75,5.5],"texture":"#1"},"west":{"uv":[0.75,4.5,0,5.5],"texture":"#1"},"down":{"uv":[0,5.5,0.75,5.25],"rotation":90,"texture":"#1"}}},{"from":[1.17426,6.57574,7.25],"to":[3.17426,8.37574,8.75],"rotation":{"angle":45,"axis":"z","origin":[1.75,8,8]},"faces":{"north":{"uv":[0.75,6.5,1.75,7.5],"texture":"#1"},"east":{"uv":[0.75,6.5,0,7.5],"texture":"#1"},"south":{"uv":[1.75,6.5,0.75,7.5],"texture":"#1"},"down":{"uv":[1,6.5,0.75,6.75],"texture":"#1"}}},{"from":[3.35,12.15,7.75],"to":[4.85,12.65,8.25],"rotation":{"angle":-22.5,"axis":"z","origin":[3.35,10.65,6.25]},"faces":{"north":{"uv":[12.75,1,12,0.75],"texture":"#1"},"east":{"uv":[12.5,1,12.75,0.75],"texture":"#1"},"south":{"uv":[12,1,12.75,0.75],"texture":"#1"},"west":{"uv":[12,1,12.25,0.75],"texture":"#1"},"up":{"uv":[12,1,12.75,0.75],"texture":"#1"},"down":{"uv":[12,1.25,12.75,1],"texture":"#1"}}},{"from":[2.495,11.995,7.745],"to":[4.105,12.505,8.255],"rotation":{"angle":0,"axis":"y","origin":[2.6,10.5,6.25]},"faces":{"north":{"uv":[12.75,0,12,0.25],"texture":"#1"},"east":{"uv":[12.5,0.75,12.75,0.5],"texture":"#1"},"south":{"uv":[12,0,12.75,0.25],"texture":"#1"},"up":{"uv":[12,0.75,12.75,0.5],"texture":"#1"},"down":{"uv":[12.75,0.25,12,0.5],"texture":"#1"}}},{"from":[4.095,11.995,7.745],"to":[5.105,12.505,8.255],"rotation":{"angle":-45,"axis":"z","origin":[4.1,10.5,6.25]},"faces":{"north":{"uv":[12.5,1.25,12,1.5],"texture":"#1"},"east":{"uv":[12.5,1.25,12.25,1.5],"texture":"#1"},"south":{"uv":[12,1.25,12.5,1.5],"texture":"#1"},"west":{"uv":[12.25,1.25,12,1.5],"texture":"#1"},"up":{"uv":[12,1.5,12.5,1.25],"texture":"#1"},"down":{"uv":[12.5,1.5,12,1.75],"texture":"#1"}}},{"from":[5.85,8.95,7.75],"to":[6.35,10.45,8.25],"rotation":{"angle":22.5,"axis":"z","origin":[4.35,10.45,6.25]},"faces":{"north":{"uv":[12.75,0.25,13.5,0],"rotation":90,"texture":"#1"},"east":{"uv":[12.75,0.25,13.5,0],"rotation":90,"texture":"#1"},"south":{"uv":[12.75,0.25,13.5,0],"rotation":90,"texture":"#1"},"west":{"uv":[12.75,0.5,13.5,0.25],"rotation":90,"texture":"#1"},"down":{"uv":[12.75,0.25,13,0],"rotation":90,"texture":"#1"}}},{"from":[6.245,6.995,7.745],"to":[6.755,9.855,8.255],"rotation":{"angle":0,"axis":"y","origin":[4.75,9.85,6.25]},"faces":{"north":{"uv":[12.5,1.75,12.25,3.25],"texture":"#1"},"east":{"uv":[12.5,1.75,12.25,3.25],"texture":"#1"},"south":{"uv":[12.5,1.75,12.25,3.25],"texture":"#1"},"west":{"uv":[12.25,1.75,12,3.25],"texture":"#1"}}},{"from":[5.75,6,7],"to":[10.25,7,9],"rotation":{"angle":0,"axis":"y","origin":[7,6,7]},"faces":{"north":{"uv":[7.5,14,9.75,14.5],"texture":"#1"},"east":{"uv":[9.75,14,10.75,14.5],"texture":"#1"},"south":{"uv":[7.5,14,9.75,14.5],"texture":"#1"},"west":{"uv":[9.75,14,10.75,14.5],"texture":"#1"},"up":{"uv":[13.75,14,11.5,13],"texture":"#1"}}},{"from":[12.5,-1.5,7.25],"to":[14.5,0,8.75],"rotation":{"angle":0,"axis":"y","origin":[-0.5,-13,0]},"faces":{"north":{"uv":[1.5,10.5,2.5,11.25],"texture":"#1"},"east":{"uv":[2.5,10.5,3.25,11.25],"texture":"#1"},"south":{"uv":[2.5,10.5,1.5,11.25],"texture":"#1"},"west":{"uv":[2.5,10.5,3.25,11.25],"texture":"#1"},"down":{"uv":[2.5,11.25,1.5,12],"texture":"#1"}}},{"from":[13.25,-9.5,7],"to":[13.75,-0.5,8],"rotation":{"angle":45,"axis":"x","origin":[13.75,-1.5,7.5]},"faces":{"north":{"uv":[13.5,12.5,9,12.75],"rotation":90,"texture":"#1"},"east":{"uv":[13.5,12.5,9,12],"rotation":90,"texture":"#1"},"south":{"uv":[13.5,12.75,9,13],"rotation":90,"texture":"#1"},"west":{"uv":[13.25,12,9,12.5],"rotation":90,"texture":"#1"},"down":{"uv":[13.75,12,13.5,12.5],"texture":"#1"}}},{"from":[9.25,-9.5,7],"to":[13.25,-8.5,8],"rotation":{"angle":45,"axis":"x","origin":[13.75,-1.5,7.5]},"faces":{"north":{"uv":[7,13,9,13.5],"texture":"#1"},"south":{"uv":[7,13.5,9,14],"texture":"#1"},"west":{"uv":[11,13,11.5,13.5],"texture":"#1"},"up":{"uv":[11,13.5,9,13],"texture":"#1"},"down":{"uv":[11,13.5,9,14],"texture":"#1"}}},{"from":[9.5,4,3],"to":[11.5,5,4],"rotation":{"angle":0,"axis":"y","origin":[9.5,4,3]},"faces":{"north":{"uv":[0,7.5,1,8],"texture":"#1"},"east":{"uv":[0.5,9.5,0,9],"rotation":90,"texture":"#1"},"south":{"uv":[0,8,1,8.5],"texture":"#1"},"west":{"uv":[0,9,0.5,9.5],"rotation":90,"texture":"#1"},"up":{"uv":[1,9.5,0,9],"texture":"#1"},"down":{"uv":[1,8.5,0,9],"texture":"#1"}}},{"from":[8.5,2,3],"to":[9.5,4,4],"rotation":{"angle":0,"axis":"y","origin":[8.5,2,3]},"faces":{"north":{"uv":[2.75,7.5,3.25,8.5],"texture":"#1"},"east":{"uv":[3.25,7.5,3.75,8.5],"texture":"#1"},"west":{"uv":[2.25,7.5,2.75,8.5],"texture":"#1"},"up":{"uv":[4.75,8,4.25,7.5],"texture":"#1"},"down":{"uv":[4.75,8,4.25,8.5],"texture":"#1"}}},{"from":[9.75505,4.08495,2.995],"to":[11.26505,5.09495,4.005],"rotation":{"angle":45,"axis":"z","origin":[10.51005,2.98995,3.5]},"faces":{"north":{"uv":[1,9,1.75,9.5],"texture":"#1"},"east":{"uv":[1.75,7.5,2.25,8],"texture":"#1"},"south":{"uv":[1,7.5,1.75,8],"texture":"#1"},"west":{"uv":[1.75,8,2.25,8.5],"texture":"#1"},"up":{"uv":[1.75,9,1,8.5],"texture":"#1"},"down":{"uv":[1.75,8,1,8.5],"texture":"#1"}}},{"from":[9.395,2.645,2.995],"to":[10.405,4.155,4.005],"rotation":{"angle":45,"axis":"z","origin":[11.5,2,3]},"faces":{"north":{"uv":[4.75,7.5,5.25,8.25],"texture":"#1"},"east":{"uv":[5.25,7.5,5.75,8.25],"texture":"#1"},"south":{"uv":[6.25,7.5,6.75,8.25],"texture":"#1"},"west":{"uv":[5.75,7.5,6.25,8.25],"texture":"#1"},"up":{"uv":[7.25,8,6.75,7.5],"texture":"#1"},"down":{"uv":[7.75,7.5,7.25,8],"texture":"#1"}}},{"from":[9.73495,4.08495,2.995],"to":[11.24495,5.09495,4.005],"rotation":{"angle":-45,"axis":"z","origin":[10.48995,2.98995,3.5]},"faces":{"north":{"uv":[1.75,9,1,9.5],"texture":"#1"},"east":{"uv":[2.25,8,1.75,8.5],"texture":"#1"},"south":{"uv":[1.75,7.5,1,8],"texture":"#1"},"west":{"uv":[2.25,7.5,1.75,8],"texture":"#1"},"up":{"uv":[1,9,1.75,8.5],"texture":"#1"},"down":{"uv":[1,8,1.75,8.5],"texture":"#1"}}},{"from":[11.5,2,3],"to":[12.5,4,4],"rotation":{"angle":0,"axis":"y","origin":[12.5,2,3]},"faces":{"north":{"uv":[3.25,7.5,2.75,8.5],"texture":"#1"},"east":{"uv":[2.75,7.5,2.25,8.5],"texture":"#1"},"south":{"uv":[4.25,7.5,3.75,8.5],"texture":"#1"},"west":{"uv":[3.75,7.5,3.25,8.5],"texture":"#1"},"up":{"uv":[4.25,8,4.75,7.5],"texture":"#1"},"down":{"uv":[4.25,8,4.75,8.5],"texture":"#1"}}},{"from":[10.595,2.645,2.995],"to":[11.605,4.155,4.005],"rotation":{"angle":-45,"axis":"z","origin":[9.5,2,3]},"faces":{"north":{"uv":[5.25,7.5,4.75,8.25],"texture":"#1"},"east":{"uv":[6.25,7.5,5.75,8.25],"texture":"#1"},"south":{"uv":[6.75,7.5,6.25,8.25],"texture":"#1"},"west":{"uv":[5.75,7.5,5.25,8.25],"texture":"#1"},"up":{"uv":[6.75,8,7.25,7.5],"texture":"#1"},"down":{"uv":[7.25,7.5,7.75,8],"texture":"#1"}}},{"from":[9.5,1,3],"to":[11.5,2,4],"rotation":{"angle":0,"axis":"y","origin":[9.5,1,3]},"faces":{"north":{"uv":[1.75,8.5,2.75,9],"texture":"#1"},"east":{"uv":[6.25,8.25,6.75,8.75],"texture":"#1"},"south":{"uv":[2.75,8.5,3.75,9],"texture":"#1"},"west":{"uv":[5.75,8.25,6.25,8.75],"texture":"#1"},"up":{"uv":[4.75,9,3.75,8.5],"texture":"#1"}}},{"from":[9.5,2,3.5],"to":[11.5,4,3.51],"rotation":{"angle":0,"axis":"y","origin":[0,2,4]},"faces":{"north":{"uv":[6.75,8,7.75,9],"texture":"#1"},"south":{"uv":[7.75,8,6.75,9],"texture":"#1"}}},{"from":[4.5,4,3],"to":[6.5,5,4],"rotation":{"angle":0,"axis":"y","origin":[6.5,4,3]},"faces":{"north":{"uv":[1,7.5,0,8],"texture":"#1"},"east":{"uv":[0,9.5,0.5,9],"rotation":90,"texture":"#1"},"south":{"uv":[1,8,0,8.5],"texture":"#1"},"west":{"uv":[0.5,9,0,9.5],"rotation":90,"texture":"#1"},"up":{"uv":[0,9.5,1,9],"texture":"#1"},"down":{"uv":[0,8.5,1,9],"texture":"#1"}}},{"from":[6.5,2,3],"to":[7.5,4,4],"rotation":{"angle":0,"axis":"y","origin":[7.5,2,3]},"faces":{"north":{"uv":[3.25,7.5,2.75,8.5],"texture":"#1"},"east":{"uv":[2.75,7.5,2.25,8.5],"texture":"#1"},"west":{"uv":[3.75,7.5,3.25,8.5],"texture":"#1"},"up":{"uv":[4.25,8,4.75,7.5],"texture":"#1"},"down":{"uv":[4.25,8,4.75,8.5],"texture":"#1"}}},{"from":[4.73495,4.08495,2.995],"to":[6.24495,5.09495,4.005],"rotation":{"angle":-45,"axis":"z","origin":[5.48995,2.98995,3.5]},"faces":{"north":{"uv":[1.75,9,1,9.5],"texture":"#1"},"east":{"uv":[2.25,8,1.75,8.5],"texture":"#1"},"south":{"uv":[1.75,7.5,1,8],"texture":"#1"},"west":{"uv":[2.25,7.5,1.75,8],"texture":"#1"},"up":{"uv":[1,9,1.75,8.5],"texture":"#1"},"down":{"uv":[1,8,1.75,8.5],"texture":"#1"}}},{"from":[5.595,2.645,2.995],"to":[6.605,4.155,4.005],"rotation":{"angle":-45,"axis":"z","origin":[4.5,2,3]},"faces":{"north":{"uv":[5.25,7.5,4.75,8.25],"texture":"#1"},"east":{"uv":[6.25,7.5,5.75,8.25],"texture":"#1"},"south":{"uv":[6.75,7.5,6.25,8.25],"texture":"#1"},"west":{"uv":[5.75,7.5,5.25,8.25],"texture":"#1"},"up":{"uv":[6.75,8,7.25,7.5],"texture":"#1"},"down":{"uv":[7.25,7.5,7.75,8],"texture":"#1"}}},{"from":[4.75505,4.08495,2.995],"to":[6.26505,5.09495,4.005],"rotation":{"angle":45,"axis":"z","origin":[5.51005,2.98995,3.5]},"faces":{"north":{"uv":[1,9,1.75,9.5],"texture":"#1"},"east":{"uv":[1.75,7.5,2.25,8],"texture":"#1"},"south":{"uv":[1,7.5,1.75,8],"texture":"#1"},"west":{"uv":[1.75,8,2.25,8.5],"texture":"#1"},"up":{"uv":[1.75,9,1,8.5],"texture":"#1"},"down":{"uv":[1.75,8,1,8.5],"texture":"#1"}}},{"from":[3.5,2,3],"to":[4.5,4,4],"rotation":{"angle":0,"axis":"y","origin":[3.5,2,3]},"faces":{"north":{"uv":[2.75,7.5,3.25,8.5],"texture":"#1"},"east":{"uv":[3.25,7.5,3.75,8.5],"texture":"#1"},"south":{"uv":[3.75,7.5,4.25,8.5],"texture":"#1"},"west":{"uv":[2.25,7.5,2.75,8.5],"texture":"#1"},"up":{"uv":[4.75,8,4.25,7.5],"texture":"#1"},"down":{"uv":[4.75,8,4.25,8.5],"texture":"#1"}}},{"from":[4.395,2.645,2.995],"to":[5.405,4.155,4.005],"rotation":{"angle":45,"axis":"z","origin":[6.5,2,3]},"faces":{"north":{"uv":[4.75,7.5,5.25,8.25],"texture":"#1"},"east":{"uv":[5.25,7.5,5.75,8.25],"texture":"#1"},"south":{"uv":[6.25,7.5,6.75,8.25],"texture":"#1"},"west":{"uv":[5.75,7.5,6.25,8.25],"texture":"#1"},"up":{"uv":[7.25,8,6.75,7.5],"texture":"#1"},"down":{"uv":[7.75,7.5,7.25,8],"texture":"#1"}}},{"from":[4.5,1,3],"to":[6.5,2,4],"rotation":{"angle":0,"axis":"y","origin":[6.5,1,3]},"faces":{"north":{"uv":[2.75,8.5,1.75,9],"texture":"#1"},"east":{"uv":[6.25,8.25,5.75,8.75],"texture":"#1"},"south":{"uv":[3.75,8.5,2.75,9],"texture":"#1"},"west":{"uv":[6.75,8.25,6.25,8.75],"texture":"#1"},"up":{"uv":[3.75,9,4.75,8.5],"texture":"#1"}}},{"from":[4.5,2,3.5],"to":[6.5,4,3.51],"rotation":{"angle":0,"axis":"y","origin":[16,2,4]},"faces":{"north":{"uv":[7.75,8,6.75,9],"texture":"#1"},"south":{"uv":[6.75,8,7.75,9],"texture":"#1"}}},{"from":[7.5,2.25,3],"to":[8.5,3.75,4],"rotation":{"angle":0,"axis":"y","origin":[0,2,4]},"faces":{"north":{"uv":[8.5,6,9,6.75],"texture":"#1"},"up":{"uv":[8.75,6,9,6.25],"texture":"#1"},"down":{"uv":[8.75,6.5,9,6.75],"texture":"#1"}}}],"display":{"head":{"rotation":[2.5,0,0],"translation":[0,17.5,0.75],"scale":[1.5,1.5,1.5]}}}