{"parent":"item/wynn/template/hat","textures":{"0":"skins/rainbow_panama"},"elements":[{"from":[4,0,4],"to":[12,4,12],"rotation":{"angle":0,"axis":"y","origin":[7,0,7]},"faces":{"north":{"uv":[8,4.5,12.5,7],"texture":"#0"},"east":{"uv":[8,4.5,12.5,7],"texture":"#0"},"south":{"uv":[8,4.5,12.5,7],"texture":"#0"},"west":{"uv":[8,4.5,12.5,7],"texture":"#0"},"up":{"uv":[12.5,4.5,8,0],"texture":"#0"}}},{"from":[1,0,1],"to":[15,0,15],"rotation":{"angle":0,"axis":"y","origin":[7,0,7]},"faces":{"up":{"uv":[8,8,0,0],"texture":"#0"},"down":{"uv":[8,8,0,16],"texture":"#0"}}},{"from":[2.3,0,8.25],"to":[2.3,3.5,11.75],"rotation":{"angle":-22.5,"axis":"z","origin":[2.3,0,8.25]},"faces":{"east":{"uv":[10.5,9.5,8,12],"texture":"#0"},"west":{"uv":[8,9.5,10.5,12],"texture":"#0"}}},{"from":[5,0.8,2.85],"to":[8.5,4.3,2.85],"rotation":{"angle":22.5,"axis":"x","origin":[4.75,0.75,0.85]},"faces":{"north":{"uv":[12.5,0,15,2.5],"texture":"#0"},"south":{"uv":[15,0,12.5,2.5],"texture":"#0"}}},{"from":[12.05,-0.55,7.35],"to":[12.05,2.95,10.85],"rotation":{"angle":22.5,"axis":"x","origin":[14.05,-0.05,10.85]},"faces":{"east":{"uv":[12.5,0,15,2.5],"rotation":90,"texture":"#0"},"west":{"uv":[15,0,12.5,2.5],"rotation":270,"texture":"#0"}}},{"from":[6.5,0,4.15],"to":[8.8,2.3,4.15],"rotation":{"angle":22.5,"axis":"y","origin":[6.5,0,2.15]},"faces":{"north":{"uv":[12.5,2.5,14,4],"texture":"#0"},"south":{"uv":[14,2.5,12.5,4],"texture":"#0"}}},{"from":[9.9,1,3],"to":[12,3.1,3],"rotation":{"angle":45,"axis":"z","origin":[9.9,1,1]},"faces":{"north":{"uv":[14,8.5,15.5,10],"texture":"#0"},"south":{"uv":[15.5,8.5,14,10],"texture":"#0"}}},{"from":[10.3,0.3,12.3],"to":[12.65,2.65,12.3],"rotation":{"angle":22.5,"axis":"z","origin":[10.65,0.1,14.25]},"faces":{"north":{"uv":[14,8.5,15.5,10],"texture":"#0"},"south":{"uv":[15.5,8.5,14,10],"texture":"#0"}}},{"from":[9.25,-0.75,3.55],"to":[12,2,3.55],"rotation":{"angle":-22.5,"axis":"x","origin":[9,-0.75,1.55]},"faces":{"north":{"uv":[14,2.5,16,4.5],"texture":"#0"},"south":{"uv":[16,2.5,14,4.5],"texture":"#0"}}},{"from":[11.6,0,3.65],"to":[14.35,2.75,3.65],"rotation":{"angle":-22.5,"axis":"y","origin":[11.6,0,1.65]},"faces":{"north":{"uv":[12.5,4.5,14.5,6.5],"texture":"#0"},"south":{"uv":[14.5,4.5,12.5,6.5],"texture":"#0"}}},{"from":[10.85,0,3.5],"to":[13.1,3.5,3.5],"rotation":{"angle":22.5,"axis":"z","origin":[10.85,0,1.65]},"faces":{"north":{"uv":[14.5,4.5,16,7],"texture":"#0"},"south":{"uv":[14.5,4.5,12.5,6.5],"rotation":270,"texture":"#0"}}},{"from":[4.05,-0.75,6.55],"to":[4.05,2,9.3],"rotation":{"angle":22.5,"axis":"z","origin":[2.05,-0.75,9.55]},"faces":{"east":{"uv":[14,2.5,16,4.5],"texture":"#0"},"west":{"uv":[16,2.5,14,4.5],"texture":"#0"}}},{"from":[3.45,1,6.55],"to":[3.45,3.1,8.65],"rotation":{"angle":45,"axis":"x","origin":[1.45,1,8.65]},"faces":{"east":{"uv":[15.5,8.5,14,10],"texture":"#0"},"west":{"uv":[14,8.5,15.5,10],"texture":"#0"}}},{"from":[3.9,0,5.45],"to":[3.9,3.5,7.7],"rotation":{"angle":22.5,"axis":"x","origin":[2.05,0,7.7]},"faces":{"east":{"uv":[16,4.5,14.5,7],"texture":"#0"},"west":{"uv":[14.5,4.5,16,7],"texture":"#0"}}},{"from":[8.15,0,11.85],"to":[10.9,2.75,11.85],"rotation":{"angle":22.5,"axis":"y","origin":[10.9,0,13.85]},"faces":{"north":{"uv":[14.5,4.5,12.5,6.5],"texture":"#0"},"south":{"uv":[12.5,4.5,14.5,6.5],"texture":"#0"}}},{"from":[0.4,0,6.85],"to":[3.15,2.75,6.85],"rotation":{"angle":-22.5,"axis":"y","origin":[3.15,0,8.85]},"faces":{"north":{"uv":[14.5,4.5,12.5,6.5],"texture":"#0"},"south":{"uv":[12.5,4.5,14.5,6.5],"texture":"#0"}}},{"from":[7.9,0,12.05],"to":[10.15,3.5,12.05],"rotation":{"angle":-22.5,"axis":"z","origin":[10.15,0,13.9]},"faces":{"north":{"uv":[14.5,4.5,12.5,6.5],"rotation":270,"texture":"#0"},"south":{"uv":[14.5,4.5,16,7],"texture":"#0"}}},{"from":[12.4,0,3.75],"to":[12.4,3.15,6.9],"rotation":{"angle":22.5,"axis":"y","origin":[12.4,1,4.75]},"faces":{"east":{"uv":[8,7,10.5,9.5],"texture":"#0"},"west":{"uv":[10.5,7,8,9.5],"texture":"#0"}}},{"from":[12,-0.3,6.5],"to":[12,1.95,8.75],"rotation":{"angle":-22.5,"axis":"x","origin":[12,-0.3,6.5]},"faces":{"east":{"uv":[10.5,7,12,8.5],"texture":"#0"}}},{"from":[12.7,1.2,5.5],"to":[12.7,3.2,7.5],"rotation":{"angle":-22.5,"axis":"y","origin":[12.7,1.2,5.5]},"faces":{"east":{"uv":[12,9,13.5,10.5],"texture":"#0"},"west":{"uv":[13.5,9,12,10.5],"texture":"#0"}}},{"from":[2.8,0,4.55],"to":[2.8,2,6.55],"rotation":{"angle":-22.5,"axis":"z","origin":[2.8,0,4.55]},"faces":{"east":{"uv":[12,9,13.5,10.5],"texture":"#0"},"west":{"uv":[13.5,9,12,10.5],"texture":"#0"}}},{"from":[5.6,0,12.75],"to":[8.65,3.05,12.75],"rotation":{"angle":-22.5,"axis":"x","origin":[7.65,1,12.75]},"faces":{"north":{"uv":[10.5,7,8,9.5],"texture":"#0"},"south":{"uv":[8,7,10.5,9.5],"texture":"#0"}}},{"from":[4.4,1.05,12.7],"to":[6.4,3.05,12.7],"rotation":{"angle":-22.5,"axis":"y","origin":[6.4,1.05,12.7]},"faces":{"north":{"uv":[13.5,9,12,10.5],"texture":"#0"},"south":{"uv":[12,9,13.5,10.5],"texture":"#0"}}},{"from":[12,0,6.75],"to":[12,3,9.5],"rotation":{"angle":-22.5,"axis":"z","origin":[12,-0.05,7.25]},"faces":{"east":{"uv":[12,7,14,9],"texture":"#0"},"west":{"uv":[14,7,12,9],"texture":"#0"}}},{"from":[3.6,0,3.35],"to":[3.6,3.15,6.5],"rotation":{"angle":22.5,"axis":"y","origin":[3.6,1,5.5]},"faces":{"east":{"uv":[10.5,7,8,9.5],"texture":"#0"},"west":{"uv":[8,7,10.5,9.5],"texture":"#0"}}},{"from":[3,0,3.85],"to":[5.75,3,3.85],"rotation":{"angle":22.5,"axis":"y","origin":[3.5,-0.05,3.85]},"faces":{"north":{"uv":[12,7,14,9],"texture":"#0"},"south":{"uv":[14,7,12,9],"texture":"#0"}}},{"from":[3.6,0,12.2],"to":[6.35,3,12.2],"rotation":{"angle":-22.5,"axis":"y","origin":[4,-0.05,12.15]},"faces":{"north":{"uv":[12,7,14,9],"texture":"#0"},"south":{"uv":[14,7,12,9],"texture":"#0"}}},{"from":[11.3,0,13],"to":[13.55,2.25,13],"rotation":{"angle":45,"axis":"y","origin":[11,0,13]},"faces":{"north":{"uv":[14,7,15.5,8.5],"texture":"#0"},"south":{"uv":[14,7,15.5,8.5],"texture":"#0"}}},{"from":[12.8,0,9.5],"to":[12.8,2.25,11.75],"rotation":{"angle":0,"axis":"x","origin":[12.8,0,11.75]},"faces":{"east":{"uv":[10.5,8.5,12,10],"texture":"#0"},"west":{"uv":[12,8.5,10.5,10],"texture":"#0"}}},{"from":[3.6,0,10.05],"to":[3.6,2.25,12.3],"rotation":{"angle":22.5,"axis":"x","origin":[3.7,0,12.3]},"faces":{"east":{"uv":[10.5,8.5,12,10],"texture":"#0"},"west":{"uv":[12,8.5,10.5,10],"texture":"#0"}}},{"from":[8.8,0.55,12.6],"to":[10.3,2.05,12.6],"rotation":{"angle":-22.5,"axis":"z","origin":[8.8,0.55,10.6]},"faces":{"north":{"uv":[16,0,15,1],"texture":"#0"},"south":{"uv":[15,0,16,1],"texture":"#0"}}},{"from":[15,-6.25,5.4],"to":[15,0,9.75],"rotation":{"angle":0,"axis":"z","origin":[15,-3.5,7.575]},"faces":{"east":{"uv":[8,12,10.5,15.5],"texture":"#0"},"west":{"uv":[10.5,12,8,15.5],"texture":"#0"}}}],"display":{"head":{"rotation":[3,0,3],"translation":[-0.75,17.5,0.75],"scale":[1.875,1.875,1.875]}}}