{"credit":"MadewithBlockbench","textures":{"0":"block/green_concrete","1":"block/green_terracotta","2":"block/polished_basalt_side","3":"block/anvil","4":"city_props:green_trashcan","particle":"block/green_concrete"},"elements":[{"from":[-8,16,10],"to":[-6,19,16],"faces":{"north":{"uv":[4,0,6,3],"texture":"#0"},"east":{"uv":[10,0,16,3],"texture":"#0"},"south":{"uv":[4,0,6,3],"texture":"#0"},"west":{"uv":[10,0,16,3],"texture":"#0"},"up":{"uv":[4,0,6,6],"texture":"#0"},"down":{"uv":[4,0,6,6],"texture":"#0"}}},{"from":[-8,0,1],"to":[8,16,2],"faces":{"north":{"uv":[0,0,16,16],"texture":"#0"},"east":{"uv":[0,0,1,16],"texture":"#0"},"south":{"uv":[0,0,16,16],"texture":"#0"},"west":{"uv":[0,0,1,16],"texture":"#0"},"up":{"uv":[0,0,16,1],"texture":"#0"},"down":{"uv":[0,0,16,1],"texture":"#0"}}},{"from":[-8,0,14],"to":[8,16,15],"faces":{"north":{"uv":[0,0,16,16],"texture":"#0"},"east":{"uv":[0,0,1,16],"texture":"#0"},"south":{"uv":[0,0,16,16],"texture":"#0"},"west":{"uv":[0,0,1,16],"texture":"#0"},"up":{"uv":[0,0,16,1],"texture":"#0"},"down":{"uv":[0,0,16,1],"texture":"#0"}}},{"from":[-8,0,2],"to":[-6,16,14],"faces":{"north":{"uv":[0,0,2,16],"texture":"#0"},"east":{"uv":[0,0,12,16],"texture":"#0"},"south":{"uv":[0,0,2,16],"texture":"#0"},"west":{"uv":[0,0,12,16],"texture":"#0"},"up":{"uv":[0,0,2,12],"texture":"#0"},"down":{"uv":[0,0,2,12],"texture":"#0"}}},{"from":[-6,0,2],"to":[8,2,14],"faces":{"north":{"uv":[0,0,14,2],"texture":"#1"},"east":{"uv":[0,0,12,2],"texture":"#1"},"south":{"uv":[0,0,14,2],"texture":"#1"},"west":{"uv":[0,0,12,2],"texture":"#1"},"up":{"uv":[0,0,14,12],"texture":"#1"},"down":{"uv":[0,0,14,12],"texture":"#1"}}},{"from":[8,0,1],"to":[24,16,2],"rotation":{"angle":0,"axis":"y","origin":[16,0,0]},"faces":{"north":{"uv":[0,0,16,16],"texture":"#0"},"east":{"uv":[2,0,3,16],"texture":"#0"},"south":{"uv":[0,0,16,16],"texture":"#0"},"west":{"uv":[2,0,3,16],"texture":"#0"},"up":{"uv":[0,0,16,1],"texture":"#0"},"down":{"uv":[0,0,16,1],"texture":"#0"}}},{"from":[8,15,0],"to":[24,16,1],"rotation":{"angle":0,"axis":"y","origin":[16,0,0]},"faces":{"north":{"uv":[0,0,16,1],"texture":"#1"},"east":{"uv":[2,0,3,1],"texture":"#1"},"south":{"uv":[0,0,16,1],"texture":"#1"},"west":{"uv":[2,0,3,1],"texture":"#1"},"up":{"uv":[0,0,16,1],"texture":"#1"},"down":{"uv":[0,0,16,1],"texture":"#1"}}},{"from":[24,15,0],"to":[25,16,2],"rotation":{"angle":0,"axis":"y","origin":[16,0,0]},"faces":{"north":{"uv":[0,0,1,1],"texture":"#1"},"east":{"uv":[2,0,4,1],"texture":"#1"},"south":{"uv":[0,0,1,1],"texture":"#1"},"west":{"uv":[2,0,4,1],"texture":"#1"},"up":{"uv":[0,0,1,2],"texture":"#1"},"down":{"uv":[0,0,1,2],"texture":"#1"}}},{"from":[-9,15,0],"to":[-8,16,2],"faces":{"north":{"uv":[1,0,2,1],"texture":"#1"},"east":{"uv":[5,0,7,1],"texture":"#1"},"south":{"uv":[1,0,2,1],"texture":"#1"},"west":{"uv":[5,0,7,1],"texture":"#1"},"up":{"uv":[1,0,2,2],"texture":"#1"},"down":{"uv":[1,0,2,2],"texture":"#1"}}},{"from":[24,16,1],"to":[25,17,6],"rotation":{"angle":0,"axis":"y","origin":[16,0,0]},"faces":{"north":{"uv":[0,0,1,1],"texture":"#1"},"east":{"uv":[2,0,7,1],"texture":"#1"},"south":{"uv":[0,0,1,1],"texture":"#1"},"west":{"uv":[2,0,7,1],"texture":"#1"},"up":{"uv":[0,0,1,5],"texture":"#1"},"down":{"uv":[0,0,1,5],"texture":"#1"}}},{"from":[-9,16,1],"to":[-8,17,6],"faces":{"north":{"uv":[1,0,2,1],"texture":"#1"},"east":{"uv":[7,0,12,1],"texture":"#1"},"south":{"uv":[1,0,2,1],"texture":"#1"},"west":{"uv":[7,0,12,1],"texture":"#1"},"up":{"uv":[1,0,2,5],"texture":"#1"},"down":{"uv":[1,0,2,5],"texture":"#1"}}},{"from":[24,17,5],"to":[25,18,11],"rotation":{"angle":0,"axis":"y","origin":[16,0,0]},"faces":{"north":{"uv":[0,0,1,1],"texture":"#1"},"east":{"uv":[2,0,8,1],"texture":"#1"},"south":{"uv":[0,0,1,1],"texture":"#1"},"west":{"uv":[2,0,8,1],"texture":"#1"},"up":{"uv":[0,0,1,6],"texture":"#1"},"down":{"uv":[0,0,1,6],"texture":"#1"}}},{"from":[-9,17,5],"to":[-8,18,11],"faces":{"north":{"uv":[1,0,2,1],"texture":"#1"},"east":{"uv":[8,0,14,1],"texture":"#1"},"south":{"uv":[1,0,2,1],"texture":"#1"},"west":{"uv":[8,0,14,1],"texture":"#1"},"up":{"uv":[1,0,2,6],"texture":"#1"},"down":{"uv":[1,0,2,6],"texture":"#1"}}},{"from":[13,18,16],"to":[24,19,17],"rotation":{"angle":0,"axis":"y","origin":[16,0,0]},"faces":{"north":{"uv":[0,0,11,1],"texture":"#1"},"east":{"uv":[2,0,3,1],"texture":"#1"},"south":{"uv":[0,0,11,1],"texture":"#1"},"west":{"uv":[2,0,3,1],"texture":"#1"},"up":{"uv":[0,0,11,1],"texture":"#1"},"down":{"uv":[0,0,11,1],"texture":"#1"}}},{"from":[3,18,16],"to":[13,19,17],"rotation":{"angle":0,"axis":"y","origin":[16,0,0]},"faces":{"north":{"uv":[0,0,10,1],"texture":"#1"},"east":{"uv":[2,0,3,1],"texture":"#1"},"south":{"uv":[0,0,10,1],"texture":"#1"},"west":{"uv":[2,0,3,1],"texture":"#1"},"up":{"uv":[0,0,10,1],"texture":"#1"},"down":{"uv":[0,0,10,1],"texture":"#1"}}},{"from":[-8,18,16],"to":[3,19,17],"rotation":{"angle":0,"axis":"y","origin":[16,0,0]},"faces":{"north":{"uv":[0,0,11,1],"texture":"#1"},"east":{"uv":[2,0,3,1],"texture":"#1"},"south":{"uv":[0,0,11,1],"texture":"#1"},"west":{"uv":[2,0,3,1],"texture":"#1"},"up":{"uv":[0,0,11,1],"texture":"#1"},"down":{"uv":[0,0,11,1],"texture":"#1"}}},{"from":[24,18,10],"to":[25,19,17],"rotation":{"angle":0,"axis":"y","origin":[16,0,0]},"faces":{"north":{"uv":[0,0,1,1],"texture":"#1"},"east":{"uv":[2,0,9,1],"texture":"#1"},"south":{"uv":[0,0,1,1],"texture":"#1"},"west":{"uv":[2,0,9,1],"texture":"#1"},"up":{"uv":[0,0,1,7],"texture":"#1"},"down":{"uv":[0,0,1,7],"texture":"#1"}}},{"from":[-9,18,10],"to":[-8,19,17],"faces":{"north":{"uv":[1,0,2,1],"texture":"#1"},"east":{"uv":[9,0,16,1],"texture":"#1"},"south":{"uv":[1,0,2,1],"texture":"#1"},"west":{"uv":[9,0,16,1],"texture":"#1"},"up":{"uv":[1,0,2,7],"texture":"#1"},"down":{"uv":[1,0,2,7],"texture":"#1"}}},{"from":[-8,15,0],"to":[8,16,1],"rotation":{"angle":0,"axis":"y","origin":[16,0,0]},"faces":{"north":{"uv":[0,0,16,1],"texture":"#1"},"east":{"uv":[2,0,3,1],"texture":"#1"},"south":{"uv":[0,0,16,1],"texture":"#1"},"west":{"uv":[2,0,3,1],"texture":"#1"},"up":{"uv":[0,0,16,1],"texture":"#1"},"down":{"uv":[0,0,16,1],"texture":"#1"}}},{"from":[8,0,14],"to":[24,16,15],"rotation":{"angle":0,"axis":"y","origin":[16,0,0]},"faces":{"north":{"uv":[0,0,16,16],"texture":"#0"},"east":{"uv":[2,0,3,16],"texture":"#0"},"south":{"uv":[0,0,16,16],"texture":"#0"},"west":{"uv":[2,0,3,16],"texture":"#0"},"up":{"uv":[0,0,16,1],"texture":"#0"},"down":{"uv":[0,0,16,1],"texture":"#0"}}},{"from":[22,0,2],"to":[24,16,14],"rotation":{"angle":0,"axis":"y","origin":[16,0,0]},"faces":{"north":{"uv":[2,0,4,16],"texture":"#0"},"east":{"uv":[4,0,16,16],"texture":"#0"},"south":{"uv":[2,0,4,16],"texture":"#0"},"west":{"uv":[4,0,16,16],"texture":"#0"},"up":{"uv":[2,0,4,12],"texture":"#0"},"down":{"uv":[2,0,4,12],"texture":"#0"}}},{"from":[8,0,2],"to":[22,2,14],"rotation":{"angle":0,"axis":"y","origin":[16,0,0]},"faces":{"north":{"uv":[2,0,16,2],"texture":"#1"},"east":{"uv":[4,0,16,2],"texture":"#1"},"south":{"uv":[2,0,16,2],"texture":"#1"},"west":{"uv":[4,0,16,2],"texture":"#1"},"up":{"uv":[2,0,16,12],"texture":"#1"},"down":{"uv":[2,0,16,12],"texture":"#1"}}},{"from":[24,13,0],"to":[27,14,16],"rotation":{"angle":0,"axis":"y","origin":[16,0,0]},"faces":{"north":{"uv":[2,0,5,1],"texture":"#1"},"east":{"uv":[0,0,16,1],"texture":"#1"},"south":{"uv":[2,0,5,1],"texture":"#1"},"west":{"uv":[0,0,16,1],"texture":"#1"},"up":{"uv":[2,0,5,16],"texture":"#1"},"down":{"uv":[2,0,5,16],"texture":"#1"}}},{"from":[24,13,12],"to":[26,14,14],"rotation":{"angle":-45,"axis":"z","origin":[26,14.5,15]},"faces":{"north":{"uv":[2,0,4,1],"texture":"#1"},"east":{"uv":[0,0,2,1],"texture":"#1"},"south":{"uv":[2,0,4,1],"texture":"#1"},"west":{"uv":[0,0,2,1],"texture":"#1"},"up":{"uv":[2,0,4,2],"texture":"#1"},"down":{"uv":[2,0,4,2],"texture":"#1"}}},{"from":[-10,13,12],"to":[-8,14,14],"rotation":{"angle":45,"axis":"z","origin":[-10,14.5,15]},"faces":{"north":{"uv":[4,0,6,1],"texture":"#1"},"east":{"uv":[2,0,4,1],"texture":"#1"},"south":{"uv":[4,0,6,1],"texture":"#1"},"west":{"uv":[2,0,4,1],"texture":"#1"},"up":{"uv":[4,0,6,2],"texture":"#1"},"down":{"uv":[4,0,6,2],"texture":"#1"}}},{"from":[24,13,9],"to":[26,14,11],"rotation":{"angle":-45,"axis":"z","origin":[26,14.5,15]},"faces":{"north":{"uv":[2,0,4,1],"texture":"#1"},"east":{"uv":[0,0,2,1],"texture":"#1"},"south":{"uv":[2,0,4,1],"texture":"#1"},"west":{"uv":[0,0,2,1],"texture":"#1"},"up":{"uv":[2,0,4,2],"texture":"#1"},"down":{"uv":[2,0,4,2],"texture":"#1"}}},{"from":[-10,13,9],"to":[-8,14,11],"rotation":{"angle":45,"axis":"z","origin":[-10,14.5,15]},"faces":{"north":{"uv":[4,0,6,1],"texture":"#1"},"east":{"uv":[2,0,4,1],"texture":"#1"},"south":{"uv":[4,0,6,1],"texture":"#1"},"west":{"uv":[2,0,4,1],"texture":"#1"},"up":{"uv":[4,0,6,2],"texture":"#1"},"down":{"uv":[4,0,6,2],"texture":"#1"}}},{"from":[24,13,3],"to":[26,14,5],"rotation":{"angle":-45,"axis":"z","origin":[26,14.5,15]},"faces":{"north":{"uv":[2,0,4,1],"texture":"#1"},"east":{"uv":[0,0,2,1],"texture":"#1"},"south":{"uv":[2,0,4,1],"texture":"#1"},"west":{"uv":[0,0,2,1],"texture":"#1"},"up":{"uv":[2,0,4,2],"texture":"#1"},"down":{"uv":[2,0,4,2],"texture":"#1"}}},{"from":[-10,13,3],"to":[-8,14,5],"rotation":{"angle":45,"axis":"z","origin":[-10,14.5,15]},"faces":{"north":{"uv":[4,0,6,1],"texture":"#1"},"east":{"uv":[2,0,4,1],"texture":"#1"},"south":{"uv":[4,0,6,1],"texture":"#1"},"west":{"uv":[2,0,4,1],"texture":"#1"},"up":{"uv":[4,0,6,2],"texture":"#1"},"down":{"uv":[4,0,6,2],"texture":"#1"}}},{"from":[24,13,6],"to":[26,14,8],"rotation":{"angle":-45,"axis":"z","origin":[26,14.5,15]},"faces":{"north":{"uv":[2,0,4,1],"texture":"#1"},"east":{"uv":[0,0,2,1],"texture":"#1"},"south":{"uv":[2,0,4,1],"texture":"#1"},"west":{"uv":[0,0,2,1],"texture":"#1"},"up":{"uv":[2,0,4,2],"texture":"#1"},"down":{"uv":[2,0,4,2],"texture":"#1"}}},{"from":[-10,13,6],"to":[-8,14,8],"rotation":{"angle":45,"axis":"z","origin":[-10,14.5,15]},"faces":{"north":{"uv":[4,0,6,1],"texture":"#1"},"east":{"uv":[2,0,4,1],"texture":"#1"},"south":{"uv":[4,0,6,1],"texture":"#1"},"west":{"uv":[2,0,4,1],"texture":"#1"},"up":{"uv":[4,0,6,2],"texture":"#1"},"down":{"uv":[4,0,6,2],"texture":"#1"}}},{"from":[24,10,0],"to":[27,11,16],"rotation":{"angle":0,"axis":"y","origin":[16,0,0]},"faces":{"north":{"uv":[2,0,5,1],"texture":"#1"},"east":{"uv":[0,0,16,1],"texture":"#1"},"south":{"uv":[2,0,5,1],"texture":"#1"},"west":{"uv":[0,0,16,1],"texture":"#1"},"up":{"uv":[2,0,5,16],"texture":"#1"},"down":{"uv":[2,0,5,16],"texture":"#1"}}},{"from":[23,0,0],"to":[25,10,2],"rotation":{"angle":0,"axis":"y","origin":[16,0,0]},"faces":{"north":{"uv":[2,0,4,10],"texture":"#1"},"east":{"uv":[0,0,2,10],"texture":"#1"},"south":{"uv":[2,0,4,10],"texture":"#1"},"west":{"uv":[0,0,2,10],"texture":"#1"},"up":{"uv":[2,0,4,2],"texture":"#1"},"down":{"uv":[2,0,4,2],"texture":"#1"}}},{"from":[23,0,14],"to":[25,10,16],"rotation":{"angle":0,"axis":"y","origin":[16,0,0]},"faces":{"north":{"uv":[2,0,4,10],"texture":"#1"},"east":{"uv":[0,0,2,10],"texture":"#1"},"south":{"uv":[2,0,4,10],"texture":"#1"},"west":{"uv":[0,0,2,10],"texture":"#1"},"up":{"uv":[2,0,4,2],"texture":"#1"},"down":{"uv":[2,0,4,2],"texture":"#1"}}},{"from":[-9,0,0],"to":[-7,10,2],"rotation":{"angle":0,"axis":"y","origin":[16,0,0]},"faces":{"north":{"uv":[2,0,4,10],"texture":"#1"},"east":{"uv":[0,0,2,10],"texture":"#1"},"south":{"uv":[2,0,4,10],"texture":"#1"},"west":{"uv":[0,0,2,10],"texture":"#1"},"up":{"uv":[2,0,4,2],"texture":"#1"},"down":{"uv":[2,0,4,2],"texture":"#1"}}},{"from":[-9,1,2],"to":[-8,2,14],"rotation":{"angle":0,"axis":"y","origin":[16,0,0]},"faces":{"north":{"uv":[2,0,3,1],"texture":"#1"},"east":{"uv":[0,0,12,1],"texture":"#1"},"south":{"uv":[2,0,3,1],"texture":"#1"},"west":{"uv":[0,0,12,1],"texture":"#1"},"up":{"uv":[2,0,3,12],"texture":"#1"},"down":{"uv":[2,0,3,12],"texture":"#1"}}},{"from":[24,1,2],"to":[25,2,14],"rotation":{"angle":0,"axis":"y","origin":[16,0,0]},"faces":{"north":{"uv":[2,0,3,1],"texture":"#1"},"east":{"uv":[0,0,12,1],"texture":"#1"},"south":{"uv":[2,0,3,1],"texture":"#1"},"west":{"uv":[0,0,12,1],"texture":"#1"},"up":{"uv":[2,0,3,12],"texture":"#1"},"down":{"uv":[2,0,3,12],"texture":"#1"}}},{"from":[-9,0,14],"to":[-7,10,16],"rotation":{"angle":0,"axis":"y","origin":[16,0,0]},"faces":{"north":{"uv":[2,0,4,10],"texture":"#1"},"east":{"uv":[0,0,2,10],"texture":"#1"},"south":{"uv":[2,0,4,10],"texture":"#1"},"west":{"uv":[0,0,2,10],"texture":"#1"},"up":{"uv":[2,0,4,2],"texture":"#1"},"down":{"uv":[2,0,4,2],"texture":"#1"}}},{"from":[25,11,1],"to":[26,13,15],"rotation":{"angle":0,"axis":"y","origin":[16,0,0]},"faces":{"north":{"uv":[2,0,3,2],"texture":"#1"},"east":{"uv":[0,0,14,2],"texture":"#1"},"south":{"uv":[2,0,3,2],"texture":"#1"},"west":{"uv":[0,0,14,2],"texture":"#1"},"up":{"uv":[2,0,3,14],"texture":"#1"},"down":{"uv":[2,0,3,14],"texture":"#1"}}},{"from":[22,16,1],"to":[24,17,5],"rotation":{"angle":0,"axis":"y","origin":[16,0,0]},"faces":{"north":{"uv":[2,0,4,1],"texture":"#0"},"east":{"uv":[4,0,8,1],"texture":"#0"},"south":{"uv":[2,0,4,1],"texture":"#0"},"west":{"uv":[4,0,8,1],"texture":"#0"},"up":{"uv":[2,0,4,4],"texture":"#0"},"down":{"uv":[2,0,4,4],"texture":"#0"}}},{"from":[22,16,5],"to":[24,18,10],"rotation":{"angle":0,"axis":"y","origin":[16,0,0]},"faces":{"north":{"uv":[2,0,4,2],"texture":"#0"},"east":{"uv":[4,0,9,2],"texture":"#0"},"south":{"uv":[2,0,4,2],"texture":"#0"},"west":{"uv":[4,0,9,2],"texture":"#0"},"up":{"uv":[2,0,4,5],"texture":"#0"},"down":{"uv":[2,0,4,5],"texture":"#0"}}},{"from":[22,16,10],"to":[24,19,16],"rotation":{"angle":0,"axis":"y","origin":[16,0,0]},"faces":{"north":{"uv":[2,0,4,3],"texture":"#0"},"east":{"uv":[4,0,10,3],"texture":"#0"},"south":{"uv":[2,0,4,3],"texture":"#0"},"west":{"uv":[4,0,10,3],"texture":"#0"},"up":{"uv":[2,0,4,6],"texture":"#0"},"down":{"uv":[2,0,4,6],"texture":"#0"}}},{"from":[8,16,14],"to":[22,19,16],"rotation":{"angle":0,"axis":"y","origin":[16,0,0]},"faces":{"north":{"uv":[2,0,16,3],"texture":"#0"},"east":{"uv":[4,0,6,3],"texture":"#0"},"south":{"uv":[2,0,16,3],"texture":"#0"},"west":{"uv":[4,0,6,3],"texture":"#0"},"up":{"uv":[2,0,16,2],"texture":"#0"},"down":{"uv":[2,0,16,2],"texture":"#0"}}},{"from":[-8,16,1],"to":[-6,17,5],"faces":{"north":{"uv":[4,0,6,1],"texture":"#0"},"east":{"uv":[8,0,12,1],"texture":"#0"},"south":{"uv":[4,0,6,1],"texture":"#0"},"west":{"uv":[8,0,12,1],"texture":"#0"},"up":{"uv":[4,0,6,4],"texture":"#0"},"down":{"uv":[4,0,6,4],"texture":"#0"}}},{"from":[-8,16,5],"to":[-6,18,10],"faces":{"north":{"uv":[4,0,6,2],"texture":"#0"},"east":{"uv":[9,0,14,2],"texture":"#0"},"south":{"uv":[4,0,6,2],"texture":"#0"},"west":{"uv":[9,0,14,2],"texture":"#0"},"up":{"uv":[4,0,6,5],"texture":"#0"},"down":{"uv":[4,0,6,5],"texture":"#0"}}},{"from":[-6,16,14],"to":[8,19,16],"faces":{"north":{"uv":[2,0,16,3],"texture":"#0"},"east":{"uv":[6,0,8,3],"texture":"#0"},"south":{"uv":[2,0,16,3],"texture":"#0"},"west":{"uv":[6,0,8,3],"texture":"#0"},"up":{"uv":[2,0,16,2],"texture":"#0"},"down":{"uv":[2,0,16,2],"texture":"#0"}}},{"from":[-11,13,0],"to":[-8,14,16],"faces":{"north":{"uv":[4,0,7,1],"texture":"#1"},"east":{"uv":[0,0,16,1],"texture":"#1"},"south":{"uv":[4,0,7,1],"texture":"#1"},"west":{"uv":[0,0,16,1],"texture":"#1"},"up":{"uv":[4,0,7,16],"texture":"#1"},"down":{"uv":[4,0,7,16],"texture":"#1"}}},{"from":[-8,13,0],"to":[8,14,1],"faces":{"north":{"uv":[0,0,16,1],"texture":"#1"},"east":{"uv":[0,0,1,1],"texture":"#1"},"south":{"uv":[0,0,16,1],"texture":"#1"},"west":{"uv":[0,0,1,1],"texture":"#1"},"up":{"uv":[0,0,16,1],"texture":"#1"},"down":{"uv":[0,0,16,1],"texture":"#1"}}},{"from":[-8,13,15],"to":[8,14,16],"faces":{"north":{"uv":[0,0,16,1],"texture":"#1"},"east":{"uv":[0,0,1,1],"texture":"#1"},"south":{"uv":[0,0,16,1],"texture":"#1"},"west":{"uv":[0,0,1,1],"texture":"#1"},"up":{"uv":[0,0,16,1],"texture":"#1"},"down":{"uv":[0,0,16,1],"texture":"#1"}}},{"from":[-8,10,0],"to":[8,11,1],"faces":{"north":{"uv":[0,0,16,1],"texture":"#1"},"east":{"uv":[0,0,1,1],"texture":"#1"},"south":{"uv":[0,0,16,1],"texture":"#1"},"west":{"uv":[0,0,1,1],"texture":"#1"},"up":{"uv":[0,0,16,1],"texture":"#1"},"down":{"uv":[0,0,16,1],"texture":"#1"}}},{"from":[-7,1,0],"to":[8,2,1],"faces":{"north":{"uv":[0,0,15,1],"texture":"#1"},"east":{"uv":[0,0,1,1],"texture":"#1"},"south":{"uv":[0,0,15,1],"texture":"#1"},"west":{"uv":[0,0,1,1],"texture":"#1"},"up":{"uv":[0,0,15,1],"texture":"#1"},"down":{"uv":[0,0,15,1],"texture":"#1"}}},{"from":[-7,1,15],"to":[8,2,16],"faces":{"north":{"uv":[0,0,15,1],"texture":"#1"},"east":{"uv":[0,0,1,1],"texture":"#1"},"south":{"uv":[0,0,15,1],"texture":"#1"},"west":{"uv":[0,0,1,1],"texture":"#1"},"up":{"uv":[0,0,15,1],"texture":"#1"},"down":{"uv":[0,0,15,1],"texture":"#1"}}},{"from":[-8,10,15],"to":[8,11,16],"faces":{"north":{"uv":[0,0,16,1],"texture":"#1"},"east":{"uv":[0,0,1,1],"texture":"#1"},"south":{"uv":[0,0,16,1],"texture":"#1"},"west":{"uv":[0,0,1,1],"texture":"#1"},"up":{"uv":[0,0,16,1],"texture":"#1"},"down":{"uv":[0,0,16,1],"texture":"#1"}}},{"from":[8,13,0],"to":[24,14,1],"faces":{"north":{"uv":[0,0,16,1],"texture":"#1"},"east":{"uv":[0,0,1,1],"texture":"#1"},"south":{"uv":[0,0,16,1],"texture":"#1"},"west":{"uv":[0,0,1,1],"texture":"#1"},"up":{"uv":[0,0,16,1],"texture":"#1"},"down":{"uv":[0,0,16,1],"texture":"#1"}}},{"from":[8,13,15],"to":[24,14,16],"faces":{"north":{"uv":[0,0,16,1],"texture":"#1"},"east":{"uv":[0,0,1,1],"texture":"#1"},"south":{"uv":[0,0,16,1],"texture":"#1"},"west":{"uv":[0,0,1,1],"texture":"#1"},"up":{"uv":[0,0,16,1],"texture":"#1"},"down":{"uv":[0,0,16,1],"texture":"#1"}}},{"from":[8,10,0],"to":[24,11,1],"faces":{"north":{"uv":[0,0,16,1],"texture":"#1"},"east":{"uv":[0,0,1,1],"texture":"#1"},"south":{"uv":[0,0,16,1],"texture":"#1"},"west":{"uv":[0,0,1,1],"texture":"#1"},"up":{"uv":[0,0,16,1],"texture":"#1"},"down":{"uv":[0,0,16,1],"texture":"#1"}}},{"from":[8,1,0],"to":[23,2,1],"faces":{"north":{"uv":[0,0,15,1],"texture":"#1"},"east":{"uv":[0,0,1,1],"texture":"#1"},"south":{"uv":[0,0,15,1],"texture":"#1"},"west":{"uv":[0,0,1,1],"texture":"#1"},"up":{"uv":[0,0,15,1],"texture":"#1"},"down":{"uv":[0,0,15,1],"texture":"#1"}}},{"from":[8,1,15],"to":[23,2,16],"faces":{"north":{"uv":[0,0,15,1],"texture":"#1"},"east":{"uv":[0,0,1,1],"texture":"#1"},"south":{"uv":[0,0,15,1],"texture":"#1"},"west":{"uv":[0,0,1,1],"texture":"#1"},"up":{"uv":[0,0,15,1],"texture":"#1"},"down":{"uv":[0,0,15,1],"texture":"#1"}}},{"from":[8,10,15],"to":[24,11,16],"faces":{"north":{"uv":[0,0,16,1],"texture":"#1"},"east":{"uv":[0,0,1,1],"texture":"#1"},"south":{"uv":[0,0,16,1],"texture":"#1"},"west":{"uv":[0,0,1,1],"texture":"#1"},"up":{"uv":[0,0,16,1],"texture":"#1"},"down":{"uv":[0,0,16,1],"texture":"#1"}}},{"from":[-10,11,1],"to":[-9,13,15],"faces":{"north":{"uv":[3,0,4,2],"texture":"#1"},"east":{"uv":[2,0,16,2],"texture":"#1"},"south":{"uv":[3,0,4,2],"texture":"#1"},"west":{"uv":[2,0,16,2],"texture":"#1"},"up":{"uv":[3,0,4,14],"texture":"#1"},"down":{"uv":[3,0,4,14],"texture":"#1"}}},{"from":[-11,10,0],"to":[-8,11,16],"faces":{"north":{"uv":[4,0,7,1],"texture":"#1"},"east":{"uv":[0,0,16,1],"texture":"#1"},"south":{"uv":[4,0,7,1],"texture":"#1"},"west":{"uv":[0,0,16,1],"texture":"#1"},"up":{"uv":[4,0,7,16],"texture":"#1"},"down":{"uv":[4,0,7,16],"texture":"#1"}}},{"from":[14,17,0],"to":[16,19,4],"rotation":{"angle":45,"axis":"x","origin":[15,20,14]},"faces":{"north":{"uv":[0,0,2,2],"texture":"#2"},"east":{"uv":[0,0,4,2],"texture":"#2"},"south":{"uv":[0,0,2,2],"texture":"#2"},"west":{"uv":[0,0,4,2],"texture":"#2"},"up":{"uv":[0,0,2,4],"texture":"#2"},"down":{"uv":[0,0,2,4],"texture":"#2"}}},{"from":[14,18,4],"to":[16,20,9],"rotation":{"angle":45,"axis":"x","origin":[15,20,14]},"faces":{"north":{"uv":[0,0,2,2],"texture":"#2"},"east":{"uv":[0,0,5,2],"texture":"#2"},"south":{"uv":[0,0,2,2],"texture":"#2"},"west":{"uv":[0,0,5,2],"texture":"#2"},"up":{"uv":[0,0,2,5],"texture":"#2"},"down":{"uv":[0,0,2,5],"texture":"#2"}}},{"from":[14,19,9],"to":[16,21,15],"rotation":{"angle":45,"axis":"x","origin":[15,20,14]},"faces":{"north":{"uv":[0,0,2,2],"texture":"#2"},"east":{"uv":[0,0,6,2],"texture":"#2"},"south":{"uv":[0,0,2,2],"texture":"#2"},"west":{"uv":[0,0,6,2],"texture":"#2"},"up":{"uv":[0,0,2,6],"texture":"#2"},"down":{"uv":[0,0,2,6],"texture":"#2"}}},{"from":[8,16,5],"to":[22,19,10],"rotation":{"angle":45,"axis":"x","origin":[15,20,14]},"faces":{"north":{"uv":[0,0,14,3],"texture":"#3"},"east":{"uv":[0,0,5,3],"texture":"#3"},"south":{"uv":[0,0,14,3],"texture":"#3"},"west":{"uv":[0,0,5,3],"texture":"#3"},"up":{"uv":[0,0,14,5],"texture":"#3"},"down":{"uv":[0,0,14,5],"texture":"#3"}}},{"from":[8,16,1],"to":[22,18,5],"rotation":{"angle":45,"axis":"x","origin":[15,20,14]},"faces":{"north":{"uv":[0,0,14,2],"texture":"#3"},"east":{"uv":[0,0,4,2],"texture":"#3"},"south":{"uv":[0,0,14,2],"texture":"#3"},"west":{"uv":[0,0,4,2],"texture":"#3"},"up":{"uv":[0,0,14,4],"texture":"#3"},"down":{"uv":[0,0,14,4],"texture":"#3"}}},{"from":[8,16,10],"to":[22,20,14],"rotation":{"angle":45,"axis":"x","origin":[15,20,14]},"faces":{"north":{"uv":[0,0,14,4],"texture":"#3"},"east":{"uv":[0,0,4,4],"texture":"#3"},"south":{"uv":[0,0,14,4],"texture":"#3"},"west":{"uv":[0,0,4,4],"texture":"#3"},"up":{"uv":[0,0,14,4],"texture":"#3"},"down":{"uv":[0,0,14,4],"texture":"#3"}}},{"from":[9,19,9],"to":[11,21,15],"rotation":{"angle":45,"axis":"x","origin":[15,20,14]},"faces":{"north":{"uv":[0,0,2,2],"texture":"#2"},"east":{"uv":[0,0,6,2],"texture":"#2"},"south":{"uv":[0,0,2,2],"texture":"#2"},"west":{"uv":[0,0,6,2],"texture":"#2"},"up":{"uv":[0,0,2,6],"texture":"#2"},"down":{"uv":[0,0,2,6],"texture":"#2"}}},{"from":[9,18,4],"to":[11,20,9],"rotation":{"angle":45,"axis":"x","origin":[15,20,14]},"faces":{"north":{"uv":[0,0,2,2],"texture":"#2"},"east":{"uv":[0,0,5,2],"texture":"#2"},"south":{"uv":[0,0,2,2],"texture":"#2"},"west":{"uv":[0,0,5,2],"texture":"#2"},"up":{"uv":[0,0,2,5],"texture":"#2"},"down":{"uv":[0,0,2,5],"texture":"#2"}}},{"from":[9,17,0],"to":[11,19,4],"rotation":{"angle":45,"axis":"x","origin":[15,20,14]},"faces":{"north":{"uv":[0,0,2,2],"texture":"#2"},"east":{"uv":[0,0,4,2],"texture":"#2"},"south":{"uv":[0,0,2,2],"texture":"#2"},"west":{"uv":[0,0,4,2],"texture":"#2"},"up":{"uv":[0,0,2,4],"texture":"#2"},"down":{"uv":[0,0,2,4],"texture":"#2"}}},{"from":[19,17,0],"to":[21,19,4],"rotation":{"angle":45,"axis":"x","origin":[15,20,14]},"faces":{"north":{"uv":[0,0,2,2],"texture":"#2"},"east":{"uv":[0,0,4,2],"texture":"#2"},"south":{"uv":[0,0,2,2],"texture":"#2"},"west":{"uv":[0,0,4,2],"texture":"#2"},"up":{"uv":[0,0,2,4],"texture":"#2"},"down":{"uv":[0,0,2,4],"texture":"#2"}}},{"from":[19,18,4],"to":[21,20,9],"rotation":{"angle":45,"axis":"x","origin":[15,20,14]},"faces":{"north":{"uv":[0,0,2,2],"texture":"#2"},"east":{"uv":[0,0,5,2],"texture":"#2"},"south":{"uv":[0,0,2,2],"texture":"#2"},"west":{"uv":[0,0,5,2],"texture":"#2"},"up":{"uv":[0,0,2,5],"texture":"#2"},"down":{"uv":[0,0,2,5],"texture":"#2"}}},{"from":[19,19,9],"to":[21,21,15],"rotation":{"angle":45,"axis":"x","origin":[15,20,14]},"faces":{"north":{"uv":[0,0,2,2],"texture":"#2"},"east":{"uv":[0,0,6,2],"texture":"#2"},"south":{"uv":[0,0,2,2],"texture":"#2"},"west":{"uv":[0,0,6,2],"texture":"#2"},"up":{"uv":[0,0,2,6],"texture":"#2"},"down":{"uv":[0,0,2,6],"texture":"#2"}}},{"from":[5,19,9],"to":[7,21,15],"rotation":{"angle":45,"axis":"x","origin":[1,20,14]},"faces":{"north":{"uv":[0,0,2,2],"texture":"#2"},"east":{"uv":[0,0,6,2],"texture":"#2"},"south":{"uv":[0,0,2,2],"texture":"#2"},"west":{"uv":[0,0,6,2],"texture":"#2"},"up":{"uv":[0,0,2,6],"texture":"#2"},"down":{"uv":[0,0,2,6],"texture":"#2"}}},{"from":[-6,16,10],"to":[8,20,14],"rotation":{"angle":45,"axis":"x","origin":[1,20,14]},"faces":{"north":{"uv":[0,0,14,4],"texture":"#3"},"east":{"uv":[0,0,4,4],"texture":"#3"},"south":{"uv":[0,0,14,4],"texture":"#3"},"west":{"uv":[0,0,4,4],"texture":"#3"},"up":{"uv":[0,0,14,4],"texture":"#3"},"down":{"uv":[0,0,14,4],"texture":"#3"}}},{"from":[-6,16,5],"to":[8,19,10],"rotation":{"angle":45,"axis":"x","origin":[1,20,14]},"faces":{"north":{"uv":[0,0,14,3],"texture":"#3"},"east":{"uv":[0,0,5,3],"texture":"#3"},"south":{"uv":[0,0,14,3],"texture":"#3"},"west":{"uv":[0,0,5,3],"texture":"#3"},"up":{"uv":[0,0,14,5],"texture":"#3"},"down":{"uv":[0,0,14,5],"texture":"#3"}}},{"from":[5,18,4],"to":[7,20,9],"rotation":{"angle":45,"axis":"x","origin":[1,20,14]},"faces":{"north":{"uv":[0,0,2,2],"texture":"#2"},"east":{"uv":[0,0,5,2],"texture":"#2"},"south":{"uv":[0,0,2,2],"texture":"#2"},"west":{"uv":[0,0,5,2],"texture":"#2"},"up":{"uv":[0,0,2,5],"texture":"#2"},"down":{"uv":[0,0,2,5],"texture":"#2"}}},{"from":[5,17,0],"to":[7,19,4],"rotation":{"angle":45,"axis":"x","origin":[1,20,14]},"faces":{"north":{"uv":[0,0,2,2],"texture":"#2"},"east":{"uv":[0,0,4,2],"texture":"#2"},"south":{"uv":[0,0,2,2],"texture":"#2"},"west":{"uv":[0,0,4,2],"texture":"#2"},"up":{"uv":[0,0,2,4],"texture":"#2"},"down":{"uv":[0,0,2,4],"texture":"#2"}}},{"from":[-6,16,1],"to":[8,18,5],"rotation":{"angle":45,"axis":"x","origin":[1,20,14]},"faces":{"north":{"uv":[0,0,14,2],"texture":"#3"},"east":{"uv":[0,0,4,2],"texture":"#3"},"south":{"uv":[0,0,14,2],"texture":"#3"},"west":{"uv":[0,0,4,2],"texture":"#3"},"up":{"uv":[0,0,14,4],"texture":"#3"},"down":{"uv":[0,0,14,4],"texture":"#3"}}},{"from":[0,17,0],"to":[2,19,4],"rotation":{"angle":45,"axis":"x","origin":[1,20,14]},"faces":{"north":{"uv":[0,0,2,2],"texture":"#2"},"east":{"uv":[0,0,4,2],"texture":"#2"},"south":{"uv":[0,0,2,2],"texture":"#2"},"west":{"uv":[0,0,4,2],"texture":"#2"},"up":{"uv":[0,0,2,4],"texture":"#2"},"down":{"uv":[0,0,2,4],"texture":"#2"}}},{"from":[0,18,4],"to":[2,20,9],"rotation":{"angle":45,"axis":"x","origin":[1,20,14]},"faces":{"north":{"uv":[0,0,2,2],"texture":"#2"},"east":{"uv":[0,0,5,2],"texture":"#2"},"south":{"uv":[0,0,2,2],"texture":"#2"},"west":{"uv":[0,0,5,2],"texture":"#2"},"up":{"uv":[0,0,2,5],"texture":"#2"},"down":{"uv":[0,0,2,5],"texture":"#2"}}},{"from":[0,19,9],"to":[2,21,15],"rotation":{"angle":45,"axis":"x","origin":[1,20,14]},"faces":{"north":{"uv":[0,0,2,2],"texture":"#2"},"east":{"uv":[0,0,6,2],"texture":"#2"},"south":{"uv":[0,0,2,2],"texture":"#2"},"west":{"uv":[0,0,6,2],"texture":"#2"},"up":{"uv":[0,0,2,6],"texture":"#2"},"down":{"uv":[0,0,2,6],"texture":"#2"}}},{"from":[-5,19,9],"to":[-3,21,15],"rotation":{"angle":45,"axis":"x","origin":[1,20,14]},"faces":{"north":{"uv":[0,0,2,2],"texture":"#2"},"east":{"uv":[0,0,6,2],"texture":"#2"},"south":{"uv":[0,0,2,2],"texture":"#2"},"west":{"uv":[0,0,6,2],"texture":"#2"},"up":{"uv":[0,0,2,6],"texture":"#2"},"down":{"uv":[0,0,2,6],"texture":"#2"}}},{"from":[-5,18,4],"to":[-3,20,9],"rotation":{"angle":45,"axis":"x","origin":[1,20,14]},"faces":{"north":{"uv":[0,0,2,2],"texture":"#2"},"east":{"uv":[0,0,5,2],"texture":"#2"},"south":{"uv":[0,0,2,2],"texture":"#2"},"west":{"uv":[0,0,5,2],"texture":"#2"},"up":{"uv":[0,0,2,5],"texture":"#2"},"down":{"uv":[0,0,2,5],"texture":"#2"}}},{"from":[-5,17,0],"to":[-3,19,4],"rotation":{"angle":45,"axis":"x","origin":[1,20,14]},"faces":{"north":{"uv":[0,0,2,2],"texture":"#2"},"east":{"uv":[0,0,4,2],"texture":"#2"},"south":{"uv":[0,0,2,2],"texture":"#2"},"west":{"uv":[0,0,4,2],"texture":"#2"},"up":{"uv":[0,0,2,4],"texture":"#2"},"down":{"uv":[0,0,2,4],"texture":"#2"}}},{"from":[4.5,2.5,0.75],"to":[11.5,9.5,0.75],"rotation":{"angle":0,"axis":"y","origin":[8,6,0.5]},"faces":{"north":{"uv":[0,0,3.5,3.5],"texture":"#4"},"east":{"uv":[15.5,15.5,16,16],"texture":"#4"},"south":{"uv":[15.5,15.5,16,16],"texture":"#4"},"west":{"uv":[15.5,15.5,16,16],"texture":"#4"},"up":{"uv":[15.5,15.5,16,16],"texture":"#4"},"down":{"uv":[15.5,15.5,16,16],"texture":"#4"}}}],"display":{"thirdperson_righthand":{"translation":[0,3,0],"scale":[0.5,0.5,0.5]},"thirdperson_lefthand":{"translation":[0,3,0],"scale":[0.5,0.5,0.5]},"firstperson_righthand":{"translation":[0,4,0],"scale":[0.5,0.5,0.5]},"firstperson_lefthand":{"translation":[0,4,0],"scale":[0.5,0.5,0.5]},"ground":{"translation":[0,1,0],"scale":[0.5,0.5,0.5]},"gui":{"rotation":[45,70,0],"translation":[0,1,0],"scale":[0.5,0.5,0.5]},"head":{"rotation":[0,-180,0],"translation":[0,-14.65,0],"scale":[2.2855,2.2855,2.2855]}}}