{"credit":"MadewithBlockbench","textures":{"0":"block/oak_planks","3":"block/chiseled_stone_bricks","particle":"block/oak_planks"},"elements":[{"from":[20,0,0],"to":[22,8,2],"rotation":{"angle":0,"axis":"y","origin":[8,0,8]},"faces":{"north":{"uv":[0,0,2,8],"texture":"#3"},"east":{"uv":[0,0,2,8],"texture":"#3"},"south":{"uv":[0,0,2,8],"texture":"#3"},"west":{"uv":[0,0,2,8],"texture":"#3"},"up":{"uv":[0,0,2,2],"rotation":90,"texture":"#3"},"down":{"uv":[0,0,2,2],"rotation":270,"texture":"#3"}}},{"from":[20,0,14],"to":[22,8,16],"rotation":{"angle":0,"axis":"y","origin":[8,0,8]},"faces":{"north":{"uv":[0,0,2,8],"texture":"#3"},"east":{"uv":[0,0,2,8],"texture":"#3"},"south":{"uv":[0,0,2,8],"texture":"#3"},"west":{"uv":[0,0,2,8],"texture":"#3"},"up":{"uv":[0,0,2,2],"rotation":90,"texture":"#3"},"down":{"uv":[0,0,2,2],"rotation":270,"texture":"#3"}}},{"from":[-6,0,14],"to":[-4,8,16],"rotation":{"angle":0,"axis":"y","origin":[8,0,8]},"faces":{"north":{"uv":[0,0,2,8],"texture":"#3"},"east":{"uv":[0,0,2,8],"texture":"#3"},"south":{"uv":[0,0,2,8],"texture":"#3"},"west":{"uv":[0,0,2,8],"texture":"#3"},"up":{"uv":[0,0,2,2],"rotation":90,"texture":"#3"},"down":{"uv":[0,0,2,2],"rotation":270,"texture":"#3"}}},{"from":[-6,0,0],"to":[-4,8,2],"rotation":{"angle":0,"axis":"y","origin":[8,0,8]},"faces":{"north":{"uv":[0,0,2,8],"texture":"#3"},"east":{"uv":[0,0,2,8],"texture":"#3"},"south":{"uv":[0,0,2,8],"texture":"#3"},"west":{"uv":[0,0,2,8],"texture":"#3"},"up":{"uv":[0,0,2,2],"rotation":90,"texture":"#3"},"down":{"uv":[0,0,2,2],"rotation":270,"texture":"#3"}}},{"from":[-6,8,0],"to":[-4,10,16],"rotation":{"angle":0,"axis":"y","origin":[8,0,8]},"faces":{"north":{"uv":[0,0,2,2],"texture":"#3"},"east":{"uv":[0,0,16,2],"texture":"#3"},"south":{"uv":[0,0,2,2],"texture":"#3"},"west":{"uv":[0,0,16,2],"texture":"#3"},"up":{"uv":[0,0,16,2],"rotation":90,"texture":"#3"},"down":{"uv":[0,0,16,2],"rotation":270,"texture":"#3"}}},{"from":[-6,10,14],"to":[-4,23,16],"rotation":{"angle":0,"axis":"y","origin":[8,0,8]},"faces":{"north":{"uv":[0,0,2,13],"texture":"#3"},"east":{"uv":[0,0,2,13],"texture":"#3"},"south":{"uv":[0,0,2,13],"texture":"#3"},"west":{"uv":[0,0,2,13],"texture":"#3"},"up":{"uv":[0,0,2,2],"rotation":90,"texture":"#3"},"down":{"uv":[0,0,2,2],"rotation":270,"texture":"#3"}}},{"from":[20,10,14],"to":[22,23,16],"rotation":{"angle":0,"axis":"y","origin":[8,0,8]},"faces":{"north":{"uv":[0,0,2,13],"texture":"#3"},"east":{"uv":[0,0,2,13],"texture":"#3"},"south":{"uv":[0,0,2,13],"texture":"#3"},"west":{"uv":[0,0,2,13],"texture":"#3"},"up":{"uv":[0,0,2,2],"rotation":90,"texture":"#3"},"down":{"uv":[0,0,2,2],"rotation":270,"texture":"#3"}}},{"from":[20,8,0],"to":[22,10,16],"rotation":{"angle":0,"axis":"y","origin":[8,0,8]},"faces":{"north":{"uv":[0,0,2,2],"texture":"#3"},"east":{"uv":[0,0,16,2],"texture":"#3"},"south":{"uv":[0,0,2,2],"texture":"#3"},"west":{"uv":[0,0,16,2],"texture":"#3"},"up":{"uv":[0,0,16,2],"rotation":90,"texture":"#3"},"down":{"uv":[0,0,16,2],"rotation":270,"texture":"#3"}}},{"from":[8,9,1],"to":[20,9.1,4],"rotation":{"angle":0,"axis":"y","origin":[8,0,8]},"faces":{"north":{"uv":[0,0,12,0.1],"texture":"#0"},"east":{"uv":[0,0,3,0.1],"texture":"#0"},"south":{"uv":[0,0,12,0.1],"texture":"#0"},"west":{"uv":[0,0,3,0.1],"texture":"#0"},"up":{"uv":[0,0,12,3],"texture":"#0"},"down":{"uv":[0,0,12,3],"texture":"#0"}}},{"from":[-4,9,1],"to":[8,9.1,4],"rotation":{"angle":0,"axis":"y","origin":[8,0,8]},"faces":{"north":{"uv":[12,0,0,0.1],"texture":"#0"},"east":{"uv":[3,0,0,0.1],"texture":"#0"},"south":{"uv":[12,0,0,0.1],"texture":"#0"},"west":{"uv":[3,0,0,0.1],"texture":"#0"},"up":{"uv":[12,0,0,3],"texture":"#0"},"down":{"uv":[12,0,0,3],"texture":"#0"}}},{"from":[8,9,5],"to":[20,9.1,8],"rotation":{"angle":0,"axis":"y","origin":[8,0,8]},"faces":{"north":{"uv":[0,0,12,0.1],"texture":"#0"},"east":{"uv":[0,0,3,0.1],"texture":"#0"},"south":{"uv":[0,0,12,0.1],"texture":"#0"},"west":{"uv":[0,0,3,0.1],"texture":"#0"},"up":{"uv":[0,0,12,3],"texture":"#0"},"down":{"uv":[0,0,12,3],"texture":"#0"}}},{"from":[-4,9,5],"to":[8,9.1,8],"rotation":{"angle":0,"axis":"y","origin":[8,0,8]},"faces":{"north":{"uv":[12,0,0,0.1],"texture":"#0"},"east":{"uv":[3,0,0,0.1],"texture":"#0"},"south":{"uv":[12,0,0,0.1],"texture":"#0"},"west":{"uv":[3,0,0,0.1],"texture":"#0"},"up":{"uv":[12,0,0,3],"texture":"#0"},"down":{"uv":[12,0,0,3],"texture":"#0"}}},{"from":[8,9,9],"to":[20,9.1,12],"rotation":{"angle":0,"axis":"y","origin":[8,0,8]},"faces":{"north":{"uv":[0,0,12,0.1],"texture":"#0"},"east":{"uv":[0,0,3,0.1],"texture":"#0"},"south":{"uv":[0,0,12,0.1],"texture":"#0"},"west":{"uv":[0,0,3,0.1],"texture":"#0"},"up":{"uv":[0,0,12,3],"texture":"#0"},"down":{"uv":[0,0,12,3],"texture":"#0"}}},{"from":[-4,9,9],"to":[8,9.1,12],"rotation":{"angle":0,"axis":"y","origin":[8,0,8]},"faces":{"north":{"uv":[12,0,0,0.1],"texture":"#0"},"east":{"uv":[3,0,0,0.1],"texture":"#0"},"south":{"uv":[12,0,0,0.1],"texture":"#0"},"west":{"uv":[3,0,0,0.1],"texture":"#0"},"up":{"uv":[12,0,0,3],"texture":"#0"},"down":{"uv":[12,0,0,3],"texture":"#0"}}},{"from":[8,9,13],"to":[20,9.1,15],"rotation":{"angle":0,"axis":"y","origin":[8,0,8]},"faces":{"north":{"uv":[0,0,12,0.1],"texture":"#0"},"east":{"uv":[0,0,2,0.1],"texture":"#0"},"south":{"uv":[0,0,12,0.1],"texture":"#0"},"west":{"uv":[0,0,2,0.1],"texture":"#0"},"up":{"uv":[0,0,12,2],"texture":"#0"},"down":{"uv":[0,0,12,2],"texture":"#0"}}},{"from":[-4,9,13],"to":[8,9.1,15],"rotation":{"angle":0,"axis":"y","origin":[8,0,8]},"faces":{"north":{"uv":[12,0,0,0.1],"texture":"#0"},"east":{"uv":[2,0,0,0.1],"texture":"#0"},"south":{"uv":[12,0,0,0.1],"texture":"#0"},"west":{"uv":[2,0,0,0.1],"texture":"#0"},"up":{"uv":[12,0,0,2],"texture":"#0"},"down":{"uv":[12,0,0,2],"texture":"#0"}}},{"from":[8,9.05,14.95],"to":[20,10.05,15.05],"rotation":{"angle":0,"axis":"y","origin":[8,0,8]},"faces":{"north":{"uv":[0,0,12,1],"texture":"#0"},"east":{"uv":[0,0,1,0.1],"rotation":270,"texture":"#0"},"south":{"uv":[0,0,12,1],"texture":"#0"},"west":{"uv":[0,0,1,0.1],"rotation":90,"texture":"#0"},"up":{"uv":[0,0,12,0.1],"rotation":180,"texture":"#0"},"down":{"uv":[0,0,12,0.1],"texture":"#0"}}},{"from":[-4,9.05,14.95],"to":[8,10.05,15.05],"rotation":{"angle":0,"axis":"y","origin":[8,0,8]},"faces":{"north":{"uv":[12,0,0,1],"texture":"#0"},"east":{"uv":[0,0.1,1,0],"rotation":90,"texture":"#0"},"south":{"uv":[12,0,0,1],"texture":"#0"},"west":{"uv":[0,0.1,1,0],"rotation":270,"texture":"#0"},"up":{"uv":[12,0,0,0.1],"rotation":180,"texture":"#0"},"down":{"uv":[12,0,0,0.1],"texture":"#0"}}},{"from":[8,11.05,14.95],"to":[20,14.05,15.05],"rotation":{"angle":0,"axis":"y","origin":[8,0,8]},"faces":{"north":{"uv":[0,0,12,3],"texture":"#0"},"east":{"uv":[0,0,3,0.1],"rotation":270,"texture":"#0"},"south":{"uv":[0,0,12,3],"texture":"#0"},"west":{"uv":[0,0,3,0.1],"rotation":90,"texture":"#0"},"up":{"uv":[0,0,12,0.1],"rotation":180,"texture":"#0"},"down":{"uv":[0,0,12,0.1],"texture":"#0"}}},{"from":[-4,11.05,14.95],"to":[8,14.05,15.05],"rotation":{"angle":0,"axis":"y","origin":[8,0,8]},"faces":{"north":{"uv":[12,0,0,3],"texture":"#0"},"east":{"uv":[0,0.1,3,0],"rotation":90,"texture":"#0"},"south":{"uv":[12,0,0,3],"texture":"#0"},"west":{"uv":[0,0.1,3,0],"rotation":270,"texture":"#0"},"up":{"uv":[12,0,0,0.1],"rotation":180,"texture":"#0"},"down":{"uv":[12,0,0,0.1],"texture":"#0"}}},{"from":[8,15.05,14.95],"to":[20,18.05,15.05],"rotation":{"angle":0,"axis":"y","origin":[8,0,8]},"faces":{"north":{"uv":[0,0,12,3],"texture":"#0"},"east":{"uv":[0,0,3,0.1],"rotation":270,"texture":"#0"},"south":{"uv":[0,0,12,3],"texture":"#0"},"west":{"uv":[0,0,3,0.1],"rotation":90,"texture":"#0"},"up":{"uv":[0,0,12,0.1],"rotation":180,"texture":"#0"},"down":{"uv":[0,0,12,0.1],"texture":"#0"}}},{"from":[-4,15.05,14.95],"to":[8,18.05,15.05],"rotation":{"angle":0,"axis":"y","origin":[8,0,8]},"faces":{"north":{"uv":[12,0,0,3],"texture":"#0"},"east":{"uv":[0,0.1,3,0],"rotation":90,"texture":"#0"},"south":{"uv":[12,0,0,3],"texture":"#0"},"west":{"uv":[0,0.1,3,0],"rotation":270,"texture":"#0"},"up":{"uv":[12,0,0,0.1],"rotation":180,"texture":"#0"},"down":{"uv":[12,0,0,0.1],"texture":"#0"}}},{"from":[8,19.05,14.95],"to":[20,22.05,15.05],"rotation":{"angle":0,"axis":"y","origin":[8,0,8]},"faces":{"north":{"uv":[0,0,12,3],"texture":"#0"},"east":{"uv":[0,0,3,0.1],"rotation":270,"texture":"#0"},"south":{"uv":[0,0,12,3],"texture":"#0"},"west":{"uv":[0,0,3,0.1],"rotation":90,"texture":"#0"},"up":{"uv":[0,0,12,0.1],"rotation":180,"texture":"#0"},"down":{"uv":[0,0,12,0.1],"texture":"#0"}}},{"from":[-4,19.05,14.95],"to":[8,22.05,15.05],"rotation":{"angle":0,"axis":"y","origin":[8,0,8]},"faces":{"north":{"uv":[12,0,0,3],"texture":"#0"},"east":{"uv":[0,0.1,3,0],"rotation":90,"texture":"#0"},"south":{"uv":[12,0,0,3],"texture":"#0"},"west":{"uv":[0,0.1,3,0],"rotation":270,"texture":"#0"},"up":{"uv":[12,0,0,0.1],"rotation":180,"texture":"#0"},"down":{"uv":[12,0,0,0.1],"texture":"#0"}}}],"display":{"thirdperson_righthand":{"translation":[0,3,0],"scale":[0.5,0.5,0.5]},"thirdperson_lefthand":{"translation":[0,3,0],"scale":[0.5,0.5,0.5]},"firstperson_righthand":{"translation":[0,4,0],"scale":[0.5,0.5,0.5]},"firstperson_lefthand":{"translation":[0,4,0],"scale":[0.5,0.5,0.5]},"ground":{"translation":[0,1,0],"scale":[0.5,0.5,0.5]},"gui":{"rotation":[45,70,0],"translation":[0,1,0],"scale":[0.5,0.5,0.5]},"head":{"rotation":[0,-180,0],"translation":[0,-14.65,0],"scale":[2.2855,2.2855,2.2855]}}}