{"credit":"MadewithBlockbench","textures":{"1":"block/gray_concrete_powder"},"elements":[{"from":[0,6,12],"to":[10,10,16],"faces":{"north":{"uv":[0,0,10,4],"texture":"#1"},"east":{"uv":[0,0,4,4],"texture":"#1"},"south":{"uv":[0,0,10,4],"texture":"#1"},"west":{"uv":[0,0,4,4],"texture":"#1"},"up":{"uv":[0,0,10,4],"texture":"#1"},"down":{"uv":[0,0,10,4],"texture":"#1"}}},{"from":[6,10,12],"to":[10,16,16],"faces":{"north":{"uv":[0,0,4,6],"texture":"#1"},"east":{"uv":[0,0,4,6],"texture":"#1"},"south":{"uv":[0,0,4,6],"texture":"#1"},"west":{"uv":[0,0,4,6],"texture":"#1"},"up":{"uv":[0,0,4,4],"texture":"#1"},"down":{"uv":[0,0,4,4],"texture":"#1"}}}],"display":{"thirdperson_righthand":{"translation":[0,3,0],"scale":[0.5,0.5,0.5]},"thirdperson_lefthand":{"translation":[0,3,0],"scale":[0.5,0.5,0.5]},"firstperson_righthand":{"translation":[0,4,0],"scale":[0.5,0.5,0.5]},"firstperson_lefthand":{"translation":[0,4,0],"scale":[0.5,0.5,0.5]},"ground":{"translation":[0,1,0],"scale":[0.5,0.5,0.5]},"gui":{"rotation":[45,70,0],"translation":[0,1,0],"scale":[0.5,0.5,0.5]},"head":{"rotation":[0,-180,0],"translation":[0,-14.65,0],"scale":[2.2855,2.2855,2.2855]}}}