{"credit":"MadewithBlockbench","textures":{"0":"block/dead_bubble_coral_block","particle":"block/dead_bubble_coral_block"},"elements":[{"from":[4,0,5],"to":[11,3,11],"faces":{"north":{"uv":[0,0,7,3],"texture":"#0"},"east":{"uv":[0,0,6,3],"texture":"#0"},"south":{"uv":[0,0,7,3],"texture":"#0"},"west":{"uv":[0,0,6,3],"texture":"#0"},"up":{"uv":[0,0,7,6],"texture":"#0"},"down":{"uv":[0,0,7,6],"texture":"#0"}}}],"display":{"thirdperson_righthand":{"translation":[0,3,0],"scale":[0.5,0.5,0.5]},"thirdperson_lefthand":{"translation":[0,3,0],"scale":[0.5,0.5,0.5]},"firstperson_righthand":{"translation":[0,4,0],"scale":[0.5,0.5,0.5]},"firstperson_lefthand":{"translation":[0,4,0],"scale":[0.5,0.5,0.5]},"ground":{"translation":[0,1,0],"scale":[0.5,0.5,0.5]},"gui":{"rotation":[45,70,0],"translation":[0,1,0],"scale":[0.5,0.5,0.5]},"head":{"rotation":[0,-180,0],"translation":[0,-14.65,0],"scale":[2.2855,2.2855,2.2855]}}}