{"credit":"MadewithBlockbench","textures":{"0":"block/spruce_planks","particle":"block/spruce_planks"},"elements":[{"from":[-2,0,-2],"to":[18,2,1],"faces":{"north":{"uv":[0,0,16,2],"texture":"#0"},"east":{"uv":[0,0,3,2],"texture":"#0"},"south":{"uv":[0,0,16,2],"texture":"#0"},"west":{"uv":[0,0,3,2],"texture":"#0"},"up":{"uv":[0,0,16,3],"texture":"#0"},"down":{"uv":[0,0,16,3],"texture":"#0"}}},{"from":[-2,5,-2],"to":[18,7,1],"faces":{"north":{"uv":[0,0,16,2],"texture":"#0"},"east":{"uv":[0,0,3,2],"texture":"#0"},"south":{"uv":[0,0,16,2],"texture":"#0"},"west":{"uv":[0,0,3,2],"texture":"#0"},"up":{"uv":[0,0,16,3],"texture":"#0"},"down":{"uv":[0,0,16,3],"texture":"#0"}}},{"from":[15,2,-2],"to":[17,5,18],"faces":{"north":{"uv":[0,0,2,3],"texture":"#0"},"east":{"uv":[0,0,16,3],"texture":"#0"},"south":{"uv":[0,0,2,3],"texture":"#0"},"west":{"uv":[0,0,16,3],"texture":"#0"},"up":{"uv":[0,0,2,16],"texture":"#0"},"down":{"uv":[0,0,2,16],"texture":"#0"}}},{"from":[-1,2,-2],"to":[1,5,18],"faces":{"north":{"uv":[0,0,2,3],"texture":"#0"},"east":{"uv":[0,0,16,3],"texture":"#0"},"south":{"uv":[0,0,2,3],"texture":"#0"},"west":{"uv":[0,0,16,3],"texture":"#0"},"up":{"uv":[0,0,2,16],"texture":"#0"},"down":{"uv":[0,0,2,16],"texture":"#0"}}},{"from":[-2,0,2],"to":[18,2,5],"faces":{"north":{"uv":[0,0,16,2],"texture":"#0"},"east":{"uv":[0,0,3,2],"texture":"#0"},"south":{"uv":[0,0,16,2],"texture":"#0"},"west":{"uv":[0,0,3,2],"texture":"#0"},"up":{"uv":[0,0,16,3],"texture":"#0"},"down":{"uv":[0,0,16,3],"texture":"#0"}}},{"from":[-2,5,2],"to":[18,7,5],"faces":{"north":{"uv":[0,0,16,2],"texture":"#0"},"east":{"uv":[0,0,3,2],"texture":"#0"},"south":{"uv":[0,0,16,2],"texture":"#0"},"west":{"uv":[0,0,3,2],"texture":"#0"},"up":{"uv":[0,0,16,3],"texture":"#0"},"down":{"uv":[0,0,16,3],"texture":"#0"}}},{"from":[-2,0,6],"to":[18,2,10],"faces":{"north":{"uv":[0,0,16,2],"texture":"#0"},"east":{"uv":[0,0,4,2],"texture":"#0"},"south":{"uv":[0,0,16,2],"texture":"#0"},"west":{"uv":[0,0,4,2],"texture":"#0"},"up":{"uv":[0,0,16,4],"texture":"#0"},"down":{"uv":[0,0,16,4],"texture":"#0"}}},{"from":[-2,5,6],"to":[18,7,10],"faces":{"north":{"uv":[0,0,16,2],"texture":"#0"},"east":{"uv":[0,0,4,2],"texture":"#0"},"south":{"uv":[0,0,16,2],"texture":"#0"},"west":{"uv":[0,0,4,2],"texture":"#0"},"up":{"uv":[0,0,16,4],"texture":"#0"},"down":{"uv":[0,0,16,4],"texture":"#0"}}},{"from":[-2,0,11],"to":[18,2,14],"faces":{"north":{"uv":[0,0,16,2],"texture":"#0"},"east":{"uv":[0,0,3,2],"texture":"#0"},"south":{"uv":[0,0,16,2],"texture":"#0"},"west":{"uv":[0,0,3,2],"texture":"#0"},"up":{"uv":[0,0,16,3],"texture":"#0"},"down":{"uv":[0,0,16,3],"texture":"#0"}}},{"from":[-2,5,11],"to":[18,7,14],"faces":{"north":{"uv":[0,0,16,2],"texture":"#0"},"east":{"uv":[0,0,3,2],"texture":"#0"},"south":{"uv":[0,0,16,2],"texture":"#0"},"west":{"uv":[0,0,3,2],"texture":"#0"},"up":{"uv":[0,0,16,3],"texture":"#0"},"down":{"uv":[0,0,16,3],"texture":"#0"}}},{"from":[-2,0,15],"to":[18,2,18],"faces":{"north":{"uv":[0,0,16,2],"texture":"#0"},"east":{"uv":[0,0,3,2],"texture":"#0"},"south":{"uv":[0,0,16,2],"texture":"#0"},"west":{"uv":[0,0,3,2],"texture":"#0"},"up":{"uv":[0,0,16,3],"texture":"#0"},"down":{"uv":[0,0,16,3],"texture":"#0"}}},{"from":[-2,5,15],"to":[18,7,18],"faces":{"north":{"uv":[0,0,16,2],"texture":"#0"},"east":{"uv":[0,0,3,2],"texture":"#0"},"south":{"uv":[0,0,16,2],"texture":"#0"},"west":{"uv":[0,0,3,2],"texture":"#0"},"up":{"uv":[0,0,16,3],"texture":"#0"},"down":{"uv":[0,0,16,3],"texture":"#0"}}}],"display":{"thirdperson_righthand":{"translation":[0,3,0],"scale":[0.5,0.5,0.5]},"thirdperson_lefthand":{"translation":[0,3,0],"scale":[0.5,0.5,0.5]},"firstperson_righthand":{"translation":[0,4,0],"scale":[0.5,0.5,0.5]},"firstperson_lefthand":{"translation":[0,4,0],"scale":[0.5,0.5,0.5]},"ground":{"translation":[0,1,0],"scale":[0.5,0.5,0.5]},"gui":{"rotation":[45,70,0],"translation":[0,1,0],"scale":[0.5,0.5,0.5]},"head":{"rotation":[0,-180,0],"translation":[0,-14.65,0],"scale":[2.2855,2.2855,2.2855]}}}