{"credit":"MadewithBlockbench","textures":{"0":"city_props:green_trashcan","1":"block/quartz_block_bottom","2":"block/red_concrete","particle":"city_props:green_trashcan"},"elements":[{"from":[0,0,7],"to":[16,16,9],"faces":{"north":{"uv":[0,0,16,16],"texture":"#1"},"east":{"uv":[0,0,2,16],"texture":"#1"},"south":{"uv":[0,0,16,16],"texture":"#1"},"west":{"uv":[0,0,2,16],"texture":"#1"},"up":{"uv":[0,0,16,2],"texture":"#1"},"down":{"uv":[0,0,16,2],"texture":"#1"}}},{"from":[1,1,6.91],"to":[15,15,7.01],"faces":{"north":{"uv":[0,0,14,14],"texture":"#2"},"east":{"uv":[0,0,0.1,14],"texture":"#2"},"south":{"uv":[0,0,14,14],"texture":"#2"},"west":{"uv":[0,0,0.1,14],"texture":"#2"},"up":{"uv":[0,0,14,0.1],"texture":"#2"},"down":{"uv":[0,0,14,0.1],"texture":"#2"}}},{"from":[1,6,6.81],"to":[15,10,6.91],"faces":{"north":{"uv":[0,3.75,3.75,5],"texture":"#0"},"east":{"uv":[15,15,16,16],"texture":"#0"},"south":{"uv":[3.75,3.75,0,5],"texture":"#0"},"west":{"uv":[15,15,16,16],"texture":"#0"},"up":{"uv":[15,15,16,16],"texture":"#0"},"down":{"uv":[15,15,16,16],"texture":"#0"}}},{"from":[1,6,9.09],"to":[15,10,9.19],"rotation":{"angle":0,"axis":"y","origin":[0,0,16]},"faces":{"north":{"uv":[0,3.75,3.75,5],"texture":"#0"},"east":{"uv":[16,15,15,16],"texture":"#0"},"south":{"uv":[0,3.75,3.75,5],"texture":"#0"},"west":{"uv":[16,15,15,16],"texture":"#0"},"up":{"uv":[15,16,16,15],"texture":"#0"},"down":{"uv":[15,16,16,15],"texture":"#0"}}},{"from":[1,1,8.99],"to":[15,15,9.09],"rotation":{"angle":0,"axis":"y","origin":[0,0,16]},"faces":{"north":{"uv":[14,0,0,14],"texture":"#2"},"east":{"uv":[0.1,0,0,14],"texture":"#2"},"south":{"uv":[14,0,0,14],"texture":"#2"},"west":{"uv":[0.1,0,0,14],"texture":"#2"},"up":{"uv":[0,0.1,14,0],"texture":"#2"},"down":{"uv":[0,0.1,14,0],"texture":"#2"}}}],"display":{"thirdperson_righthand":{"translation":[0,3,0],"scale":[0.5,0.5,0.5]},"thirdperson_lefthand":{"translation":[0,3,0],"scale":[0.5,0.5,0.5]},"firstperson_righthand":{"translation":[0,4,0],"scale":[0.5,0.5,0.5]},"firstperson_lefthand":{"translation":[0,4,0],"scale":[0.5,0.5,0.5]},"ground":{"translation":[0,1,0],"scale":[0.5,0.5,0.5]},"gui":{"rotation":[45,70,0],"translation":[0,1,0],"scale":[0.5,0.5,0.5]},"head":{"rotation":[0,-180,0],"translation":[0,-14.65,0],"scale":[2.2855,2.2855,2.2855]}}}