{"credit":"MadewithBlockbench","textures":{"0":"block/gray_concrete","1":"city_props:green_trashcan","particle":"block/gray_concrete"},"elements":[{"from":[1,0,1],"to":[14,9,15],"faces":{"north":{"uv":[0,0,13,9],"texture":"#0"},"east":{"uv":[0,0,14,9],"texture":"#0"},"south":{"uv":[0,0,13,9],"texture":"#0"},"west":{"uv":[0,0,14,9],"texture":"#0"},"up":{"uv":[0,0,13,14],"texture":"#0"},"down":{"uv":[0,0,13,14],"texture":"#0"}}},{"from":[3,9,5],"to":[10,13,11],"faces":{"north":{"uv":[0,0,7,4],"texture":"#0"},"east":{"uv":[0,0,6,4],"texture":"#0"},"south":{"uv":[0,0,7,4],"texture":"#0"},"west":{"uv":[0,0,6,4],"texture":"#0"},"up":{"uv":[0,0,7,6],"texture":"#0"},"down":{"uv":[0,0,7,6],"texture":"#0"}}},{"from":[4,12,7.9],"to":[12,17,8],"faces":{"north":{"uv":[8,0,10,1.25],"texture":"#1"},"east":{"uv":[15.75,15.75,16,16],"texture":"#1"},"south":{"uv":[10,0,8,1.25],"texture":"#1"},"west":{"uv":[15.75,15.75,16,16],"texture":"#1"},"up":{"uv":[15.75,15.75,16,16],"texture":"#1"},"down":{"uv":[15.75,15.75,16,16],"texture":"#1"}}}],"display":{"thirdperson_righthand":{"translation":[0,3,0],"scale":[0.5,0.5,0.5]},"thirdperson_lefthand":{"translation":[0,3,0],"scale":[0.5,0.5,0.5]},"firstperson_righthand":{"translation":[0,4,0],"scale":[0.5,0.5,0.5]},"firstperson_lefthand":{"translation":[0,4,0],"scale":[0.5,0.5,0.5]},"ground":{"translation":[0,1,0],"scale":[0.5,0.5,0.5]},"gui":{"rotation":[45,70,0],"translation":[0,1,0],"scale":[0.5,0.5,0.5]},"head":{"rotation":[0,-180,0],"translation":[0,-14.65,0],"scale":[2.2855,2.2855,2.2855]}}}