{"parent":"item/wynn/template/weapon","textures":{"0":"skins/ice_scythe","1":"skins/ice_swirl","particle":"skins/ice_scythe"},"elements":[{"from":[7.3574,-0.29992,7.25903],"to":[8.7574,5.70008,8.65903],"rotation":{"angle":0,"axis":"z","origin":[8.05072,13.2626,6.00668]},"faces":{"north":{"uv":[13,4,5.5,6],"rotation":270,"texture":"#0"},"east":{"uv":[9.5,13,2,15],"rotation":90,"texture":"#0"},"south":{"uv":[2,3,9.5,5],"rotation":90,"texture":"#0"},"west":{"uv":[3,5,10.5,7],"rotation":90,"texture":"#0"},"up":{"uv":[0,14,16,16],"rotation":180,"texture":"#0"},"down":{"uv":[3.5,5,5.5,7],"texture":"#0"}}},{"from":[7.34704,5.24777,4.15402],"to":[8.76704,9.66777,5.57402],"rotation":{"angle":-22.5,"axis":"x","origin":[8.05072,13.2626,6.00668]},"faces":{"north":{"uv":[10.5,13,15.5,15],"rotation":90,"texture":"#0"},"east":{"uv":[9,13,14,15],"rotation":270,"texture":"#0"},"south":{"uv":[8.5,3.5,3.5,5.5],"rotation":90,"texture":"#0"},"west":{"uv":[11.5,3.5,6.5,5.5],"rotation":270,"texture":"#0"},"up":{"uv":[3,0.5,8,2.5],"rotation":180,"texture":"#0"},"down":{"uv":[3,0.5,8,2.5],"texture":"#0"}}},{"from":[7.36774,6.90258,8.37841],"to":[8.74774,8.28258,10.75841],"rotation":{"angle":-45,"axis":"x","origin":[8.04665,11.45033,6.70652]},"faces":{"north":{"uv":[8,7.5,6,4.5],"rotation":270,"texture":"#0"},"east":{"uv":[6,6,4,3],"rotation":90,"texture":"#0"},"south":{"uv":[11,15,9,13],"rotation":270,"texture":"#0"},"west":{"uv":[12.5,4,10.5,1],"rotation":270,"texture":"#0"},"up":{"uv":[7,6,5,3],"texture":"#0"},"down":{"uv":[6.5,6,4.5,3],"rotation":180,"texture":"#0"}}},{"from":[7.35346,7.87193,7.58681],"to":[8.75346,9.27193,9.98681],"rotation":{"angle":-22.5,"axis":"x","origin":[8.04665,11.45033,6.70652]},"faces":{"north":{"uv":[9.5,7.5,7.5,4.5],"rotation":270,"texture":"#0"},"east":{"uv":[9.5,7.5,7.5,4.5],"rotation":90,"texture":"#0"},"south":{"uv":[9.5,7.5,7.5,4.5],"rotation":270,"texture":"#0"},"west":{"uv":[9.5,7.5,7.5,4.5],"rotation":270,"texture":"#0"},"up":{"uv":[9.5,7.5,7.5,4.5],"texture":"#0"},"down":{"uv":[9.5,7.5,7.5,4.5],"rotation":180,"texture":"#0"}}},{"from":[7.35058,8.47763,5.48991],"to":[8.75058,9.87763,8.88991],"rotation":{"angle":0,"axis":"x","origin":[8.04665,11.45033,6.70652]},"faces":{"north":{"uv":[6,6.5,4,2.5],"rotation":90,"texture":"#0"},"east":{"uv":[15,12.5,11,14.5],"texture":"#0"},"south":{"uv":[6,6.5,4,2.5],"rotation":90,"texture":"#0"},"west":{"uv":[13,5,11,1],"rotation":90,"texture":"#0"},"up":{"uv":[6,6.5,4,2.5],"rotation":180,"texture":"#0"},"down":{"uv":[6,6.5,4,2.5],"texture":"#0"}}},{"from":[7.34057,8.22922,3.28572],"to":[8.76057,9.64922,6.70572],"rotation":{"angle":22.5,"axis":"x","origin":[8.04665,11.45033,6.70652]},"faces":{"north":{"uv":[5,4.5,3,2.5],"rotation":270,"texture":"#0"},"east":{"uv":[9.5,13,13.5,15],"texture":"#0"},"south":{"uv":[2,2,0,0],"rotation":270,"texture":"#0"},"west":{"uv":[13.5,13,9.5,15],"texture":"#0"},"up":{"uv":[5.5,6,3.5,2],"texture":"#0"},"down":{"uv":[8,13,12,15],"rotation":90,"texture":"#0"}}},{"from":[7.5574,-3.24992,7.45903],"to":[8.5574,-0.24992,8.45903],"rotation":{"angle":0,"axis":"z","origin":[8.05072,13.2626,6.00668]},"faces":{"north":{"uv":[0,0,2,4],"texture":"#0"},"east":{"uv":[0,0,2,4],"texture":"#0"},"south":{"uv":[0,0,2,4],"texture":"#0"},"west":{"uv":[0,0,2,4],"texture":"#0"},"up":{"uv":[0,0,2,2],"rotation":90,"texture":"#0"},"down":{"uv":[0,0,2,2],"rotation":270,"texture":"#0"}}},{"from":[7.7574,-5.04992,7.65903],"to":[8.3574,-2.44992,8.25903],"rotation":{"angle":0,"axis":"z","origin":[8.05072,13.2626,6.00668]},"faces":{"north":{"uv":[0,0,2,4],"texture":"#0"},"east":{"uv":[0,0,2,4],"texture":"#0"},"south":{"uv":[0,0,2,4],"texture":"#0"},"west":{"uv":[0,0,2,4],"texture":"#0"},"up":{"uv":[0,0,2,2],"rotation":90,"texture":"#0"},"down":{"uv":[0,0,2,2],"rotation":270,"texture":"#0"}}},{"from":[7.45127,13.21802,2.55227],"to":[8.65127,15.41802,3.75227],"rotation":{"angle":-45,"axis":"x","origin":[8.04665,11.45033,6.70652]},"faces":{"north":{"uv":[10.5,4.5,12.5,1.5],"texture":"#0"},"east":{"uv":[12,6.5,14,3.5],"rotation":180,"texture":"#0"},"south":{"uv":[9,6.5,11,3.5],"texture":"#0"},"west":{"uv":[10.5,7.5,12.5,4.5],"texture":"#0"},"up":{"uv":[1.5,2,3.5,0],"rotation":90,"texture":"#0"},"down":{"uv":[9.5,7,11.5,5],"rotation":270,"texture":"#0"}}},{"from":[7.54664,13.52686,1.45339],"to":[8.54664,15.52686,2.45339],"rotation":{"angle":-22.5,"axis":"x","origin":[8.04665,11.45033,6.70652]},"faces":{"north":{"uv":[3.5,0,1.5,3],"rotation":180,"texture":"#0"},"east":{"uv":[10,3.5,8,6.5],"rotation":180,"texture":"#0"},"south":{"uv":[4,0,2,3],"rotation":180,"texture":"#0"},"west":{"uv":[9.5,4.5,7.5,7.5],"rotation":180,"texture":"#0"},"up":{"uv":[2,0,0,2],"rotation":270,"texture":"#0"},"down":{"uv":[2,0,0,2],"rotation":90,"texture":"#0"}}},{"from":[7.64239,13.15172,0.43419],"to":[8.44239,14.95172,1.23419],"rotation":{"angle":0,"axis":"x","origin":[8.03882,15.09034,2.01083]},"faces":{"north":{"uv":[14,4,12,7],"rotation":180,"texture":"#0"},"east":{"uv":[8,0,6,3],"texture":"#0"},"south":{"uv":[9,4.5,7,7.5],"rotation":180,"texture":"#0"},"west":{"uv":[8.5,4.5,6.5,7.5],"rotation":180,"texture":"#0"},"up":{"uv":[14,4,12,7],"rotation":270,"texture":"#0"},"down":{"uv":[14,4,12,7],"rotation":90,"texture":"#0"}}},{"from":[7.73912,14.22484,1.04351],"to":[8.33912,15.82484,1.64351],"rotation":{"angle":22.5,"axis":"x","origin":[8.03762,15.93655,2.00305]},"faces":{"north":{"uv":[7,7.5,9,4.5],"texture":"#0"},"east":{"uv":[7,7.5,9,4.5],"rotation":180,"texture":"#0"},"south":{"uv":[7,7.5,9,4.5],"texture":"#0"},"west":{"uv":[7,7.5,9,4.5],"texture":"#0"},"up":{"uv":[7,7.5,9,4.5],"rotation":90,"texture":"#0"},"down":{"uv":[7,7.5,9,4.5],"rotation":270,"texture":"#0"}}},{"from":[7.83717,16.00472,1.34061],"to":[8.23717,16.40472,2.74061],"rotation":{"angle":-22.5,"axis":"x","origin":[8.03762,15.93655,2.00305]},"faces":{"north":{"uv":[9,4.5,7,7.5],"rotation":270,"texture":"#0"},"east":{"uv":[9,4.5,7,7.5],"rotation":90,"texture":"#0"},"south":{"uv":[9,4.5,7,7.5],"rotation":270,"texture":"#0"},"west":{"uv":[9,4.5,7,7.5],"rotation":270,"texture":"#0"},"up":{"uv":[9,4.5,7,7.5],"texture":"#0"},"down":{"uv":[9,4.5,7,7.5],"rotation":180,"texture":"#0"}}},{"from":[7.93658,16.53207,2.22564],"to":[8.13658,16.73207,3.42564],"rotation":{"angle":22.5,"axis":"x","origin":[8.03762,15.93655,2.00305]},"faces":{"north":{"uv":[8,4.5,7,7.5],"rotation":270,"texture":"#0"},"east":{"uv":[8,4.5,7,7.5],"rotation":90,"texture":"#0"},"south":{"uv":[8,4.5,7,5.5],"rotation":270,"texture":"#0"},"west":{"uv":[8,4.5,7,7.5],"rotation":270,"texture":"#0"},"up":{"uv":[8,4.5,7,7.5],"texture":"#0"},"down":{"uv":[8,4.5,7,7.5],"rotation":180,"texture":"#0"}}},{"from":[7.64239,11.22152,11.89667],"to":[8.44239,12.02152,13.69667],"rotation":{"angle":0,"axis":"x","origin":[8.03882,10.71712,14.35395]},"faces":{"north":{"uv":[14,4,12,7],"rotation":270,"texture":"#0"},"east":{"uv":[8,0,6,3],"rotation":270,"texture":"#0"},"south":{"uv":[14,4,12,7],"rotation":270,"texture":"#0"},"west":{"uv":[8.5,4.5,6.5,7.5],"rotation":270,"texture":"#0"},"up":{"uv":[14,4,12,7],"texture":"#0"},"down":{"uv":[9,4.5,7,7.5],"rotation":180,"texture":"#0"}}},{"from":[7.73912,10.99679,13.23719],"to":[8.33912,11.59679,14.83719],"rotation":{"angle":22.5,"axis":"x","origin":[8.03882,10.71712,14.35395]},"faces":{"north":{"uv":[9,4.5,7,7.5],"rotation":270,"texture":"#0"},"east":{"uv":[9,4.5,7,7.5],"rotation":270,"texture":"#0"},"south":{"uv":[9,5.5,7,7.5],"rotation":270,"texture":"#0"},"west":{"uv":[9,4.5,7,7.5],"rotation":270,"texture":"#0"},"up":{"uv":[9,4.5,7,7.5],"texture":"#0"},"down":{"uv":[9,4.5,7,7.5],"rotation":180,"texture":"#0"}}},{"from":[7.83717,9.50239,14.78633],"to":[8.23717,10.90239,15.18633],"rotation":{"angle":-22.5,"axis":"x","origin":[8.03882,10.71712,14.35395]},"faces":{"north":{"uv":[7,7.5,9,4.5],"rotation":180,"texture":"#0"},"east":{"uv":[7,7.5,9,4.5],"rotation":180,"texture":"#0"},"south":{"uv":[7,7.5,9,4.5],"rotation":180,"texture":"#0"},"west":{"uv":[7,7.5,9,4.5],"rotation":180,"texture":"#0"},"up":{"uv":[7,7.5,9,4.5],"rotation":270,"texture":"#0"},"down":{"uv":[7,7.5,9,4.5],"rotation":90,"texture":"#0"}}},{"from":[7.93658,9.21465,15.54442],"to":[8.13658,10.41465,15.74442],"rotation":{"angle":22.5,"axis":"x","origin":[8.03882,10.71712,14.35395]},"faces":{"north":{"uv":[7,7.5,8,4.5],"rotation":180,"texture":"#0"},"east":{"uv":[7,7.5,8,4.5],"rotation":180,"texture":"#0"},"south":{"uv":[7,7.5,8,4.5],"rotation":180,"texture":"#0"},"west":{"uv":[7,7.5,8,4.5],"rotation":180,"texture":"#0"},"up":{"uv":[7,7.5,8,4.5],"rotation":270,"texture":"#0"},"down":{"uv":[7,5.5,8,4.5],"rotation":90,"texture":"#0"}}},{"from":[10.06236,5.13683,3.55818],"to":[11.26236,8.33683,4.75818],"rotation":{"angle":22.5,"axis":"z","origin":[8.05072,2.0626,5.60668]},"faces":{"north":{"uv":[3,8,5,12],"rotation":180,"texture":"#0"},"east":{"uv":[3,8,5,12],"rotation":180,"texture":"#0"},"south":{"uv":[3,8,5,12],"rotation":180,"texture":"#0"},"west":{"uv":[3,8,5,12],"rotation":180,"texture":"#0"},"up":{"uv":[3,8,5,12],"rotation":270,"texture":"#0"},"down":{"uv":[3,8,5,10],"rotation":90,"texture":"#0"}}},{"from":[10.26236,3.33683,3.75818],"to":[11.06236,6.13683,4.55818],"rotation":{"angle":22.5,"axis":"z","origin":[8.05072,2.0626,5.60668]},"faces":{"north":{"uv":[3,8,4,11.5],"rotation":180,"texture":"#0"},"east":{"uv":[3,8,4,11.5],"rotation":180,"texture":"#0"},"south":{"uv":[3,8,4,11.5],"rotation":180,"texture":"#0"},"west":{"uv":[3,8,4,11.5],"rotation":180,"texture":"#0"},"up":{"uv":[3,8,4,11.5],"rotation":270,"texture":"#0"},"down":{"uv":[3,8,5,10],"rotation":90,"texture":"#0"}}},{"from":[10.46236,1.53683,3.95818],"to":[10.86236,3.93683,4.35818],"rotation":{"angle":22.5,"axis":"z","origin":[8.05072,2.0626,5.60668]},"faces":{"north":{"uv":[3,8,4,10],"rotation":180,"texture":"#0"},"east":{"uv":[3,8,4,10],"rotation":180,"texture":"#0"},"south":{"uv":[3,8,4,10],"rotation":180,"texture":"#0"},"west":{"uv":[3,8,4,10],"rotation":180,"texture":"#0"},"up":{"uv":[3,8,4,10],"rotation":270,"texture":"#0"},"down":{"uv":[3,8,5,10],"rotation":90,"texture":"#0"}}},{"from":[4.38982,6.28653,3.65818],"to":[5.58982,9.48653,4.85818],"rotation":{"angle":-22.5,"axis":"z","origin":[8.05072,2.0626,5.60668]},"faces":{"north":{"uv":[2.5,8,4.5,12],"rotation":180,"texture":"#0"},"east":{"uv":[2.5,8,4.5,12],"rotation":180,"texture":"#0"},"south":{"uv":[2.5,8,4.5,12],"rotation":180,"texture":"#0"},"west":{"uv":[6.5,8,8.5,12],"rotation":180,"texture":"#0"},"up":{"uv":[2.5,8,4.5,12],"rotation":270,"texture":"#0"},"down":{"uv":[2.5,8,4.5,10],"rotation":90,"texture":"#0"}}},{"from":[4.58982,4.48653,3.85818],"to":[5.38982,7.28653,4.65818],"rotation":{"angle":-22.5,"axis":"z","origin":[8.05072,2.0626,5.60668]},"faces":{"north":{"uv":[2.5,8,3.5,10.5],"rotation":180,"texture":"#0"},"east":{"uv":[2.5,8,3.5,10.5],"rotation":180,"texture":"#0"},"south":{"uv":[2.5,8,3.5,10.5],"rotation":180,"texture":"#0"},"west":{"uv":[2.5,8,3.5,10.5],"rotation":180,"texture":"#0"},"up":{"uv":[2.5,8,3.5,10.5],"rotation":270,"texture":"#0"},"down":{"uv":[2.5,8,4.5,10],"rotation":90,"texture":"#0"}}},{"from":[4.78982,2.68653,4.05818],"to":[5.18982,5.08653,4.45818],"rotation":{"angle":-22.5,"axis":"z","origin":[8.05072,2.0626,5.60668]},"faces":{"north":{"uv":[2.5,8,3.5,9.5],"rotation":180,"texture":"#0"},"east":{"uv":[2.5,8,3.5,9.5],"rotation":180,"texture":"#0"},"south":{"uv":[2.5,8,3.5,9.5],"rotation":180,"texture":"#0"},"west":{"uv":[2.5,8,3.5,9.5],"rotation":180,"texture":"#0"},"up":{"uv":[2.5,8,3.5,9.5],"rotation":270,"texture":"#0"},"down":{"uv":[2.5,8,4.5,10],"rotation":90,"texture":"#0"}}},{"from":[7.38976,6.936,1.93364],"to":[8.58976,10.136,3.13364],"rotation":{"angle":22.5,"axis":"x","origin":[7.98976,6.536,2.53364]},"faces":{"north":{"uv":[3.5,8,5.5,12],"rotation":180,"texture":"#0"},"east":{"uv":[3.5,8,5.5,12],"rotation":180,"texture":"#0"},"south":{"uv":[3.5,8,5.5,12],"rotation":180,"texture":"#0"},"west":{"uv":[3.5,8,5.5,12],"rotation":180,"texture":"#0"},"up":{"uv":[3.5,8,5.5,12],"rotation":270,"texture":"#0"},"down":{"uv":[3.5,8,5.5,10],"rotation":90,"texture":"#0"}}},{"from":[7.58976,5.136,2.13364],"to":[8.38976,7.936,2.93364],"rotation":{"angle":22.5,"axis":"x","origin":[7.98976,6.536,2.53364]},"faces":{"north":{"uv":[3.5,8,4.5,11],"rotation":180,"texture":"#0"},"east":{"uv":[3.5,8,4.5,11],"rotation":180,"texture":"#0"},"south":{"uv":[3.5,8,4.5,11],"rotation":180,"texture":"#0"},"west":{"uv":[3.5,8,4.5,11],"rotation":180,"texture":"#0"},"up":{"uv":[3.5,8,4.5,11],"rotation":270,"texture":"#0"},"down":{"uv":[3.5,8,5.5,10],"rotation":90,"texture":"#0"}}},{"from":[7.78976,3.336,2.33364],"to":[8.18976,5.736,2.73364],"rotation":{"angle":22.5,"axis":"x","origin":[7.98976,6.536,2.53364]},"faces":{"north":{"uv":[3.5,8,4.5,10],"rotation":180,"texture":"#0"},"east":{"uv":[3.5,8,4.5,10],"rotation":180,"texture":"#0"},"south":{"uv":[3.5,8,4.5,10],"rotation":180,"texture":"#0"},"west":{"uv":[3.5,8,4.5,10],"rotation":180,"texture":"#0"},"up":{"uv":[3.5,8,4.5,10],"rotation":270,"texture":"#0"},"down":{"uv":[3.5,8,4.5,10],"rotation":90,"texture":"#0"}}},{"from":[7.4574,8.53039,12.30179],"to":[8.6574,11.73039,13.50179],"rotation":{"angle":-22.5,"axis":"x","origin":[8.0574,9.03039,14.10179]},"faces":{"north":{"uv":[1.5,8,3.5,12],"rotation":180,"texture":"#0"},"east":{"uv":[1.5,8,3.5,12],"rotation":180,"texture":"#0"},"south":{"uv":[1.5,8,3.5,12],"rotation":180,"texture":"#0"},"west":{"uv":[1.5,8,3.5,12],"rotation":180,"texture":"#0"},"up":{"uv":[1.5,8,3.5,12],"rotation":270,"texture":"#0"},"down":{"uv":[1.5,8,3.5,10],"rotation":90,"texture":"#0"}}},{"from":[7.6574,6.73039,12.50179],"to":[8.4574,9.53039,13.30179],"rotation":{"angle":-22.5,"axis":"x","origin":[8.0574,9.03039,14.10179]},"faces":{"north":{"uv":[1.5,8,2.5,11],"rotation":180,"texture":"#0"},"east":{"uv":[1.5,8,2.5,11],"rotation":180,"texture":"#0"},"south":{"uv":[1.5,8,2.5,11],"rotation":180,"texture":"#0"},"west":{"uv":[1.5,8,2.5,11],"rotation":180,"texture":"#0"},"up":{"uv":[1.5,8,2.5,11],"rotation":270,"texture":"#0"},"down":{"uv":[1.5,8,3.5,10],"rotation":90,"texture":"#0"}}},{"from":[7.8574,4.93039,12.70179],"to":[8.2574,7.33039,13.10179],"rotation":{"angle":-22.5,"axis":"x","origin":[8.0574,9.03039,14.10179]},"faces":{"north":{"uv":[1.5,8,2,12],"rotation":180,"texture":"#0"},"east":{"uv":[1.5,8,2,12],"rotation":180,"texture":"#0"},"south":{"uv":[1.5,8,2,12],"rotation":180,"texture":"#0"},"west":{"uv":[1.5,8,2,12],"rotation":180,"texture":"#0"},"up":{"uv":[1.5,8,2,12],"rotation":270,"texture":"#0"},"down":{"uv":[1.5,8,3.5,10],"rotation":90,"texture":"#0"}}},{"from":[7.6074,9.28968,1.23755],"to":[8.5074,11.18968,2.13755],"rotation":{"angle":-22.5,"axis":"y","origin":[8.0574,8.97301,1.68755]},"faces":{"north":{"uv":[1.5,8,3.5,12],"rotation":180,"texture":"#0"},"east":{"uv":[1.5,8,3.5,12],"rotation":180,"texture":"#0"},"south":{"uv":[1.5,8,3.5,12],"rotation":180,"texture":"#0"},"west":{"uv":[1.5,8,3.5,12],"rotation":180,"texture":"#0"},"up":{"uv":[1.5,8,3.5,12],"rotation":180,"texture":"#0"},"down":{"uv":[1.5,8,3.5,10],"rotation":180,"texture":"#0"}}},{"from":[7.7574,8.13968,1.38755],"to":[8.3574,9.73968,1.98755],"rotation":{"angle":-22.5,"axis":"y","origin":[8.0574,8.97301,1.68755]},"faces":{"north":{"uv":[1.5,8,2.5,11],"rotation":180,"texture":"#0"},"east":{"uv":[1.5,8,2.5,11],"rotation":180,"texture":"#0"},"south":{"uv":[1.5,8,2.5,11],"rotation":180,"texture":"#0"},"west":{"uv":[1.5,8,2.5,11],"rotation":180,"texture":"#0"},"up":{"uv":[1.5,8,2.5,11],"rotation":180,"texture":"#0"},"down":{"uv":[1.5,8,3.5,10],"rotation":180,"texture":"#0"}}},{"from":[7.9574,7.13968,1.58755],"to":[8.1574,8.33968,1.78755],"rotation":{"angle":-22.5,"axis":"y","origin":[8.0574,8.97301,1.68755]},"faces":{"north":{"uv":[1.5,8,2,12],"rotation":180,"texture":"#0"},"east":{"uv":[1.5,8,2,12],"rotation":180,"texture":"#0"},"south":{"uv":[1.5,8,2,12],"rotation":180,"texture":"#0"},"west":{"uv":[1.5,8,2,12],"rotation":180,"texture":"#0"},"up":{"uv":[1.5,8,2,12],"rotation":180,"texture":"#0"},"down":{"uv":[1.5,8,3.5,10],"rotation":180,"texture":"#0"}}},{"from":[7.5574,8.43968,10.93755],"to":[8.5574,10.43968,11.93755],"rotation":{"angle":-22.5,"axis":"y","origin":[8.0574,8.17301,11.43755]},"faces":{"north":{"uv":[1.5,8,3.5,12],"rotation":180,"texture":"#0"},"east":{"uv":[1.5,8,3.5,12],"rotation":180,"texture":"#0"},"south":{"uv":[1.5,8,3.5,12],"rotation":180,"texture":"#0"},"west":{"uv":[1.5,8,3.5,12],"rotation":180,"texture":"#0"},"up":{"uv":[1.5,8,3.5,12],"rotation":180,"texture":"#0"},"down":{"uv":[1.5,8,3.5,10],"rotation":180,"texture":"#0"}}},{"from":[7.7574,7.33968,11.13755],"to":[8.3574,8.93968,11.73755],"rotation":{"angle":-22.5,"axis":"y","origin":[8.0574,8.17301,11.43755]},"faces":{"north":{"uv":[1.5,8,2.5,11],"rotation":180,"texture":"#0"},"east":{"uv":[1.5,8,2.5,11],"rotation":180,"texture":"#0"},"south":{"uv":[1.5,8,2.5,11],"rotation":180,"texture":"#0"},"west":{"uv":[1.5,8,2.5,11],"rotation":180,"texture":"#0"},"up":{"uv":[1.5,8,2.5,11],"rotation":180,"texture":"#0"},"down":{"uv":[1.5,8,3.5,10],"rotation":180,"texture":"#0"}}},{"from":[7.9574,6.33968,11.33755],"to":[8.1574,7.53968,11.53755],"rotation":{"angle":-22.5,"axis":"y","origin":[8.0574,8.17301,11.43755]},"faces":{"north":{"uv":[1.5,8,2,12],"rotation":180,"texture":"#0"},"east":{"uv":[1.5,8,2,12],"rotation":180,"texture":"#0"},"south":{"uv":[1.5,8,2,12],"rotation":180,"texture":"#0"},"west":{"uv":[1.5,8,2,12],"rotation":180,"texture":"#0"},"up":{"uv":[1.5,8,2,12],"rotation":180,"texture":"#0"},"down":{"uv":[1.5,8,3.5,10],"rotation":180,"texture":"#0"}}},{"from":[7.5574,7.03968,5.13755],"to":[8.5574,9.03968,6.13755],"rotation":{"angle":-22.5,"axis":"y","origin":[8.0574,6.77301,5.63755]},"faces":{"north":{"uv":[1.5,8,2.7,10.2],"rotation":180,"texture":"#0"},"east":{"uv":[1.5,8,2.7,10.2],"rotation":180,"texture":"#0"},"south":{"uv":[1.5,8,2.7,10.2],"rotation":180,"texture":"#0"},"west":{"uv":[1.5,8,2.7,10.2],"rotation":180,"texture":"#0"},"up":{"uv":[1.5,8,2.7,9.2],"rotation":180,"texture":"#0"},"down":{"uv":[1.5,8,2.7,9.2],"rotation":180,"texture":"#0"}}},{"from":[7.7574,5.93968,5.33755],"to":[8.3574,7.53968,5.93755],"rotation":{"angle":-22.5,"axis":"y","origin":[8.0574,6.77301,5.63755]},"faces":{"north":{"uv":[1.5,8,2.3,9.8],"rotation":180,"texture":"#0"},"east":{"uv":[1.5,8,2.3,9.8],"rotation":180,"texture":"#0"},"south":{"uv":[1.5,8,2.3,9.8],"rotation":180,"texture":"#0"},"west":{"uv":[1.5,8,2.3,9.8],"rotation":180,"texture":"#0"},"up":{"uv":[1.5,8,2.3,8.8],"rotation":180,"texture":"#0"},"down":{"uv":[1.5,8,2.3,8.8],"rotation":180,"texture":"#0"}}},{"from":[7.9574,4.93968,5.53755],"to":[8.1574,6.13968,5.73755],"rotation":{"angle":-22.5,"axis":"y","origin":[8.0574,6.77301,5.63755]},"faces":{"north":{"uv":[1.5,8,1.9,9.4],"rotation":180,"texture":"#0"},"east":{"uv":[1.5,8,1.9,9.4],"rotation":180,"texture":"#0"},"south":{"uv":[1.5,8,1.9,9.4],"rotation":180,"texture":"#0"},"west":{"uv":[1.5,8,1.9,9.4],"rotation":180,"texture":"#0"},"up":{"uv":[1.5,8,1.9,8.4],"rotation":180,"texture":"#0"},"down":{"uv":[1.5,8,1.9,8.4],"rotation":180,"texture":"#0"}}},{"from":[7.43976,4.86142,3.09618],"to":[8.63976,9.06142,4.29618],"rotation":{"angle":0,"axis":"x","origin":[8.03976,4.62809,3.69618]},"faces":{"north":{"uv":[2,8,9,10],"rotation":90,"texture":"#0"},"east":{"uv":[2,8,9,10],"rotation":90,"texture":"#0"},"south":{"uv":[2,8,9,10],"rotation":90,"texture":"#0"},"west":{"uv":[2,8,9,10],"rotation":90,"texture":"#0"},"up":{"uv":[2,8,9,10],"rotation":180,"texture":"#0"},"down":{"uv":[2,8,9,10],"texture":"#0"}}},{"from":[7.63976,3.06142,3.29618],"to":[8.43976,5.86142,4.09618],"rotation":{"angle":0,"axis":"x","origin":[8.03976,4.62809,3.69618]},"faces":{"north":{"uv":[2,8,9,10],"rotation":90,"texture":"#0"},"east":{"uv":[2,8,9,10],"rotation":90,"texture":"#0"},"south":{"uv":[2,8,9,10],"rotation":90,"texture":"#0"},"west":{"uv":[2,8,9,10],"rotation":90,"texture":"#0"},"up":{"uv":[2,8,9,10],"rotation":180,"texture":"#0"},"down":{"uv":[2,8,9,10],"texture":"#0"}}},{"from":[7.83976,1.26142,3.49618],"to":[8.23976,3.66142,3.89618],"rotation":{"angle":0,"axis":"x","origin":[8.03976,4.62809,3.69618]},"faces":{"north":{"uv":[2,8,9,10],"rotation":90,"texture":"#0"},"east":{"uv":[2,8,9,10],"rotation":90,"texture":"#0"},"south":{"uv":[2,8,9,10],"rotation":90,"texture":"#0"},"west":{"uv":[2,8,9,10],"rotation":90,"texture":"#0"},"up":{"uv":[2,8,9,10],"rotation":180,"texture":"#0"},"down":{"uv":[2,8,9,10],"texture":"#0"}}},{"from":[7.53976,15.26464,4.61646],"to":[8.33976,16.06464,6.41646],"rotation":{"angle":-22.5,"axis":"x","origin":[7.94174,15.98045,6.62769]},"faces":{"north":{"uv":[8.5,8.5,7.5,9.5],"texture":"#0"},"east":{"uv":[8,9.5,7,11.5],"rotation":90,"texture":"#0"},"south":{"uv":[8,10.5,7,11.5],"rotation":180,"texture":"#0"},"west":{"uv":[8,9.5,7,11.5],"rotation":270,"texture":"#0"},"up":{"uv":[8,9.5,7,11.5],"texture":"#0"},"down":{"uv":[8,9.5,7,11.5],"rotation":180,"texture":"#0"}}},{"from":[7.63976,15.36464,3.06646],"to":[8.23976,15.96464,5.66646],"rotation":{"angle":-22.5,"axis":"x","origin":[7.94174,15.98045,6.62769]},"faces":{"north":{"uv":[5.5,8,3.5,10],"rotation":270,"texture":"#0"},"east":{"uv":[4.5,8,3.5,11],"rotation":90,"texture":"#0"},"south":{"uv":[4.5,8,3.5,11],"rotation":270,"texture":"#0"},"west":{"uv":[4.5,8,3.5,11],"rotation":270,"texture":"#0"},"up":{"uv":[4.5,8,3.5,11],"texture":"#0"},"down":{"uv":[4.5,8,3.5,11],"rotation":180,"texture":"#0"}}},{"from":[7.78976,15.51464,1.96646],"to":[8.08976,15.81464,4.26646],"rotation":{"angle":-22.5,"axis":"x","origin":[7.94174,15.98045,6.62769]},"faces":{"north":{"uv":[4.5,8,3.5,10],"rotation":270,"texture":"#0"},"east":{"uv":[4.5,8,3.5,10],"rotation":90,"texture":"#0"},"south":{"uv":[4.5,8,3.5,10],"rotation":270,"texture":"#0"},"west":{"uv":[4.5,8,3.5,10],"rotation":270,"texture":"#0"},"up":{"uv":[4.5,8,3.5,10],"texture":"#0"},"down":{"uv":[4.5,8,3.5,10],"rotation":180,"texture":"#0"}}},{"from":[7.79076,15.26564,2.21746],"to":[8.08876,16.06364,2.51546],"rotation":{"angle":-22.5,"axis":"x","origin":[7.94174,15.98045,6.62769]},"faces":{"north":{"uv":[3.9,8,4.8,8.4],"rotation":90,"texture":"#0"},"east":{"uv":[3.9,8,4.3,8.9],"rotation":180,"texture":"#0"},"south":{"uv":[3.9,8,4.8,8.4],"rotation":270,"texture":"#0"},"west":{"uv":[3.9,8,4.3,8.9],"texture":"#0"},"up":{"uv":[3.9,8,4.3,8.4],"rotation":90,"texture":"#0"},"down":{"uv":[3.9,8,4.3,8.4],"rotation":270,"texture":"#0"}}},{"from":[7.78976,12.79438,6.2868],"to":[8.08976,14.59438,6.5868],"rotation":{"angle":45,"axis":"x","origin":[7.94174,15.98045,6.62769]},"faces":{"north":{"uv":[3.9,8,5.8,8.4],"rotation":90,"texture":"#0"},"east":{"uv":[3.9,8,4.3,9.9],"rotation":180,"texture":"#0"},"south":{"uv":[3.9,8,5.8,8.4],"rotation":270,"texture":"#0"},"west":{"uv":[3.9,8,4.3,9.9],"texture":"#0"},"up":{"uv":[3.9,8,4.3,8.4],"rotation":90,"texture":"#0"},"down":{"uv":[3.9,8,4.3,8.4],"rotation":270,"texture":"#0"}}},{"from":[7.78976,15.05604,3.68332],"to":[8.08976,15.35604,5.48332],"rotation":{"angle":0,"axis":"x","origin":[7.94174,15.98045,6.62769]},"faces":{"north":{"uv":[3.9,8,4.3,8.4],"rotation":270,"texture":"#0"},"east":{"uv":[3.9,8,4.3,9.9],"rotation":270,"texture":"#0"},"south":{"uv":[3.9,8,4.3,8.4],"rotation":270,"texture":"#0"},"west":{"uv":[3.9,8,4.3,9.9],"rotation":270,"texture":"#0"},"up":{"uv":[3.9,8,5.8,8.4],"rotation":270,"texture":"#0"},"down":{"uv":[3.9,8,5.8,8.4],"rotation":270,"texture":"#0"}}},{"from":[7.78976,16.14801,1.96574],"to":[8.08976,16.44801,4.26574],"rotation":{"angle":22.5,"axis":"x","origin":[7.94174,15.98045,6.62769]},"faces":{"north":{"uv":[4.5,8,3.5,10],"rotation":270,"texture":"#0"},"east":{"uv":[4.5,8,3.5,10],"rotation":90,"texture":"#0"},"south":{"uv":[4.5,8,3.5,10],"rotation":270,"texture":"#0"},"west":{"uv":[4.5,8,3.5,10],"rotation":270,"texture":"#0"},"up":{"uv":[4.5,8,3.5,10],"texture":"#0"},"down":{"uv":[4.5,8,3.5,10],"rotation":180,"texture":"#0"}}},{"from":[7.63976,15.99801,3.06574],"to":[8.23976,16.59801,5.66574],"rotation":{"angle":22.5,"axis":"x","origin":[7.94174,15.98045,6.62769]},"faces":{"north":{"uv":[5.5,8,3.5,10],"rotation":270,"texture":"#0"},"east":{"uv":[4.5,8,3.5,11],"rotation":90,"texture":"#0"},"south":{"uv":[4.5,8,3.5,11],"rotation":270,"texture":"#0"},"west":{"uv":[4.5,8,3.5,11],"rotation":270,"texture":"#0"},"up":{"uv":[4.5,8,3.5,11],"texture":"#0"},"down":{"uv":[4.5,8,3.5,11],"rotation":180,"texture":"#0"}}},{"from":[7.53976,15.89801,4.61574],"to":[8.33976,16.69801,6.41574],"rotation":{"angle":22.5,"axis":"x","origin":[7.94174,15.98045,6.62769]},"faces":{"north":{"uv":[8.5,8.5,7.5,9.5],"texture":"#0"},"east":{"uv":[8,9.5,7,11.5],"rotation":90,"texture":"#0"},"south":{"uv":[8,10.5,7,11.5],"rotation":180,"texture":"#0"},"west":{"uv":[8,9.5,7,11.5],"rotation":270,"texture":"#0"},"up":{"uv":[8,9.5,7,11.5],"texture":"#0"},"down":{"uv":[8,9.5,7,11.5],"rotation":180,"texture":"#0"}}},{"from":[7.79076,15.89901,2.21674],"to":[8.08876,16.69701,2.51474],"rotation":{"angle":22.5,"axis":"x","origin":[7.94174,15.98045,6.62769]},"faces":{"north":{"uv":[3.9,8,4.8,8.4],"rotation":90,"texture":"#0"},"east":{"uv":[3.9,8,4.3,8.9],"rotation":180,"texture":"#0"},"south":{"uv":[3.9,8,4.8,8.4],"rotation":270,"texture":"#0"},"west":{"uv":[3.9,8,4.3,8.9],"texture":"#0"},"up":{"uv":[3.9,8,4.3,8.4],"rotation":90,"texture":"#0"},"down":{"uv":[3.9,8,4.3,8.4],"rotation":270,"texture":"#0"}}},{"from":[7.78976,16.60676,3.68332],"to":[8.08976,16.90676,5.48332],"rotation":{"angle":0,"axis":"x","origin":[7.94174,15.98045,6.62769]},"faces":{"north":{"uv":[3.9,8,4.3,8.4],"rotation":90,"texture":"#0"},"east":{"uv":[3.9,8,4.3,9.9],"rotation":90,"texture":"#0"},"south":{"uv":[3.9,8,4.3,8.4],"rotation":90,"texture":"#0"},"west":{"uv":[3.9,8,4.3,9.9],"rotation":90,"texture":"#0"},"up":{"uv":[3.9,8,5.8,8.4],"rotation":270,"texture":"#0"},"down":{"uv":[3.9,8,5.8,8.4],"rotation":270,"texture":"#0"}}},{"from":[7.78976,15.64091,3.44027],"to":[8.08976,15.94091,5.24027],"rotation":{"angle":45,"axis":"x","origin":[7.94174,15.98045,6.62769]},"faces":{"north":{"uv":[3.9,8,4.3,8.4],"rotation":270,"texture":"#0"},"east":{"uv":[3.9,8,4.3,9.9],"rotation":270,"texture":"#0"},"south":{"uv":[3.9,8,4.3,8.4],"rotation":270,"texture":"#0"},"west":{"uv":[3.9,8,4.3,9.9],"rotation":270,"texture":"#0"},"up":{"uv":[3.9,8,5.8,8.4],"rotation":270,"texture":"#0"},"down":{"uv":[3.9,8,5.8,8.4],"rotation":270,"texture":"#0"}}},{"from":[7.53976,15.26464,7.79648],"to":[8.33976,16.06464,9.59648],"rotation":{"angle":22.5,"axis":"x","origin":[7.94174,15.98045,7.58525]},"faces":{"north":{"uv":[7,10.5,8,11.5],"rotation":180,"texture":"#0"},"east":{"uv":[8,11.5,7,9.5],"rotation":90,"texture":"#0"},"south":{"uv":[7.5,8.5,8.5,9.5],"texture":"#0"},"west":{"uv":[8,11.5,7,9.5],"rotation":270,"texture":"#0"},"up":{"uv":[8,11.5,7,9.5],"texture":"#0"},"down":{"uv":[8,11.5,7,9.5],"rotation":180,"texture":"#0"}}},{"from":[7.63976,15.36464,8.54648],"to":[8.23976,15.96464,11.14648],"rotation":{"angle":22.5,"axis":"x","origin":[7.94174,15.98045,7.58525]},"faces":{"north":{"uv":[4.5,11,3.5,8],"rotation":270,"texture":"#0"},"east":{"uv":[4.5,11,3.5,8],"rotation":90,"texture":"#0"},"south":{"uv":[5.5,10,3.5,8],"rotation":270,"texture":"#0"},"west":{"uv":[4.5,11,3.5,8],"rotation":270,"texture":"#0"},"up":{"uv":[4.5,11,3.5,8],"texture":"#0"},"down":{"uv":[4.5,11,3.5,8],"rotation":180,"texture":"#0"}}},{"from":[7.78976,15.05604,8.72962],"to":[8.08976,15.35604,10.52962],"rotation":{"angle":0,"axis":"x","origin":[7.94174,15.98045,7.58525]},"faces":{"north":{"uv":[3.9,8.4,4.3,8],"rotation":270,"texture":"#0"},"east":{"uv":[3.9,9.9,4.3,8],"rotation":270,"texture":"#0"},"south":{"uv":[3.9,8.4,4.3,8],"rotation":270,"texture":"#0"},"west":{"uv":[3.9,9.9,4.3,8],"rotation":270,"texture":"#0"},"up":{"uv":[5.8,8,3.9,8.4],"rotation":270,"texture":"#0"},"down":{"uv":[5.8,8,3.9,8.4],"rotation":270,"texture":"#0"}}},{"from":[7.78976,12.79438,7.62613],"to":[8.08976,14.59438,7.92613],"rotation":{"angle":-45,"axis":"x","origin":[7.94174,15.98045,7.58525]},"faces":{"north":{"uv":[3.9,8.4,5.8,8],"rotation":270,"texture":"#0"},"east":{"uv":[4.3,8,3.9,9.9],"rotation":180,"texture":"#0"},"south":{"uv":[3.9,8.4,5.8,8],"rotation":90,"texture":"#0"},"west":{"uv":[4.3,8,3.9,9.9],"texture":"#0"},"up":{"uv":[4.3,8,3.9,8.4],"rotation":90,"texture":"#0"},"down":{"uv":[4.3,8,3.9,8.4],"rotation":270,"texture":"#0"}}},{"from":[7.79076,15.26564,11.69748],"to":[8.08876,16.06364,11.99548],"rotation":{"angle":22.5,"axis":"x","origin":[7.94174,15.98045,7.58525]},"faces":{"north":{"uv":[3.9,8.4,4.8,8],"rotation":270,"texture":"#0"},"east":{"uv":[4.3,8,3.9,8.9],"rotation":180,"texture":"#0"},"south":{"uv":[3.9,8.4,4.8,8],"rotation":90,"texture":"#0"},"west":{"uv":[4.3,8,3.9,8.9],"texture":"#0"},"up":{"uv":[4.3,8,3.9,8.4],"rotation":90,"texture":"#0"},"down":{"uv":[4.3,8,3.9,8.4],"rotation":270,"texture":"#0"}}},{"from":[7.78976,15.51464,9.94648],"to":[8.08976,15.81464,12.24648],"rotation":{"angle":22.5,"axis":"x","origin":[7.94174,15.98045,7.58525]},"faces":{"north":{"uv":[4.5,10,3.5,8],"rotation":270,"texture":"#0"},"east":{"uv":[4.5,10,3.5,8],"rotation":90,"texture":"#0"},"south":{"uv":[4.5,10,3.5,8],"rotation":270,"texture":"#0"},"west":{"uv":[4.5,10,3.5,8],"rotation":270,"texture":"#0"},"up":{"uv":[4.5,10,3.5,8],"texture":"#0"},"down":{"uv":[4.5,10,3.5,8],"rotation":180,"texture":"#0"}}},{"from":[7.53976,15.89801,7.7972],"to":[8.33976,16.69801,9.5972],"rotation":{"angle":-22.5,"axis":"x","origin":[7.94174,15.98045,7.58525]},"faces":{"north":{"uv":[7,10.5,8,11.5],"rotation":180,"texture":"#0"},"east":{"uv":[8,11.5,7,9.5],"rotation":90,"texture":"#0"},"south":{"uv":[7.5,8.5,8.5,9.5],"texture":"#0"},"west":{"uv":[8,11.5,7,9.5],"rotation":270,"texture":"#0"},"up":{"uv":[8,11.5,7,9.5],"texture":"#0"},"down":{"uv":[8,11.5,7,9.5],"rotation":180,"texture":"#0"}}},{"from":[7.78976,15.64091,8.97267],"to":[8.08976,15.94091,10.77267],"rotation":{"angle":-45,"axis":"x","origin":[7.94174,15.98045,7.58525]},"faces":{"north":{"uv":[3.9,8.4,4.3,8],"rotation":270,"texture":"#0"},"east":{"uv":[3.9,9.9,4.3,8],"rotation":270,"texture":"#0"},"south":{"uv":[3.9,8.4,4.3,8],"rotation":270,"texture":"#0"},"west":{"uv":[3.9,9.9,4.3,8],"rotation":270,"texture":"#0"},"up":{"uv":[5.8,8,3.9,8.4],"rotation":270,"texture":"#0"},"down":{"uv":[5.8,8,3.9,8.4],"rotation":270,"texture":"#0"}}},{"from":[7.63976,15.99801,8.5472],"to":[8.23976,16.59801,11.1472],"rotation":{"angle":-22.5,"axis":"x","origin":[7.94174,15.98045,7.58525]},"faces":{"north":{"uv":[4.5,11,3.5,8],"rotation":270,"texture":"#0"},"east":{"uv":[4.5,11,3.5,8],"rotation":90,"texture":"#0"},"south":{"uv":[5.5,10,3.5,8],"rotation":270,"texture":"#0"},"west":{"uv":[4.5,11,3.5,8],"rotation":270,"texture":"#0"},"up":{"uv":[4.5,11,3.5,8],"texture":"#0"},"down":{"uv":[4.5,11,3.5,8],"rotation":180,"texture":"#0"}}},{"from":[7.78976,16.60676,8.72962],"to":[8.08976,16.90676,10.52962],"rotation":{"angle":0,"axis":"x","origin":[7.94174,15.98045,7.58525]},"faces":{"north":{"uv":[3.9,8.4,4.3,8],"rotation":90,"texture":"#0"},"east":{"uv":[3.9,9.9,4.3,8],"rotation":90,"texture":"#0"},"south":{"uv":[3.9,8.4,4.3,8],"rotation":90,"texture":"#0"},"west":{"uv":[3.9,9.9,4.3,8],"rotation":90,"texture":"#0"},"up":{"uv":[5.8,8,3.9,8.4],"rotation":270,"texture":"#0"},"down":{"uv":[5.8,8,3.9,8.4],"rotation":270,"texture":"#0"}}},{"from":[7.78976,16.14801,9.9472],"to":[8.08976,16.44801,12.2472],"rotation":{"angle":-22.5,"axis":"x","origin":[7.94174,15.98045,7.58525]},"faces":{"north":{"uv":[4.5,10,3.5,8],"rotation":270,"texture":"#0"},"east":{"uv":[4.5,10,3.5,8],"rotation":90,"texture":"#0"},"south":{"uv":[4.5,10,3.5,8],"rotation":270,"texture":"#0"},"west":{"uv":[4.5,10,3.5,8],"rotation":270,"texture":"#0"},"up":{"uv":[4.5,10,3.5,8],"texture":"#0"},"down":{"uv":[4.5,10,3.5,8],"rotation":180,"texture":"#0"}}},{"from":[7.79076,15.89901,11.6982],"to":[8.08876,16.69701,11.9962],"rotation":{"angle":-22.5,"axis":"x","origin":[7.94174,15.98045,7.58525]},"faces":{"north":{"uv":[3.9,8.4,4.8,8],"rotation":270,"texture":"#0"},"east":{"uv":[4.3,8,3.9,8.9],"rotation":180,"texture":"#0"},"south":{"uv":[3.9,8.4,4.8,8],"rotation":90,"texture":"#0"},"west":{"uv":[4.3,8,3.9,8.9],"texture":"#0"},"up":{"uv":[4.3,8,3.9,8.4],"rotation":90,"texture":"#0"},"down":{"uv":[4.3,8,3.9,8.4],"rotation":270,"texture":"#0"}}},{"from":[7.78976,17.92116,6.23348],"to":[8.08976,19.72116,6.53348],"rotation":{"angle":22.5,"axis":"x","origin":[7.94174,15.98045,6.62769]},"faces":{"north":{"uv":[3.9,8,5.8,8.4],"rotation":90,"texture":"#0"},"east":{"uv":[3.9,8,4.3,9.9],"rotation":180,"texture":"#0"},"south":{"uv":[3.9,8,5.8,8.4],"rotation":270,"texture":"#0"},"west":{"uv":[3.9,8,4.3,9.9],"texture":"#0"},"up":{"uv":[3.9,8,4.3,8.4],"rotation":90,"texture":"#0"},"down":{"uv":[3.9,8,4.3,8.4],"rotation":270,"texture":"#0"}}},{"from":[7.78976,17.55471,7.60658],"to":[8.08976,19.35471,7.90658],"rotation":{"angle":-22.5,"axis":"x","origin":[7.94174,15.98045,6.62769]},"faces":{"north":{"uv":[3.9,8,5.8,8.4],"rotation":90,"texture":"#0"},"east":{"uv":[3.9,8,4.3,9.9],"texture":"#0"},"south":{"uv":[3.9,8,5.8,8.4],"rotation":270,"texture":"#0"},"west":{"uv":[3.9,8,4.3,9.9],"rotation":180,"texture":"#0"},"up":{"uv":[3.9,8,4.3,8.4],"rotation":270,"texture":"#0"},"down":{"uv":[3.9,8,4.3,8.4],"rotation":90,"texture":"#0"}}},{"from":[7.79076,20.6255,6.70747],"to":[8.08876,20.9235,7.50547],"rotation":{"angle":0,"axis":"x","origin":[7.94174,15.98045,6.62769]},"faces":{"north":{"uv":[3.9,8,4.3,8.4],"rotation":90,"texture":"#0"},"east":{"uv":[3.9,8,4.3,8.9],"rotation":90,"texture":"#0"},"south":{"uv":[3.9,8,4.3,8.4],"rotation":90,"texture":"#0"},"west":{"uv":[3.9,8,4.3,8.9],"rotation":90,"texture":"#0"},"up":{"uv":[3.9,8,4.8,8.4],"rotation":270,"texture":"#0"},"down":{"uv":[3.9,8,4.8,8.4],"rotation":270,"texture":"#0"}}},{"from":[7.78976,18.8745,6.95647],"to":[8.08976,21.1745,7.25647],"rotation":{"angle":0,"axis":"x","origin":[7.94174,15.98045,6.62769]},"faces":{"north":{"uv":[4.5,8,3.5,10],"texture":"#0"},"east":{"uv":[4.5,8,3.5,10],"texture":"#0"},"south":{"uv":[4.5,8,3.5,10],"texture":"#0"},"west":{"uv":[4.5,8,3.5,10],"texture":"#0"},"up":{"uv":[4.5,8,3.5,10],"rotation":90,"texture":"#0"},"down":{"uv":[4.5,8,3.5,10],"rotation":270,"texture":"#0"}}},{"from":[7.63976,17.4745,6.80647],"to":[8.23976,20.0745,7.40647],"rotation":{"angle":0,"axis":"x","origin":[7.94174,15.98045,6.62769]},"faces":{"north":{"uv":[4.5,8,3.5,11],"texture":"#0"},"east":{"uv":[4.5,8,3.5,11],"texture":"#0"},"south":{"uv":[4.5,8,3.5,11],"texture":"#0"},"west":{"uv":[4.5,8,3.5,11],"texture":"#0"},"up":{"uv":[5.5,8,3.5,10],"rotation":90,"texture":"#0"},"down":{"uv":[4.5,8,3.5,11],"rotation":270,"texture":"#0"}}},{"from":[7.53976,16.7245,6.70647],"to":[8.33976,18.5245,7.50647],"rotation":{"angle":0,"axis":"x","origin":[7.94174,15.98045,6.62769]},"faces":{"north":{"uv":[8,9.5,7,11.5],"texture":"#0"},"east":{"uv":[8,9.5,7,11.5],"texture":"#0"},"south":{"uv":[8,9.5,7,11.5],"texture":"#0"},"west":{"uv":[8,9.5,7,11.5],"texture":"#0"},"up":{"uv":[8.5,8.5,7.5,9.5],"rotation":180,"texture":"#0"},"down":{"uv":[8,10.5,7,11.5],"rotation":180,"texture":"#0"}}},{"from":[7.53976,13.4383,6.70647],"to":[8.33976,15.2383,7.50647],"rotation":{"angle":0,"axis":"x","origin":[7.94174,15.98045,6.62769]},"faces":{"north":{"uv":[8,9.5,7,11.5],"rotation":180,"texture":"#0"},"east":{"uv":[8,9.5,7,11.5],"rotation":180,"texture":"#0"},"south":{"uv":[8,9.5,7,11.5],"rotation":180,"texture":"#0"},"west":{"uv":[8,9.5,7,11.5],"rotation":180,"texture":"#0"},"up":{"uv":[8,10.5,7,11.5],"rotation":180,"texture":"#0"},"down":{"uv":[8.5,8.5,7.5,9.5],"rotation":180,"texture":"#0"}}},{"from":[7.63976,11.8883,6.80647],"to":[8.23976,14.4883,7.40647],"rotation":{"angle":0,"axis":"x","origin":[7.94174,15.98045,6.62769]},"faces":{"north":{"uv":[4.5,8,3.5,11],"rotation":180,"texture":"#0"},"east":{"uv":[4.5,8,3.5,11],"rotation":180,"texture":"#0"},"south":{"uv":[4.5,8,3.5,11],"rotation":180,"texture":"#0"},"west":{"uv":[4.5,8,3.5,11],"rotation":180,"texture":"#0"},"up":{"uv":[4.5,8,3.5,11],"rotation":270,"texture":"#0"},"down":{"uv":[5.5,8,3.5,10],"rotation":90,"texture":"#0"}}},{"from":[7.78976,10.7883,6.95647],"to":[8.08976,13.0883,7.25647],"rotation":{"angle":0,"axis":"x","origin":[7.94174,15.98045,6.62769]},"faces":{"north":{"uv":[4.5,8,3.5,10],"rotation":180,"texture":"#0"},"east":{"uv":[4.5,8,3.5,10],"rotation":180,"texture":"#0"},"south":{"uv":[4.5,8,3.5,10],"rotation":180,"texture":"#0"},"west":{"uv":[4.5,8,3.5,10],"rotation":180,"texture":"#0"},"up":{"uv":[4.5,8,3.5,10],"rotation":270,"texture":"#0"},"down":{"uv":[4.5,8,3.5,10],"rotation":90,"texture":"#0"}}},{"from":[7.79076,11.0393,6.70747],"to":[8.08876,11.3373,7.50547],"rotation":{"angle":0,"axis":"x","origin":[7.94174,15.98045,6.62769]},"faces":{"north":{"uv":[3.9,8,4.3,8.4],"rotation":270,"texture":"#0"},"east":{"uv":[3.9,8,4.3,8.9],"rotation":270,"texture":"#0"},"south":{"uv":[3.9,8,4.3,8.4],"rotation":270,"texture":"#0"},"west":{"uv":[3.9,8,4.3,8.9],"rotation":270,"texture":"#0"},"up":{"uv":[3.9,8,4.8,8.4],"rotation":270,"texture":"#0"},"down":{"uv":[3.9,8,4.8,8.4],"rotation":270,"texture":"#0"}}},{"from":[7.78976,12.24149,6.2342],"to":[8.08976,14.04149,6.5342],"rotation":{"angle":-22.5,"axis":"x","origin":[7.94174,15.98045,6.62769]},"faces":{"north":{"uv":[3.9,8,5.8,8.4],"rotation":90,"texture":"#0"},"east":{"uv":[3.9,8,4.3,9.9],"rotation":180,"texture":"#0"},"south":{"uv":[3.9,8,5.8,8.4],"rotation":270,"texture":"#0"},"west":{"uv":[3.9,8,4.3,9.9],"texture":"#0"},"up":{"uv":[3.9,8,4.3,8.4],"rotation":90,"texture":"#0"},"down":{"uv":[3.9,8,4.3,8.4],"rotation":270,"texture":"#0"}}},{"from":[7.78976,12.60795,7.60585],"to":[8.08976,14.40795,7.90585],"rotation":{"angle":22.5,"axis":"x","origin":[7.94174,15.98045,6.62769]},"faces":{"north":{"uv":[3.9,8,5.8,8.4],"rotation":90,"texture":"#0"},"east":{"uv":[3.9,8,4.3,9.9],"texture":"#0"},"south":{"uv":[3.9,8,5.8,8.4],"rotation":270,"texture":"#0"},"west":{"uv":[3.9,8,4.3,9.9],"rotation":180,"texture":"#0"},"up":{"uv":[3.9,8,4.3,8.4],"rotation":270,"texture":"#0"},"down":{"uv":[3.9,8,4.3,8.4],"rotation":90,"texture":"#0"}}},{"from":[8,12.45,3.6],"to":[8.01,19.45,10.6],"rotation":{"angle":0,"axis":"y","origin":[7.94174,15.98045,6.62769]},"faces":{"north":{"uv":[0,0,0.01,11],"texture":"#1"},"east":{"uv":[0,0,16,16],"texture":"#1"},"south":{"uv":[0,0,0.01,11],"texture":"#1"},"west":{"uv":[16,0,0,16],"texture":"#1"},"up":{"uv":[0,0,0.01,11],"rotation":180,"texture":"#1"},"down":{"uv":[0,0,0.01,11],"rotation":180,"texture":"#1"}}}],"display":{"thirdperson_righthand":{"translation":[-0.25,4.25,1]},"thirdperson_lefthand":{"translation":[-0.25,4.25,1]},"firstperson_righthand":{"rotation":[-14,10,0],"translation":[1,1.25,0.75],"scale":[0.94,0.94,0.94]},"firstperson_lefthand":{"rotation":[-14,10,0],"translation":[1,1.25,0.75],"scale":[0.94,0.94,0.94]},"gui":{"rotation":[90,-132,100],"translation":[-0.75,0.25,0],"scale":[0.77,0.77,0.77]}}}