{"credit":"tatum","texture_size":[128,128],"textures":{"0":"gardenplus:plantes/bus_stop","particle":"gardenplus:plantes/bus_stop"},"elements":[{"from":[-15,24,14],"to":[31,26,16],"faces":{"north":{"uv":[1.5,5.75,7.25,6],"texture":"#0"},"east":{"uv":[9.5,6.25,9.75,6.5],"texture":"#0"},"south":{"uv":[1.5,6,7.25,6.25],"texture":"#0"},"west":{"uv":[9.5,6.5,9.75,6.75],"texture":"#0"},"up":{"uv":[7.25,6.5,1.5,6.25],"texture":"#0"},"down":{"uv":[7.25,6.5,1.5,6.75],"texture":"#0"}}},{"from":[-15,21.78002,-7.16059],"to":[31,23.78002,-5.16059],"rotation":{"angle":-22.5,"axis":"x","origin":[8,22.78002,-5.16059]},"faces":{"north":{"uv":[1.5,6.75,7.25,7],"texture":"#0"},"east":{"uv":[1,9.75,1.25,10],"texture":"#0"},"south":{"uv":[6.875,3.75,12.625,4],"texture":"#0"},"west":{"uv":[1.25,9.75,1.5,10],"texture":"#0"},"up":{"uv":[12.625,4.25,6.875,4],"texture":"#0"},"down":{"uv":[12.625,4.25,6.875,4.5],"texture":"#0"}}},{"from":[28.99,23.99,-0.01],"to":[31.01,26.01,14.01],"faces":{"north":{"uv":[8.75,9.5,9,9.75],"texture":"#0"},"east":{"uv":[7.75,6.25,9.5,6.5],"texture":"#0"},"south":{"uv":[9,9.5,9.25,9.75],"texture":"#0"},"west":{"uv":[7.75,6.5,9.5,6.75],"texture":"#0"},"up":{"uv":[1,9.5,0.75,7.75],"texture":"#0"},"down":{"uv":[1.25,7.75,1,9.5],"texture":"#0"}}},{"from":[-13,25.84467,0.48097],"to":[29,25.84467,14.48097],"rotation":{"angle":0,"axis":"y","origin":[-1.25,0.34467,0.48097]},"faces":{"north":{"uv":[6.875,4.5,12.25,4.75],"texture":"#0"},"east":{"uv":[5.75,8,7.5,8.25],"texture":"#0"},"south":{"uv":[6.875,4.75,12.25,5],"texture":"#0"},"west":{"uv":[8,7.25,9.75,7.5],"texture":"#0"},"up":{"uv":[5.25,5.75,0,4],"texture":"#0"},"down":{"uv":[5.25,4,0,5.75],"texture":"#0"}}},{"from":[-13,23.22305,-5.69879],"to":[29,23.22305,1.30121],"rotation":{"angle":-22.5,"axis":"x","origin":[8.25,22.47305,-5.69879]},"faces":{"north":{"uv":[6.875,5,12.25,5.25],"texture":"#0"},"east":{"uv":[5.75,8.25,6.75,8.5],"texture":"#0"},"south":{"uv":[6.875,5.25,12.25,5.5],"texture":"#0"},"west":{"uv":[8.25,7.5,9.25,7.75],"texture":"#0"},"up":{"uv":[10.5,2.625,5.25,1.75],"texture":"#0"},"down":{"uv":[10.5,1.75,5.25,2.625],"texture":"#0"}}},{"from":[-15.01,23.99,-0.01],"to":[-12.99,26.01,14.01],"faces":{"north":{"uv":[9.5,6.75,9.75,7],"texture":"#0"},"east":{"uv":[5.5,7,7.25,7.25],"texture":"#0"},"south":{"uv":[9.5,7,9.75,7.25],"texture":"#0"},"west":{"uv":[5.5,7.25,7.25,7.5],"texture":"#0"},"up":{"uv":[7.5,7.5,7.25,5.75],"texture":"#0"},"down":{"uv":[5.75,7.5,5.5,9.25],"texture":"#0"}}},{"from":[29,21.39734,-5.08447],"to":[31,23.39734,0.91553],"rotation":{"angle":-22.5,"axis":"x","origin":[8.4,22.39734,-6.08447]},"faces":{"north":{"uv":[9.5,9.625,9.75,9.875],"texture":"#0"},"east":{"uv":[9,8,9.75,8.25],"texture":"#0"},"south":{"uv":[0.75,9.75,1,10],"texture":"#0"},"west":{"uv":[9,8.25,9.75,8.5],"texture":"#0"},"up":{"uv":[8,9.75,7.75,9],"texture":"#0"},"down":{"uv":[9.25,8.75,9,9.5],"texture":"#0"}}},{"from":[-15,21.39734,-5.08447],"to":[-13,23.39734,0.91553],"rotation":{"angle":-22.5,"axis":"x","origin":[8.4,22.39734,-6.08447]},"faces":{"north":{"uv":[6,9.625,6.25,9.875],"texture":"#0"},"east":{"uv":[8.25,7.75,9,8],"texture":"#0"},"south":{"uv":[6.25,9.625,6.5,9.875],"texture":"#0"},"west":{"uv":[8.25,8,9,8.25],"texture":"#0"},"up":{"uv":[7.25,9,7,8.25],"texture":"#0"},"down":{"uv":[7.5,8.25,7.25,9],"texture":"#0"}}},{"from":[28.5,0,-0.5],"to":[31.5,1,2.5],"faces":{"north":{"uv":[9.75,6.125,10.125,6.25],"texture":"#0"},"east":{"uv":[9.75,6.25,10.125,6.375],"texture":"#0"},"south":{"uv":[9.75,6.375,10.125,6.5],"texture":"#0"},"west":{"uv":[9.75,6.5,10.125,6.625],"texture":"#0"},"up":{"uv":[6.625,9.625,6.25,9.25],"texture":"#0"},"down":{"uv":[9.625,8.5,9.25,8.875],"texture":"#0"}}},{"from":[29,1,0],"to":[31,24,2],"faces":{"north":{"uv":[2.5,7,2.75,9.875],"texture":"#0"},"east":{"uv":[2.75,7,3,9.875],"texture":"#0"},"south":{"uv":[3,7,3.25,9.875],"texture":"#0"},"west":{"uv":[3.25,7,3.5,9.875],"texture":"#0"},"up":{"uv":[8.5,9.5,8.25,9.25],"texture":"#0"},"down":{"uv":[1,9.5,0.75,9.75],"texture":"#0"}}},{"from":[30,4,2],"to":[30,20,14],"faces":{"north":{"uv":[7.5,7.75,7.625,9.75],"texture":"#0"},"east":{"uv":[5.375,3.75,6.875,5.75],"texture":"#0"},"south":{"uv":[7.625,7.75,7.75,9.75],"texture":"#0"},"west":{"uv":[0,5.75,1.5,7.75],"texture":"#0"},"up":{"uv":[6.875,9.75,6.75,8.25],"texture":"#0"},"down":{"uv":[7,8.25,6.875,9.75],"texture":"#0"}}},{"from":[-13,4,15.25],"to":[29,20,15.25],"faces":{"north":{"uv":[0,0,5.25,2],"texture":"#0"},"east":{"uv":[8,7.5,8.125,9.5],"texture":"#0"},"south":{"uv":[0,2,5.25,4],"texture":"#0"},"west":{"uv":[8.125,7.5,8.25,9.5],"texture":"#0"},"up":{"uv":[12.125,5.625,6.875,5.5],"texture":"#0"},"down":{"uv":[12.125,5.625,6.875,5.75],"texture":"#0"}}},{"from":[-15,1,0],"to":[-13,24,2],"faces":{"north":{"uv":[3.5,7,3.75,9.875],"texture":"#0"},"east":{"uv":[3.75,7,4,9.875],"texture":"#0"},"south":{"uv":[4,7,4.25,9.875],"texture":"#0"},"west":{"uv":[4.25,7,4.5,9.875],"texture":"#0"},"up":{"uv":[1.25,9.75,1,9.5],"texture":"#0"},"down":{"uv":[1.5,9.5,1.25,9.75],"texture":"#0"}}},{"from":[-15.5,0,-0.5],"to":[-12.5,1,2.5],"faces":{"north":{"uv":[9.75,6.625,10.125,6.75],"texture":"#0"},"east":{"uv":[6.75,9.75,7.125,9.875],"texture":"#0"},"south":{"uv":[9.75,6.75,10.125,6.875],"texture":"#0"},"west":{"uv":[9.75,6.875,10.125,7],"texture":"#0"},"up":{"uv":[9.625,9.25,9.25,8.875],"texture":"#0"},"down":{"uv":[9.625,9.25,9.25,9.625],"texture":"#0"}}},{"from":[-15,1,14],"to":[-13,24,16],"rotation":{"angle":0,"axis":"y","origin":[0,0,16]},"faces":{"north":{"uv":[4.25,7,4,9.875],"texture":"#0"},"east":{"uv":[4,7,3.75,9.875],"texture":"#0"},"south":{"uv":[3.75,7,3.5,9.875],"texture":"#0"},"west":{"uv":[4.5,7,4.25,9.875],"texture":"#0"},"up":{"uv":[1.25,9.5,1,9.75],"texture":"#0"},"down":{"uv":[1.5,9.75,1.25,9.5],"texture":"#0"}}},{"from":[-15.5,0,13.5],"to":[-12.5,1,16.5],"rotation":{"angle":0,"axis":"y","origin":[0,0,16]},"faces":{"north":{"uv":[10.125,6.75,9.75,6.875],"texture":"#0"},"east":{"uv":[7.125,9.75,6.75,9.875],"texture":"#0"},"south":{"uv":[10.125,6.625,9.75,6.75],"texture":"#0"},"west":{"uv":[10.125,6.875,9.75,7],"texture":"#0"},"up":{"uv":[9.625,8.875,9.25,9.25],"texture":"#0"},"down":{"uv":[9.625,9.625,9.25,9.25],"texture":"#0"}}},{"from":[29,1,14],"to":[31,24,16],"rotation":{"angle":0,"axis":"y","origin":[0,0,16]},"faces":{"north":{"uv":[3.25,7,3,9.875],"texture":"#0"},"east":{"uv":[3,7,2.75,9.875],"texture":"#0"},"south":{"uv":[2.75,7,2.5,9.875],"texture":"#0"},"west":{"uv":[3.5,7,3.25,9.875],"texture":"#0"},"up":{"uv":[8.5,9.25,8.25,9.5],"texture":"#0"},"down":{"uv":[1,9.75,0.75,9.5],"texture":"#0"}}},{"from":[28.5,0,13.5],"to":[31.5,1,16.5],"rotation":{"angle":0,"axis":"y","origin":[0,0,16]},"faces":{"north":{"uv":[10.125,6.375,9.75,6.5],"texture":"#0"},"east":{"uv":[10.125,6.25,9.75,6.375],"texture":"#0"},"south":{"uv":[10.125,6.125,9.75,6.25],"texture":"#0"},"west":{"uv":[10.125,6.5,9.75,6.625],"texture":"#0"},"up":{"uv":[6.625,9.25,6.25,9.625],"texture":"#0"},"down":{"uv":[9.625,8.875,9.25,8.5],"texture":"#0"}}}],"display":{"thirdperson_righthand":{"scale":[3,3,3]},"gui":{"translation":[0.5,-1.5,0],"scale":[0.21289,0.29883,0.84961]},"head":{"translation":[0,-20,0],"scale":[3.2,3.2,3.2]}}}