{"credit":"Tom","parent":"custom/block-parent","texture_size":[64,64],"textures":{"0":"gardenplus:plantes/cash_register","particle":"gardenplus:plantes/cash_register"},"elements":[{"from":[1,0,2],"to":[15,3,14],"rotation":{"angle":0,"axis":"y","origin":[0,1,0]},"faces":{"north":{"uv":[0,9.5,3.5,10.25],"texture":"#0"},"east":{"uv":[0,11,3,11.75],"texture":"#0"},"south":{"uv":[0,10.25,3.5,11],"texture":"#0"},"west":{"uv":[0,11,3,11.75],"texture":"#0"},"up":{"uv":[3.5,9.5,0,6.5],"texture":"#0"},"down":{"uv":[3.5,6.5,0,9.5],"texture":"#0"}}},{"from":[5.01,3.46612,6.68402],"to":[15.01,12.46612,7.68402],"rotation":{"angle":22.5,"axis":"x","origin":[8,8.96612,7.18402]},"faces":{"north":{"uv":[3.5,6.5,6,8.75],"texture":"#0"},"east":{"uv":[3.5,6.5,3.75,8.75],"texture":"#0"},"south":{"uv":[3.5,8.75,6,11],"texture":"#0"},"west":{"uv":[5.75,6.5,6,8.75],"texture":"#0"},"up":{"uv":[6,6.75,3.5,6.5],"texture":"#0"},"down":{"uv":[6,8.5,3.5,8.75],"texture":"#0"}}},{"from":[5.5,3,5.75],"to":[14.5,6.75,6.75],"faces":{"north":{"uv":[0.5,6.5,2.75,7.4375],"texture":"#0"},"east":{"uv":[0.5,6.5,0.75,7.4375],"texture":"#0"},"south":{"uv":[0.5,6.5,2.75,7.4375],"texture":"#0"},"west":{"uv":[0.5,6.5,0.75,7.4375],"texture":"#0"},"up":{"uv":[0.5,6.5,2.75,6.75],"texture":"#0"},"down":{"uv":[0.5,6.5,2.75,6.75],"texture":"#0"}}},{"from":[5.5,3,12.25],"to":[14.5,6.75,13.25],"rotation":{"angle":0,"axis":"y","origin":[0,0,19]},"faces":{"north":{"uv":[2.75,6.5,0.5,7.4375],"texture":"#0"},"east":{"uv":[0.75,6.5,0.5,7.4375],"texture":"#0"},"south":{"uv":[2.75,6.5,0.5,7.4375],"texture":"#0"},"west":{"uv":[0.75,6.5,0.5,7.4375],"texture":"#0"},"up":{"uv":[0.5,6.75,2.75,6.5],"texture":"#0"},"down":{"uv":[0.5,6.75,2.75,6.5],"texture":"#0"}}},{"from":[5.01,3.46612,11.31598],"to":[15.01,12.46612,12.31598],"rotation":{"angle":-22.5,"axis":"x","origin":[8,8.96612,11.81598]},"faces":{"north":{"uv":[6,8.75,3.5,11],"texture":"#0"},"east":{"uv":[7,6.5,6.75,8.75],"texture":"#0"},"south":{"uv":[6.75,6.5,9.25,8.75],"texture":"#0"},"west":{"uv":[9.25,6.5,9,8.75],"texture":"#0"},"up":{"uv":[9.25,6.5,6.75,6.75],"texture":"#0"},"down":{"uv":[9.25,8.75,6.75,8.5],"texture":"#0"}}},{"from":[1.5,3,6],"to":[4.5,6,9],"faces":{"north":{"uv":[6,8,6.75,8.75],"texture":"#0"},"east":{"uv":[6,6.5,6.75,7.25],"texture":"#0"},"south":{"uv":[6,8,6.75,8.75],"texture":"#0"},"west":{"uv":[6,6.5,6.75,7.25],"texture":"#0"},"up":{"uv":[6,7.25,6.75,8],"texture":"#0"},"down":{"uv":[6,6.5,6.75,7.25],"texture":"#0"}}}],"display":{"head":{"translation":[0,-31,0],"scale":[1.5,1.5,1.5]},"fixed":{"rotation":[-89,0,0],"translation":[-0.25,-1,-18.25],"scale":[2.10156,2.24219,2.49414]}}}