{"credit":"MadewithBlockbench","texture_size":[64,64],"textures":{"0":"zenavia:road/barrier","particle":"zenavia:road/barrier"},"elements":[{"from":[-3,0,2],"to":[0,1,14],"faces":{"north":{"uv":[5,4,5.75,4.25],"texture":"#0"},"east":{"uv":[4.5,2,7.5,2.25],"texture":"#0"},"south":{"uv":[5,4.25,5.75,4.5],"texture":"#0"},"west":{"uv":[4.5,2.25,7.5,2.5],"texture":"#0"},"up":{"uv":[0.75,4.5,0,1.5],"texture":"#0"},"down":{"uv":[1.5,1.5,0.75,4.5],"texture":"#0"}}},{"from":[-2.5,1,7.5],"to":[-0.5,18,8.5],"faces":{"north":{"uv":[3,1.5,3.5,5.75],"texture":"#0"},"east":{"uv":[0.5,4.5,0.75,8.75],"texture":"#0"},"south":{"uv":[3.5,1.5,4,5.75],"texture":"#0"},"west":{"uv":[0.75,4.5,1,8.75],"texture":"#0"},"up":{"uv":[5.5,5,5,4.75],"texture":"#0"},"down":{"uv":[5.5,5.25,5,5.5],"texture":"#0"}}},{"from":[-2.5,18,7],"to":[-0.5,20,9],"faces":{"north":{"uv":[1.5,4.5,2,5],"texture":"#0"},"east":{"uv":[2,4.5,2.5,5],"texture":"#0"},"south":{"uv":[2.5,4.5,3,5],"texture":"#0"},"west":{"uv":[4.5,3,5,3.5],"texture":"#0"},"up":{"uv":[5,4,4.5,3.5],"texture":"#0"},"down":{"uv":[5,4,4.5,4.5],"texture":"#0"}}},{"from":[16.5,18,7],"to":[18.5,20,9],"faces":{"north":{"uv":[4.5,4.5,5,5],"texture":"#0"},"east":{"uv":[1.5,5,2,5.5],"texture":"#0"},"south":{"uv":[2,5,2.5,5.5],"texture":"#0"},"west":{"uv":[2.5,5,3,5.5],"texture":"#0"},"up":{"uv":[5.5,3.5,5,3],"texture":"#0"},"down":{"uv":[5.5,3.5,5,4],"texture":"#0"}}},{"from":[16.5,1,7.5],"to":[18.5,18,8.5],"faces":{"north":{"uv":[4,1.5,4.5,5.75],"texture":"#0"},"east":{"uv":[1,4.5,1.25,8.75],"texture":"#0"},"south":{"uv":[0,4.5,0.5,8.75],"texture":"#0"},"west":{"uv":[1.25,4.5,1.5,8.75],"texture":"#0"},"up":{"uv":[5.75,5.25,5.25,5],"texture":"#0"},"down":{"uv":[2,5.5,1.5,5.75],"texture":"#0"}}},{"from":[16,0,2],"to":[19,1,14],"faces":{"north":{"uv":[4.5,5,5.25,5.25],"texture":"#0"},"east":{"uv":[4.5,2.5,7.5,2.75],"texture":"#0"},"south":{"uv":[5,4.5,5.75,4.75],"texture":"#0"},"west":{"uv":[4.5,2.75,7.5,3],"texture":"#0"},"up":{"uv":[2.25,4.5,1.5,1.5],"texture":"#0"},"down":{"uv":[3,1.5,2.25,4.5],"texture":"#0"}}},{"from":[-5,3,7],"to":[21,6,8],"faces":{"north":{"uv":[0,0,6.5,0.75],"texture":"#0"},"east":{"uv":[4.5,5.25,4.75,6],"texture":"#0"},"south":{"uv":[0,0.75,6.5,1.5],"texture":"#0"},"west":{"uv":[4.75,5.25,5,6],"texture":"#0"},"up":{"uv":[11,1.75,4.5,1.5],"texture":"#0"},"down":{"uv":[11,1.75,4.5,2],"texture":"#0"}}},{"from":[-5,8.5,7],"to":[21,11.5,8],"faces":{"north":{"uv":[0,0,6.5,0.75],"texture":"#0"},"east":{"uv":[4.5,5.25,4.75,6],"texture":"#0"},"south":{"uv":[0,0.75,6.5,1.5],"texture":"#0"},"west":{"uv":[4.75,5.25,5,6],"texture":"#0"},"up":{"uv":[11,1.75,4.5,1.5],"texture":"#0"},"down":{"uv":[11,1.75,4.5,2],"texture":"#0"}}},{"from":[-5,14,7],"to":[21,17,8],"faces":{"north":{"uv":[0,0,6.5,0.75],"texture":"#0"},"east":{"uv":[4.5,5.25,4.75,6],"texture":"#0"},"south":{"uv":[0,0.75,6.5,1.5],"texture":"#0"},"west":{"uv":[4.75,5.25,5,6],"texture":"#0"},"up":{"uv":[11,1.75,4.5,1.5],"texture":"#0"},"down":{"uv":[11,1.75,4.5,2],"texture":"#0"}}}],"gui_light":"front","display":{"thirdperson_righthand":{"rotation":[75,45,0],"translation":[0,2.5,0],"scale":[0.375,0.375,0.375]},"thirdperson_lefthand":{"rotation":[75,45,0],"translation":[0,2.5,0],"scale":[0.375,0.375,0.375]},"firstperson_righthand":{"rotation":[0,45,0],"scale":[0.4,0.4,0.4]},"firstperson_lefthand":{"rotation":[0,225,0],"scale":[0.4,0.4,0.4]},"ground":{"translation":[0,3,0],"scale":[0.25,0.25,0.25]},"gui":{"rotation":[30,225,0],"scale":[0.5,0.5,0.5]},"fixed":{"rotation":[-90,0,0],"translation":[0,0,-15],"scale":[2,2,2]}}}